TermID	Name	Value	LogSize	Frequency	Uniqueness	Dispensability	Representative
GO:0000209	protein polyubiquitination	-4.244887734	5.252464661	0.440791667	0.925157761	0.31653821	null
GO:0006305	DNA alkylation	-2.232662065	4.689672839	0.120624384	0.909590968	0.85664651	209
GO:0006306	DNA methylation	-2.232662065	4.689672839	0.120624384	0.907646384	0.62010254	209
GO:0016579	protein deubiquitination	-2.131999194	2.814913181	0.001607011	0.949292724	0.50123024	209
GO:0018205	peptidyl-lysine modification	-2.286505005	4.695201396	0.122169776	0.932975663	0.5194394	209
GO:0043414	macromolecule methylation	-2.960794948	5.563524987	0.902183632	0.940089376	0.52406557	209
GO:0070646	protein modification by small protein removal	-2.203189436	4.415207136	0.064115286	0.935669624	0.64584534	209
GO:0001701	in utero embryonic development	-1.827143075	4.120935693	0.032559218	0.947059262	0.43011311	null
GO:0030326	embryonic limb morphogenesis	-1.444658872	3.680879174	0.011818429	0.947176745	0.9576286	1701
GO:0035113	embryonic appendage morphogenesis	-1.444658872	3.700617196	0.012368066	0.947279908	0.89489788	1701
GO:0042733	embryonic digit morphogenesis	-1.647158723	3.375663614	0.005851293	0.948998285	0.63038826	1701
GO:0001771	immunological synapse formation	-2.994186531	3.259832699	0.004480898	0.901601046	0.00671293	null
GO:0002285	lymphocyte activation involved in immune response	-1.742885847	3.934801342	0.021209089	0.844714133	0.87386578	1771
GO:0002287	alpha-beta T cell activation involved in immune response	-1.783452667	3.489817908	0.007611118	0.848854885	0.93905028	1771
GO:0002292	T cell differentiation involved in immune response	-1.382021616	3.537567257	0.008495959	0.841609922	0.95724571	1771
GO:0002293	alpha-beta T cell differentiation involved in immune response	-1.783452667	3.489536629	0.007606188	0.841132957	0.98660513	1771
GO:0002294	CD4-positive, alpha-beta T cell differentiation involved in immune response	-1.574820712	3.378942699	0.005895658	0.842968513	0.98660513	1771
GO:0002312	B cell activation involved in immune response	-1.338817555	3.549003262	0.008722715	0.850951688	0.89247377	1771
GO:0030098	lymphocyte differentiation	-1.930279266	4.311520762	0.050497597	0.879365137	0.92403054	1771
GO:0030217	T cell differentiation	-2.168261173	4.136530324	0.033749687	0.880218145	0.90108741	1771
GO:0035710	CD4-positive, alpha-beta T cell activation	-1.67375951	3.519696767	0.00815336	0.893720679	0.83038309	1771
GO:0042093	T-helper cell differentiation	-1.719310157	3.378942699	0.005895658	0.842908675	0.9072165	1771
GO:0042110	T cell activation	-2.133267604	4.342047446	0.054174989	0.887585248	0.86141195	1771
GO:0042113	B cell activation	-1.719310157	4.14176323	0.034158834	0.890464476	0.90073074	1771
GO:0042119	neutrophil activation	-1.301081489	3.543819805	0.008619196	0.898923203	0.74712315	1771
GO:0043312	neutrophil degranulation	-1.338811491	2.315970345	0.000507736	0.839862389	0.84912383	1771
GO:0043367	CD4-positive, alpha-beta T cell differentiation	-1.651232694	3.459392488	0.007095987	0.886127007	0.97591502	1771
GO:0046631	alpha-beta T cell activation	-2.389461094	3.834484285	0.016834175	0.892619839	0.74661626	1771
GO:0046632	alpha-beta T cell differentiation	-1.591522205	3.784117816	0.01499055	0.882415236	0.9536829	1771
GO:0072539	T-helper 17 cell differentiation	-1.523825902	3.028571253	0.002629878	0.84766774	0.96014596	1771
GO:0001816	cytokine production	-1.314599859	2.921166051	0.002053129	0.915586499	0.29230215	null
GO:0002521	leukocyte differentiation	-2.642244622	4.619833923	0.102705723	0.948708491	0.00838595	null
GO:0030099	myeloid cell differentiation	-2.444232735	4.536924409	0.084856074	0.949289715	0.90389347	2521
GO:0005975	carbohydrate metabolic process	-2.879639649	6.335775532	5.340064144	0.953095007	0.11628939	null
GO:0006066	alcohol metabolic process	-4.009217308	5.750577815	1.387868076	0.910801897	0.35348794	null
GO:0006020	inositol metabolic process	-1.753411344	4.64980201	0.110043254	0.927178363	0.68093489	6066
GO:0019751	polyol metabolic process	-1.406402472	5.33795218	0.536687312	0.916660101	0.824573	6066
GO:0046164	alcohol catabolic process	-1.67375951	5.030008388	0.264104303	0.90471544	0.73929983	6066
GO:0046165	alcohol biosynthetic process	-3.623423043	5.435312316	0.671555429	0.901217038	0.8136424	6066
GO:1901617	organic hydroxy compound biosynthetic process	-3.008330993	5.613945364	1.013247288	0.926051862	0.85137507	6066
GO:1902652	secondary alcohol metabolic process	-1.958287121	5.17431862	0.368202604	0.919422552	0.76416008	6066
GO:1902653	secondary alcohol biosynthetic process	-2.957586345	4.851716868	0.175178943	0.910838366	0.71073295	6066
GO:0006081	cellular aldehyde metabolic process	-2.207513126	5.415977744	0.642313752	0.957136073	0.09558122	null
GO:0006091	generation of precursor metabolites and energy	-6.349692477	6.008163529	2.511506147	0.95323217	0.08872803	null
GO:0006101	citrate metabolic process	-1.688722662	4.143545627	0.034299324	0.939064129	0.24831537	null
GO:0006303	double-strand break repair via nonhomologous end joining	-2.444232735	4.711950565	0.126973554	0.840094629	0.46239489	null
GO:0006304	DNA modification	-1.719310157	5.100267129	0.310480854	0.904015217	0.47414944	null
GO:0006457	protein folding	-1.805414484	5.678037384	1.174377212	0.909585011	0.39771984	null
GO:0006520	amino acid metabolic process	-1.899658857	6.338147796	5.369313216	0.953064075	0.14677746	null
GO:0006575	cellular modified amino acid metabolic process	-1.338811491	5.681792803	1.184576307	0.937606984	0.20079531	null
GO:0006694	steroid biosynthetic process	-3.282329497	5.077970774	0.294943132	0.881835416	0.22184153	null
GO:0006631	fatty acid metabolic process	-1.376192029	5.895346842	1.936945637	0.867447543	0.70856331	6694
GO:0006643	membrane lipid metabolic process	-2.159606124	5.650221044	1.101517028	0.906566538	0.6433399	6694
GO:0006644	phospholipid metabolic process	-2.289333299	5.865341498	1.807640438	0.86323572	0.68187949	6694
GO:0006650	glycerophospholipid metabolic process	-2.277052397	5.631641592	1.055386951	0.865844242	0.91101405	6694
GO:0006695	cholesterol biosynthetic process	-2.721536788	4.533708523	0.08423003	0.869139716	0.87501358	6694
GO:0008203	cholesterol metabolic process	-1.994732165	4.950739588	0.220042143	0.87114469	0.90050232	6694
GO:0008210	estrogen metabolic process	-1.358405285	4.011062695	0.02528084	0.813427882	0.72513498	6694
GO:0008299	isoprenoid biosynthetic process	-2.131999194	5.330170175	0.527156162	0.898827568	0.66841801	6694
GO:0008654	phospholipid biosynthetic process	-3.003050752	5.76011324	1.418677328	0.849857304	0.62991615	6694
GO:0016125	sterol metabolic process	-1.792417896	5.190477373	0.382160428	0.877939213	0.89798476	6694
GO:0016126	sterol biosynthetic process	-2.527248815	4.916459213	0.203341064	0.869210995	0.850864	6694
GO:0045017	glycerolipid biosynthetic process	-2.039379933	5.572373155	0.920752984	0.890021692	0.92128943	6694
GO:0046474	glycerophospholipid biosynthetic process	-2.232455151	5.527116692	0.829634005	0.855377281	0.87110344	6694
GO:0046486	glycerolipid metabolic process	-1.817468429	5.734843017	1.338484542	0.904745967	0.65796862	6694
GO:0006790	sulfur compound metabolic process	-2.66490694	6.004983061	2.493180803	0.953269412	0.11315615	null
GO:0006839	mitochondrial transport	-4.208309351	5.280364357	0.470038273	0.969705284	0.21993157	null
GO:0006913	nucleocytoplasmic transport	-4.609064893	5.366581703	0.573259127	0.935507459	0.43362232	null
GO:0006606	protein import into nucleus	-3.844663963	5.006063652	0.249936977	0.928074086	0.920228	6913
GO:0015919	peroxisomal membrane transport	-1.719310157	4.607637281	0.099861413	0.944758664	0.56546105	6913
GO:0043574	peroxisomal transport	-2.543365425	4.607637281	0.099861413	0.946456384	0.56546105	6913
GO:0051168	nuclear export	-1.476095344	5.167246424	0.362255186	0.937814952	0.95190379	6913
GO:0051169	nuclear transport	-4.651695137	5.366669454	0.57337497	0.938739933	0.66119783	6913
GO:0051170	import into nucleus	-3.583359493	5.030352756	0.264313806	0.939312039	0.92486574	6913
GO:0065002	intracellular protein transmembrane transport	-2.132985723	5.089279701	0.302724317	0.934464551	0.62267106	6913
GO:0006979	response to oxidative stress	-1.994732165	5.521610057	0.819181042	0.910453749	0.46099612	null
GO:0006984	ER-nucleus signaling pathway	-1.455527245	3.908377772	0.019957001	0.83605091	0.27998518	null
GO:0006986	response to unfolded protein	-2.131999194	4.833790743	0.168095279	0.877743055	0.40670637	null
GO:0009636	response to toxic substance	-1.338440755	5.624402774	1.03794152	0.888605031	0.5253687	6986
GO:0030968	endoplasmic reticulum unfolded protein response	-1.54812452	4.639954399	0.107576049	0.766450949	0.94255705	6986
GO:0034620	cellular response to unfolded protein	-1.567622377	4.793839258	0.153321627	0.86432874	0.9685102	6986
GO:0035966	response to topologically incorrect protein	-2.207513126	4.896542751	0.194226455	0.881140496	0.62426968	6986
GO:0035967	cellular response to topologically incorrect protein	-1.559371128	4.861420894	0.179137315	0.863039758	0.9803652	6986
GO:0036498	IRE1-mediated unfolded protein response	-1.574820712	3.773640193	0.014633162	0.792703192	0.81899872	6986
GO:0007031	peroxisome organization	-2.880375315	4.813801082	0.160533457	0.936632453	0.41391336	null
GO:0007159	leukocyte cell-cell adhesion	-2.463491807	3.685293781	0.011939201	0.993693236	0.00715988	null
GO:0007265	Ras protein signal transduction	-1.697390442	4.656596444	0.111778431	0.81511679	0.43152276	null
GO:0007249	canonical NF-kappaB signal transduction	-1.574820712	4.171609456	0.036589068	0.827554132	0.65161784	7265
GO:0007623	circadian rhythm	-1.380178282	4.61039397	0.100497316	0.996781515	0	null
GO:0032922	circadian regulation of gene expression	-1.444658872	4.394679276	0.061155133	0.866814981	0.90351263	7623
GO:0008213	protein alkylation	-1.464136732	2.372912003	0.000579214	0.95284746	0.36044381	null
GO:0008356	asymmetric cell division	-1.428887912	3.60075515	0.009826919	0.993772232	0.0070664	null
GO:0008380	RNA splicing	-3.742321425	5.596916926	0.97428714	0.888841766	0.34863174	null
GO:0000288	nuclear-transcribed mRNA catabolic process, deadenylation-dependent decay	-1.715844143	4.81225808	0.159964102	0.660956005	0.84954364	8380
GO:0000291	nuclear-transcribed mRNA catabolic process, exonucleolytic	-1.958287121	4.635192109	0.106402833	0.749427068	0.82102714	8380
GO:0000375	RNA splicing, via transesterification reactions	-2.904726012	5.509427007	0.796520221	0.888690003	0.94785347	8380
GO:0000377	RNA splicing, via transesterification reactions with bulged adenosine as nucleophile	-3.008330993	5.509159494	0.796029737	0.888551817	0.99079668	8380
GO:0000398	mRNA splicing, via spliceosome	-3.008330993	5.504449113	0.787442583	0.882974926	0.85713694	8380
GO:0000956	nuclear-transcribed mRNA catabolic process	-1.327065555	5.17729981	0.370738822	0.72669533	0.91506687	8380
GO:0006397	mRNA processing	-3.023191663	5.7024426	1.242261086	0.880319632	0.65951647	8380
GO:0006399	tRNA metabolic process	-2.966894844	5.995548327	2.439602282	0.890456277	0.55213499	8380
GO:0006402	mRNA catabolic process	-2.136511247	5.30615257	0.498794397	0.72100997	0.81674402	8380
GO:0008033	tRNA processing	-1.465925223	5.761043322	1.421718817	0.88309445	0.76344486	8380
GO:0043039	tRNA aminoacylation	-1.444776202	5.553711944	0.882026987	0.897365169	0.80648752	8380
GO:0043488	regulation of mRNA stability	-1.382021616	5.036776562	0.268252461	0.815488336	0.9464301	8380
GO:0043928	exonucleolytic catabolism of deadenylated mRNA	-1.783452667	4.275173096	0.046443099	0.686639098	0.8875655	8380
GO:0009062	fatty acid catabolic process	-2.807971707	5.397979962	0.616239266	0.864215338	0.46897312	null
GO:0006497	protein lipidation	-1.562168973	4.972859802	0.231540156	0.907177982	0.96620538	9062
GO:0006505	GPI anchor metabolic process	-2.025610323	4.992619784	0.242318465	0.876680608	0.85276205	9062
GO:0006506	GPI anchor biosynthetic process	-2.155314425	4.971864716	0.231010237	0.832603723	0.83336204	9062
GO:0006635	fatty acid beta-oxidation	-1.994732165	5.28846833	0.47889162	0.865189361	0.88355084	9062
GO:0006664	glycolipid metabolic process	-2.142389403	5.502249542	0.783464492	0.89165385	0.56730792	9062
GO:0006914	autophagy	-2.794878496	5.253010707	0.441346233	0.93683863	0.5095006	9062
GO:0008202	steroid metabolic process	-2.776198369	5.373590518	0.582585704	0.897977632	0.50016366	9062
GO:0009247	glycolipid biosynthetic process	-1.574820712	5.456346292	0.704881181	0.878781117	0.92818684	9062
GO:0016042	lipid catabolic process	-1.480340285	5.757237315	1.40931378	0.899378942	0.57787118	9062
GO:0016236	macroautophagy	-2.244743425	5.11130621	0.318474006	0.938576924	0.96635181	9062
GO:0019395	fatty acid oxidation	-2.138520492	5.320090177	0.515061682	0.88053427	0.9801573	9062
GO:0030258	lipid modification	-1.501247256	5.490290047	0.762183925	0.909827158	0.57970598	9062
GO:0034440	lipid oxidation	-2.00821524	5.337814539	0.536517245	0.91012193	0.91578023	9062
GO:0042158	lipoprotein biosynthetic process	-1.309620119	5.054306566	0.279301891	0.914727415	0.9697998	9062
GO:0044242	cellular lipid catabolic process	-2.031214785	5.623413671	1.035580299	0.886715609	0.87002476	9062
GO:0046467	membrane lipid biosynthetic process	-1.945042595	5.575619615	0.927661651	0.889449254	0.93579721	9062
GO:0072329	monocarboxylic acid catabolic process	-2.017970048	5.587708721	0.95384705	0.896934622	0.75541928	9062
GO:1903509	liposaccharide metabolic process	-2.327738619	5.612044928	1.00882308	0.904548306	0.52851703	9062
GO:0009123	nucleoside monophosphate metabolic process	-4.772113295	5.671561589	1.156995864	0.861025755	0.10248847	null
GO:0006098	pentose-phosphate shunt	-1.556568586	4.938109253	0.213734873	0.851680593	0.75121039	9123
GO:0006739	NADP metabolic process	-2.322480827	5.147280488	0.345978042	0.869491405	0.59390562	9123
GO:0009124	nucleoside monophosphate biosynthetic process	-1.746214505	5.590708117	0.960457483	0.84617495	0.94382801	9123
GO:0009126	purine nucleoside monophosphate metabolic process	-3.809668302	5.409011171	0.632092475	0.865114773	0.90336359	9123
GO:0009141	nucleoside triphosphate metabolic process	-3.621602099	5.702374523	1.242066371	0.860041137	0.67970205	9123
GO:0009144	purine nucleoside triphosphate metabolic process	-3.694648631	5.607504348	0.998330681	0.859340706	0.66332482	9123
GO:0009150	purine ribonucleotide metabolic process	-3.055024092	5.994534905	2.433916126	0.837788244	0.74207536	9123
GO:0009156	ribonucleoside monophosphate biosynthetic process	-1.438816144	5.535210545	0.84524074	0.847875323	0.94566127	9123
GO:0009161	ribonucleoside monophosphate metabolic process	-4.010550182	5.56937508	0.914418602	0.860321699	0.65696285	9123
GO:0009163	nucleoside biosynthetic process	-1.618520012	5.019909348	0.258033648	0.867151431	0.53104178	9123
GO:0009165	nucleotide biosynthetic process	-2.18507518	6.026313815	2.618692767	0.833480182	0.82298571	9123
GO:0009167	purine ribonucleoside monophosphate metabolic process	-3.8569852	5.408660484	0.631582273	0.864960452	0.90328885	9123
GO:0009199	ribonucleoside triphosphate metabolic process	-3.078313525	5.626469712	1.042893183	0.858742307	0.94523035	9123
GO:0009205	purine ribonucleoside triphosphate metabolic process	-2.986337136	5.572180129	0.920343837	0.860139186	0.96305913	9123
GO:0009259	ribonucleotide metabolic process	-3.328827157	6.054213427	2.79244216	0.839686327	0.93394899	9123
GO:0009260	ribonucleotide biosynthetic process	-1.342927244	5.869576671	1.825354526	0.832474031	0.92666974	9123
GO:0015986	proton motive force-driven ATP synthesis	-1.46841638	5.13088674	0.333161393	0.85037701	0.84062233	9123
GO:0019362	pyridine nucleotide metabolic process	-2.039379933	5.665156807	1.14005817	0.855002144	0.96738986	9123
GO:0046034	ATP metabolic process	-3.324221658	5.530821869	0.836742315	0.850644837	0.92306103	9123
GO:0046390	ribose phosphate biosynthetic process	-1.314599859	5.885832016	1.894971112	0.878818364	0.88681005	9123
GO:0046496	nicotinamide nucleotide metabolic process	-2.039379933	5.65905912	1.124163061	0.855089192	0.87114178	9123
GO:1901293	nucleoside phosphate biosynthetic process	-2.131999194	6.028142033	2.629739732	0.835186959	0.82598634	9123
GO:1901659	glycosyl compound biosynthetic process	-1.601277265	5.120307351	0.325143593	0.935722084	0.85197164	9123
GO:0009615	response to virus	-5.669586227	4.909967665	0.200324222	0.904620333	0	null
GO:0002237	response to molecule of bacterial origin	-1.438816144	4.436433003	0.067326842	0.877804443	0.81902418	9615
GO:0002250	adaptive immune response	-3.008330993	4.664867525	0.113927685	0.871865893	0.64231954	9615
GO:0002449	lymphocyte mediated immunity	-1.945042595	4.435589573	0.067196211	0.918506191	0.65615336	9615
GO:0002456	T cell mediated immunity	-1.813502853	3.677059177	0.01171491	0.879513754	0.88365504	9615
GO:0002460	adaptive immune response based on somatic recombination of immune receptors built from immunoglobulin superfamily domains	-3.324221658	4.461498527	0.071327116	0.873477395	0.71506681	9615
GO:0007584	response to nutrient	-1.67375951	4.524811392	0.082521966	0.893197048	0.77100641	9615
GO:0031663	lipopolysaccharide-mediated signaling pathway	-1.792417896	3.749581735	0.013844446	0.784281924	0.91168074	9615
GO:0031667	response to nutrient levels	-2.428719037	5.344329385	0.54462624	0.903491695	0.63103774	9615
GO:0031668	cellular response to extracellular stimulus	-1.980661507	5.40092635	0.620434254	0.885535985	0.92208399	9615
GO:0031669	cellular response to nutrient levels	-1.433800781	5.128053376	0.330994886	0.890432697	0.93287109	9615
GO:0032496	response to lipopolysaccharide	-1.783452667	4.401469471	0.062118846	0.875985414	0.97557451	9615
GO:0032869	cellular response to insulin stimulus	-1.749862674	4.586362223	0.095087211	0.874800551	0.68395865	9615
GO:0033209	tumor necrosis factor-mediated signaling pathway	-2.347849234	4.156670277	0.035351768	0.778324487	0.74451737	9615
GO:0034340	response to type I interferon	-2.192007242	3.671450554	0.011564561	0.832323724	0.66393149	9615
GO:0034341	response to type II interferon	-5.353596274	3.771807879	0.014571544	0.830158901	0.60938475	9615
GO:0034612	response to tumor necrosis factor	-2.347849234	4.351989455	0.055429542	0.884816429	0.70411432	9615
GO:0035456	response to interferon-beta	-2.937453738	3.419790586	0.006477337	0.898260692	0.62231129	9615
GO:0051607	defense response to virus	-5.105130343	4.845965762	0.172874411	0.893197671	0.7292661	9615
GO:0060333	type II interferon-mediated signaling pathway	-4.176525771	2.692846919	0.001212652	0.76379203	0.84918492	9615
GO:0060337	type I interferon-mediated signaling pathway	-1.994461814	3.56371834	0.009023414	0.738603532	0.89325982	9615
GO:0060396	growth hormone receptor signaling pathway	-1.46841638	3.780605306	0.014869777	0.793807402	0.81858475	9615
GO:0070498	interleukin-1-mediated signaling pathway	-1.792417896	3.305781151	0.00498124	0.800847159	0.92143128	9615
GO:0070555	response to interleukin-1	-1.945042595	3.807128956	0.015806379	0.893071721	0.70763885	9615
GO:0071216	cellular response to biotic stimulus	-2.076929941	4.414304688	0.06398219	0.907819786	0.66807486	9615
GO:0071219	cellular response to molecule of bacterial origin	-1.661562731	4.347193362	0.054820751	0.869958527	0.98013568	9615
GO:0071222	cellular response to lipopolysaccharide	-1.937089242	4.316955307	0.051133499	0.865727048	0.66485401	9615
GO:0071346	cellular response to type II interferon	-5.084600165	3.490239485	0.007618512	0.827273566	0.64880274	9615
GO:0071347	cellular response to interleukin-1	-1.738102621	3.661718058	0.011308228	0.883363068	0.64166066	9615
GO:0071356	cellular response to tumor necrosis factor	-1.729197087	4.332458659	0.052991914	0.872647617	0.96752499	9615
GO:0071357	cellular response to type I interferon	-1.994461814	3.566555331	0.009082568	0.825440173	0.97358666	9615
GO:0071375	cellular response to peptide hormone stimulus	-1.480340285	4.800387109	0.155650806	0.870725695	0.95776756	9615
GO:0071378	cellular response to growth hormone stimulus	-1.358405285	3.781468143	0.014899354	0.887274114	0.99604039	9615
GO:0071496	cellular response to external stimulus	-2.299629399	5.407948076	0.630547083	0.904549238	0.70143061	9615
GO:0072538	T-helper 17 type immune response	-1.314599859	3.079543007	0.002957688	0.893588855	0.76604917	9615
GO:0098586	cellular response to virus	-1.526608965	3.915083102	0.020267558	0.916813899	0.83428849	9615
GO:1990823	response to leukemia inhibitory factor	-1.413637675	3.755264891	0.014026836	0.893796778	0.6494683	9615
GO:1990830	cellular response to leukemia inhibitory factor	-1.413637675	3.748265573	0.013802545	0.883080259	0.64887756	9615
GO:0009791	post-embryonic development	-1.338811491	4.852620263	0.175543724	0.944291741	0.49915867	null
GO:0009886	post-embryonic animal morphogenesis	-1.558498762	3.50174373	0.007823085	0.952513266	0.3925703	null
GO:0010212	response to ionizing radiation	-3.054531415	4.225567713	0.041429817	0.934115915	0.20476936	null
GO:0009314	response to radiation	-1.956214049	5.122061799	0.326459765	0.925693047	0.66264767	10212
GO:0010332	response to gamma radiation	-1.579162094	3.393048466	0.006090373	0.940249586	0.65228743	10212
GO:0071479	cellular response to ionizing radiation	-1.338817555	3.828724327	0.016612349	0.926415945	0.84585797	10212
GO:0010256	endomembrane system organization	-2.972866982	5.414159118	0.63962965	0.940363668	0.34176575	null
GO:0010608	post-transcriptional regulation of gene expression	-4.034328029	5.83384805	1.681196803	0.835529628	0.2671619	null
GO:0014733	regulation of skeletal muscle adaptation	-1.719310157	2.595496222	0.000968643	0.835020327	0.49552024	null
GO:0015985	energy coupled proton transport, down electrochemical gradient	-1.46841638	5.726446008	1.312853709	0.958229254	0.30154638	null
GO:0016311	dephosphorylation	-1.380178282	5.359685634	0.564228319	0.928795801	0.4009324	null
GO:0016999	antibiotic metabolic process	-1.541501193	4.837417969	0.169505111	0.979709645	0.03865783	null
GO:0017038	protein import	-5.826813732	4.512057044	0.080133632	0.944618897	0.00822356	null
GO:0018022	peptidyl-lysine methylation	-2.500455186	1.913813852	0.000199644	0.951481525	0.33974554	null
GO:0006479	protein methylation	-1.464136732	2.372912003	0.000579214	0.949274935	0.95769886	18022
GO:0019079	viral genome replication	-1.985604181	3.984977126	0.023806925	0.994508599	0	null
GO:0019058	viral life cycle	-1.774757108	4.846219552	0.172975465	0.994201799	0.84783056	19079
GO:0019080	viral gene expression	-1.382021616	3.43806745	0.006755853	0.994746465	0.69462781	19079
GO:0019216	regulation of lipid metabolic process	-2.300607546	4.635614418	0.106506352	0.869693256	0.28953897	null
GO:0019682	glyceraldehyde-3-phosphate metabolic process	-1.596856443	5.031497334	0.265011327	0.914900344	0.48471176	null
GO:0019915	lipid storage	-2.155250404	4.343290402	0.054330267	0.961116344	0.37598272	null
GO:0022407	regulation of cell-cell adhesion	-3.402304814	4.760603402	0.142025723	0.86151172	0.16759663	null
GO:0001952	regulation of cell-matrix adhesion	-1.376192029	3.902002891	0.019666162	0.877375018	0.80532732	22407
GO:0010810	regulation of cell-substrate adhesion	-1.55887296	4.262759495	0.045134322	0.87116824	0.85224254	22407
GO:0022409	positive regulation of cell-cell adhesion	-3.36552273	4.617587396	0.102175804	0.808544589	0.94986597	22407
GO:0045785	positive regulation of cell adhesion	-3.008330993	4.733975247	0.133579058	0.806401439	0.9224297	22407
GO:0050870	positive regulation of T cell activation	-2.770402619	4.546271145	0.086702165	0.722163717	0.97711059	22407
GO:1903037	regulation of leukocyte cell-cell adhesion	-2.671460165	4.659669048	0.112572078	0.862511563	0.95756278	22407
GO:1903039	positive regulation of leukocyte cell-cell adhesion	-3.402304814	4.555046057	0.088471848	0.809933133	0.89445847	22407
GO:0030522	intracellular receptor signaling pathway	-1.879359548	4.769989929	0.14512883	0.814512432	0.31998111	null
GO:0031098	stress-activated protein kinase signaling cascade	-1.408198164	3.722962809	0.013021222	0.829104546	0.39184792	null
GO:0031293	membrane protein intracellular domain proteolysis	-1.730315473	3.508798965	0.007951252	0.951840942	0.3875272	null
GO:0031331	positive regulation of cellular catabolic process	-2.6990193	5.132118745	0.334107853	0.772178094	0.49560054	null
GO:0006417	regulation of translation	-1.944507032	5.751964655	1.392307073	0.812563529	0.77294977	31331
GO:0009895	negative regulation of catabolic process	-1.515644119	4.833586923	0.168016408	0.822047214	0.77162175	31331
GO:0009896	positive regulation of catabolic process	-1.965509794	5.362682234	0.568134932	0.772472542	0.85808811	31331
GO:0010506	regulation of autophagy	-2.472222052	4.947889345	0.218602735	0.83547766	0.86356207	31331
GO:0010507	negative regulation of autophagy	-1.349490941	4.226625679	0.041530872	0.828740523	0.88638434	31331
GO:0010819	regulation of T cell chemotaxis	-1.390155074	3.036628895	0.002679173	0.79899777	0.91563929	31331
GO:0016241	regulation of macroautophagy	-1.314599859	4.3696796	0.057734074	0.848749158	0.77618505	31331
GO:0030335	positive regulation of cell migration	-2.006463034	4.814780146	0.160895773	0.81418887	0.50014114	31331
GO:0031330	negative regulation of cellular catabolic process	-1.788129546	4.739785879	0.135378318	0.81621967	0.82993672	31331
GO:0034250	positive regulation of amide metabolic process	-1.945042595	4.767059345	0.144152793	0.806642741	0.6360335	31331
GO:0042176	regulation of protein catabolic process	-1.586488774	5.114394116	0.320746497	0.822912192	0.81521961	31331
GO:0043489	RNA stabilization	-1.386449359	4.256958153	0.04453539	0.812428547	0.93080259	31331
GO:0045727	positive regulation of translation	-1.870630986	4.740773101	0.135686411	0.78035601	0.57805982	31331
GO:0045862	positive regulation of proteolysis	-1.501247256	4.951458949	0.220406925	0.784897942	0.9477002	31331
GO:0048255	mRNA stabilization	-1.496390806	4.213225473	0.040268925	0.759321013	0.88448788	31331
GO:0061013	regulation of mRNA catabolic process	-1.574820712	5.061056457	0.283676805	0.829234515	0.88301701	31331
GO:0061136	regulation of proteasomal protein catabolic process	-1.502231232	5.005532269	0.249631349	0.82214735	0.79774564	31331
GO:2000147	positive regulation of cell motility	-1.791756594	4.864505148	0.180414051	0.812982829	0.98421194	31331
GO:2000403	positive regulation of lymphocyte migration	-1.583753165	3.592620821	0.009644528	0.781298077	0.95254319	31331
GO:2000406	positive regulation of T cell migration	-1.729616049	3.517063873	0.008104066	0.783248784	0.79560728	31331
GO:0031647	regulation of protein stability	-1.567570066	4.701550717	0.123969036	0.879968357	0.43748609	null
GO:0032535	regulation of cellular component size	-1.373153979	5.179658054	0.372757444	0.823810111	0.53284048	31647
GO:0032259	methylation	-3.505845406	6.027830532	2.627854206	0.973492084	0.04997705	null
GO:0032543	mitochondrial translation	-8.067526235	4.954792268	0.222105131	0.906196686	0.30506616	null
GO:0006414	translational elongation	-4.610833916	5.272173587	0.461256404	0.902753362	0.52032527	32543
GO:0070125	mitochondrial translational elongation	-5.826813732	3.924744352	0.020723535	0.921119603	0.78177112	32543
GO:0070126	mitochondrial translational termination	-5.826813732	3.322839273	0.005180884	0.880724987	0.71394138	32543
GO:0032606	type I interferon production	-2.748916376	0.602059991	7.39E-06	0.933720158	0.2300841	null
GO:0032608	interferon-beta production	-1.519147711	0.602059991	7.39E-06	0.933720158	0.65732953	32606
GO:0033013	tetrapyrrole metabolic process	-2.115265963	5.486801561	0.756086158	0.918148875	0.25883214	null
GO:0033014	tetrapyrrole biosynthetic process	-2.446916544	5.453067478	0.699579525	0.891837173	0.40426279	null
GO:0006778	porphyrin-containing compound metabolic process	-1.735168157	5.329753713	0.52665089	0.911515379	0.94973378	33014
GO:0006779	porphyrin-containing compound biosynthetic process	-1.945042595	5.284399148	0.474425511	0.895074913	0.94011667	33014
GO:0006783	heme biosynthetic process	-1.596856443	5.146896677	0.345672414	0.894910631	0.94729293	33014
GO:0042168	heme metabolic process	-1.729616049	5.180527283	0.37350426	0.910630843	0.95399777	33014
GO:0033108	mitochondrial respiratory chain complex assembly	-9.562249437	5.138779371	0.339271484	0.905556328	0	null
GO:0006325	chromatin organization	-1.453613464	5.734825423	1.338430317	0.919315805	0.94045196	33108
GO:0006338	chromatin remodeling	-2.317372051	5.677124947	1.171912472	0.920073587	0.6180391	33108
GO:0006415	translational termination	-5.669586227	4.79800805	0.154800471	0.852834604	0.51512902	33108
GO:0007006	mitochondrial membrane organization	-4.647817482	4.785465086	0.150393515	0.917278632	0.78035822	33108
GO:0007007	inner mitochondrial membrane organization	-2.522494565	4.623745344	0.10363493	0.913466778	0.75721867	33108
GO:0007015	actin filament organization	-1.380178282	5.294902506	0.486039367	0.924413093	0.7535413	33108
GO:0007020	microtubule nucleation	-1.314599859	4.409070438	0.063215656	0.920225809	0.93982846	33108
GO:0008154	actin polymerization or depolymerization	-1.523825902	4.675787504	0.116828684	0.931720136	0.79310609	33108
GO:0008535	respiratory chain complex IV assembly	-1.640655643	4.553846632	0.088227839	0.933497403	0.58000829	33108
GO:0010257	NADH dehydrogenase complex assembly	-5.669586227	4.89289008	0.192599726	0.929644638	0.61793684	33108
GO:0017004	cytochrome complex assembly	-2.508115786	5.051754327	0.277665303	0.927684617	0.63746937	33108
GO:0030041	actin filament polymerization	-1.714847448	4.400365273	0.061961103	0.921116159	0.56432779	33108
GO:0032981	mitochondrial respiratory chain complex I assembly	-5.669586227	4.881601465	0.187657922	0.909587041	0.79479638	33108
GO:0032984	protein-containing complex disassembly	-5.042871802	5.141387055	0.341314754	0.926202808	0.8405258	33108
GO:0035794	positive regulation of mitochondrial membrane permeability	-1.314599859	3.459844642	0.007103381	0.818118955	0.99099935	33108
GO:0040029	epigenetic regulation of gene expression	-1.667546774	4.772086889	0.145831281	0.803359989	0.77542752	33108
GO:0042407	cristae formation	-2.642244622	3.991801799	0.024184031	0.921213918	0.85397379	33108
GO:0046785	microtubule polymerization	-1.460776994	4.506721449	0.07915513	0.919001057	0.86999495	33108
GO:0046902	regulation of mitochondrial membrane permeability	-1.995930547	3.979275148	0.023496368	0.806598613	0.85235611	33108
GO:0051204	protein insertion into mitochondrial membrane	-2.471710009	4.076895194	0.029419139	0.876436224	0.86512723	33108
GO:0051258	protein polymerization	-2.522494565	4.858765713	0.178045435	0.930052156	0.61389636	33108
GO:0065004	protein-DNA complex assembly	-2.159606124	5.105629387	0.314338172	0.92469105	0.80699005	33108
GO:0071824	protein-DNA complex organization	-1.80280573	5.791543287	1.525154103	0.920947231	0.72568521	33108
GO:0097345	mitochondrial outer membrane permeabilization	-1.444658872	3.360593414	0.005651649	0.750377703	0.91166847	33108
GO:1902108	regulation of mitochondrial membrane permeability involved in apoptotic process	-1.314599859	3.433609843	0.00668684	0.805990055	0.92020196	33108
GO:1902110	positive regulation of mitochondrial membrane permeability involved in apoptotic process	-1.314599859	3.39846085	0.00616678	0.805633886	0.9914721	33108
GO:1902686	mitochondrial outer membrane permeabilization involved in programmed cell death	-1.444658872	3.415307292	0.006410789	0.805759758	0.98288895	33108
GO:1903008	organelle disassembly	-1.319182841	5.003693128	0.24857644	0.929385414	0.87461625	33108
GO:0034248	regulation of amide metabolic process	-1.945042595	5.7662812	1.438969534	0.842968494	0.38006577	null
GO:0034976	response to endoplasmic reticulum stress	-2.95590456	5.010850957	0.252707345	0.904744405	0.25390755	null
GO:0006302	double-strand break repair	-1.601277265	5.504820061	0.788115457	0.815735487	0.70745983	34976
GO:0006974	DNA damage response	-2.937453738	6.120984014	3.256528086	0.883593462	0.62190359	34976
GO:0034599	cellular response to oxidative stress	-1.85677379	5.191749943	0.383281884	0.873083475	0.65072288	34976
GO:0035264	multicellular organism growth	-1.878240092	3.559188189	0.008929754	0.955062668	0.37624259	null
GO:0042157	lipoprotein metabolic process	-2.240920626	5.084386791	0.299332834	0.938394465	0.30516245	null
GO:0042326	negative regulation of phosphorylation	-4.679853714	4.095343732	0.030695874	0.84224787	0.14035516	null
GO:0001933	negative regulation of protein phosphorylation	-4.196542884	4.027512692	0.026256877	0.829254825	0.83781298	42326
GO:0006469	negative regulation of protein kinase activity	-2.542401925	2.546542663	0.000865124	0.831788722	0.9833322	42326
GO:0033673	negative regulation of kinase activity	-3.003050752	2.57054294	0.000914419	0.839235707	0.69496387	42326
GO:0043087	regulation of GTPase activity	-2.315474914	2.746634199	0.00137286	0.882406532	0.89688351	42326
GO:0043154	negative regulation of cysteine-type endopeptidase activity involved in apoptotic process	-2.261357043	2.120573931	0.000322881	0.821754239	0.9701596	42326
GO:0043281	regulation of cysteine-type endopeptidase activity involved in apoptotic process	-2.88896814	2.546542663	0.000865124	0.858762902	0.70251913	42326
GO:0043547	positive regulation of GTPase activity	-2.065834518	2.558708571	0.000889771	0.884691996	0.89798731	42326
GO:0045736	negative regulation of cyclin-dependent protein serine/threonine kinase activity	-1.409496719	1.633468456	0.000103519	0.83193017	0.90108412	42326
GO:0051090	regulation of DNA-binding transcription factor activity	-2.542401925	2.943988875	0.002164042	0.86035295	0.72004992	42326
GO:0051348	negative regulation of transferase activity	-3.289036881	2.64246452	0.001079556	0.880427896	0.93083557	42326
GO:0071900	regulation of protein serine/threonine kinase activity	-1.688722662	2.710963119	0.001264412	0.851462667	0.91655171	42326
GO:0071901	negative regulation of protein serine/threonine kinase activity	-2.443230642	2.23299611	0.000419006	0.837210613	0.95360953	42326
GO:1904030	negative regulation of cyclin-dependent protein kinase activity	-1.314599859	1.662757832	0.000110913	0.831743764	0.91756763	42326
GO:2000116	regulation of cysteine-type endopeptidase activity	-2.879639649	2.587710965	0.00095139	0.858250029	0.97838847	42326
GO:2000117	negative regulation of cysteine-type endopeptidase activity	-2.642244622	2.161368002	0.000354923	0.841233398	0.95533054	42326
GO:0042559	pteridine-containing compound biosynthetic process	-1.556568586	5.063419684	0.285224662	0.905832293	0.42790587	null
GO:0009396	folic acid-containing compound biosynthetic process	-1.382021616	5.001608251	0.247385971	0.90694428	0.8897116	42559
GO:0043038	amino acid activation	-1.67375951	5.595543617	0.971211145	0.957695925	0.07820458	null
GO:0006541	glutamine metabolic process	-1.523825902	5.346857402	0.547805755	0.908052162	0.56240984	43038
GO:0043161	proteasome-mediated ubiquitin-dependent protein catabolic process	-4.675717545	5.455161703	0.702961149	0.911213077	0.16144257	null
GO:0006401	RNA catabolic process	-2.592929283	5.428314632	0.660821486	0.883493028	0.64722755	43161
GO:0010498	proteasomal protein catabolic process	-4.023191663	5.550986178	0.876508433	0.909400268	0.81103095	43161
GO:0043254	regulation of protein-containing complex assembly	-3.68613278	5.120998148	0.325661189	0.851961866	0.16729071	null
GO:0010639	negative regulation of organelle organization	-2.642244622	5.076498447	0.293944912	0.822878828	0.70089985	43254
GO:0010821	regulation of mitochondrion organization	-2.750883371	4.402278582	0.062234689	0.866000972	0.61789381	43254
GO:0010822	positive regulation of mitochondrion organization	-1.344221817	4.119651722	0.032463093	0.814351978	0.88639088	43254
GO:0010823	negative regulation of mitochondrion organization	-1.444658872	3.867644234	0.018170065	0.848790229	0.82189284	43254
GO:0031334	positive regulation of protein-containing complex assembly	-3.36552273	4.491781776	0.076478423	0.80738593	0.78061277	43254
GO:0032271	regulation of protein polymerization	-1.574820712	5.018650577	0.257286832	0.85349094	0.86895027	43254
GO:0033044	regulation of chromosome organization	-1.603079817	4.868162274	0.181939725	0.856405574	0.75952098	43254
GO:0071801	regulation of podosome assembly	-2.489071131	2.697229343	0.001224976	0.890050702	0.59119516	43254
GO:0071803	positive regulation of podosome assembly	-2.1667413	2.580924976	0.000936601	0.846252001	0.60495546	43254
GO:0090199	regulation of release of cytochrome c from mitochondria	-1.444776202	3.552424846	0.008791728	0.878480737	0.53762923	43254
GO:0043501	skeletal muscle adaptation	-1.314599859	2.480006943	0.000741887	0.920013749	0.27866885	null
GO:0043903	regulation of biological process involved in symbiotic interaction	-2.159606124	3.654946227	0.011133231	0.904824414	0.12248044	null
GO:0044282	small molecule catabolic process	-2.845197896	6.11868856	3.239361171	0.910741803	0.49992379	null
GO:0044772	mitotic cell cycle phase transition	-3.402304814	4.806519134	0.157864143	0.968250424	0.00868296	null
GO:0000082	G1/S transition of mitotic cell cycle	-3.614393726	4.342304221	0.05420703	0.970384415	0.9206873	44772
GO:0007052	mitotic spindle organization	-1.327065555	4.960456507	0.225020918	0.912355439	0.7715199	44772
GO:0007059	chromosome segregation	-2.217820373	5.470993765	0.729060282	0.971151223	0.67269565	44772
GO:0044843	cell cycle G1/S phase transition	-3.037157319	4.345530558	0.054611248	0.971190287	0.92117714	44772
GO:0098813	nuclear chromosome segregation	-1.411285001	5.127159892	0.330314618	0.972813028	0.7194002	44772
GO:1902850	microtubule cytoskeleton organization involved in mitosis	-1.567622377	5.050847444	0.27708609	0.910989367	0.74702838	44772
GO:0045071	negative regulation of viral genome replication	-2.347849234	3.759138816	0.014152538	0.868072987	0.3364762	null
GO:0045069	regulation of viral genome replication	-2.416457668	3.833656997	0.016802134	0.891434792	0.94490705	45071
GO:0048525	negative regulation of viral process	-2.132985723	3.868879446	0.018221824	0.866449718	0.92591093	45071
GO:1903900	regulation of viral life cycle	-1.994732165	4.00548081	0.024957959	0.889110083	0.95698078	45071
GO:1903901	negative regulation of viral life cycle	-1.926312693	3.309417226	0.00502314	0.875279462	0.91768273	45071
GO:0045333	cellular respiration	-6.395773947	5.735539819	1.340633795	0.930933597	0.10437661	null
GO:0006099	tricarboxylic acid cycle	-1.783452667	5.310716672	0.504064011	0.932618527	0.85892583	45333
GO:0006119	oxidative phosphorylation	-3.107348966	5.302854537	0.49502088	0.935990716	0.85730952	45333
GO:0006120	mitochondrial electron transport, NADH to ubiquinone	-2.459373754	4.393873404	0.061041755	0.944721843	0.82573507	45333
GO:0009060	aerobic respiration	-2.57787211	5.644065192	1.086013812	0.931786706	0.93355014	45333
GO:0015980	energy derivation by oxidation of organic compounds	-5.826813732	5.789665307	1.518573247	0.932715158	0.84517617	45333
GO:0022900	electron transport chain	-2.86244335	5.52241554	0.820701786	0.936558662	0.78811583	45333
GO:0022904	respiratory electron transport chain	-2.750883371	5.413658454	0.638892693	0.934134186	0.88066521	45333
GO:0042773	ATP synthesis coupled electron transport	-2.56534233	5.152594078	0.350237113	0.93666742	0.88972169	45333
GO:0042775	mitochondrial ATP synthesis coupled electron transport	-2.642244622	4.895676639	0.19383949	0.939531783	0.78117833	45333
GO:0045444	fat cell differentiation	-1.509504845	3.899601659	0.019557713	0.96467874	0.4792262	null
GO:0045787	positive regulation of cell cycle	-3.00656377	4.766502077	0.143967938	0.80031679	0.45554249	null
GO:0007091	metaphase/anaphase transition of mitotic cell cycle	-1.579162094	3.944383958	0.021682319	0.829299515	0.87304919	45787
GO:0010948	negative regulation of cell cycle process	-1.364654385	5.147991498	0.346544932	0.81908726	0.89519514	45787
GO:0010965	regulation of mitotic sister chromatid separation	-1.444658872	4.574633072	0.092553458	0.857423741	0.96577301	45787
GO:0033045	regulation of sister chromatid segregation	-1.776537599	4.707323154	0.125627806	0.834983602	0.81993521	45787
GO:0033047	regulation of mitotic sister chromatid segregation	-1.773151214	4.44302817	0.068357104	0.841199997	0.94481988	45787
GO:0044784	metaphase/anaphase transition of cell cycle	-1.444658872	3.94767874	0.021847457	0.829933174	0.87348763	45787
GO:0051983	regulation of chromosome segregation	-1.496390806	4.738661666	0.135028325	0.857738929	0.82486694	45787
GO:0090068	positive regulation of cell cycle process	-1.922123523	4.739429929	0.135267405	0.798870371	0.82498858	45787
GO:1901987	regulation of cell cycle phase transition	-2.18507518	5.267458034	0.456275164	0.845384803	0.77985315	45787
GO:1901990	regulation of mitotic cell cycle phase transition	-1.836410895	5.062499254	0.2846208	0.850211014	0.87953306	45787
GO:1901992	positive regulation of mitotic cell cycle phase transition	-1.349490941	4.304942682	0.049738457	0.810853735	0.91950433	45787
GO:1905818	regulation of chromosome separation	-1.382021616	4.597267261	0.097505121	0.856948433	0.96947065	45787
GO:2001251	negative regulation of chromosome organization	-1.562168973	4.473735067	0.073365456	0.834992758	0.90634488	45787
GO:0046148	pigment biosynthetic process	-1.314599859	5.374938881	0.584397288	0.97102605	0.05327776	null
GO:0046686	response to cadmium ion	-3.279014256	4.066512278	0.028724082	0.903966322	0.1995495	null
GO:0010038	response to metal ion	-1.732991198	5.125569092	0.329106895	0.889477233	0.72224175	46686
GO:0010273	detoxification of copper ion	-2.797581982	3.413802517	0.006388607	0.905030865	0.90582408	46686
GO:0046688	response to copper ion	-1.407064002	3.993612558	0.024285085	0.904921659	0.69154533	46686
GO:0071241	cellular response to inorganic substance	-1.574820712	4.754447723	0.140026818	0.88062789	0.81535176	46686
GO:0071248	cellular response to metal ion	-1.610896388	4.630305808	0.105212363	0.880742765	0.80962978	46686
GO:0071276	cellular response to cadmium ion	-3.282329497	3.546542663	0.008673421	0.897381001	0.65087703	46686
GO:0097501	stress response to metal ion	-2.1667413	3.89181612	0.019210185	0.901512324	0.68184531	46686
GO:1990169	stress response to copper ion	-2.797581982	3.598790507	0.009782554	0.904242581	0.65538169	46686
GO:0046824	positive regulation of nucleocytoplasmic transport	-3.324221658	3.724111954	0.013055729	0.811789935	0.38599191	null
GO:0010883	regulation of lipid storage	-1.688722662	3.97653338	0.023348484	0.869192382	0.53977693	46824
GO:0032386	regulation of intracellular transport	-2.535792075	4.567614443	0.091069684	0.843636053	0.89359169	46824
GO:0032388	positive regulation of intracellular transport	-2.670965778	4.252318933	0.04406216	0.799674736	0.84641458	46824
GO:0032880	regulation of protein localization	-3.066512712	4.991850479	0.2418896	0.83359967	0.77763136	46824
GO:0033157	regulation of intracellular protein transport	-2.103932238	4.171053288	0.036542238	0.847406995	0.89438978	46824
GO:0042306	regulation of protein import into nucleus	-1.934275308	3.690550462	0.012084621	0.85434596	0.95190409	46824
GO:0042307	positive regulation of protein import into nucleus	-2.642244622	3.634376494	0.010618101	0.810523007	0.94509792	46824
GO:0046822	regulation of nucleocytoplasmic transport	-2.218063839	3.894205259	0.019316169	0.854780793	0.8593639	46824
GO:0051222	positive regulation of protein transport	-1.693931347	4.402588055	0.062279055	0.793789493	0.93031222	46824
GO:0060627	regulation of vesicle-mediated transport	-1.68831845	5.088741906	0.302349676	0.839579124	0.78992041	46824
GO:0090316	positive regulation of intracellular protein transport	-2.18507518	4.030194785	0.02641955	0.801820999	0.89904385	46824
GO:1900180	regulation of protein localization to nucleus	-1.382021616	3.893817224	0.019298916	0.856636293	0.79847987	46824
GO:1900182	positive regulation of protein localization to nucleus	-1.542559098	3.787460475	0.015106392	0.810190051	0.95979822	46824
GO:1903829	positive regulation of protein localization	-2.831488669	4.663936379	0.113683675	0.789968439	0.90907082	46824
GO:1904589	regulation of protein import	-1.71534365	1.86332286	0.000177461	0.885248994	0.52465036	46824
GO:1904591	positive regulation of protein import	-2.407036339	1.857332496	0.000174997	0.847797081	0.55930857	46824
GO:1904951	positive regulation of establishment of protein localization	-1.921150175	4.491389712	0.07640941	0.792396148	0.88171083	46824
GO:1905475	regulation of protein localization to membrane	-1.760494937	4.412947491	0.063782546	0.846119567	0.86980966	46824
GO:1905477	positive regulation of protein localization to membrane	-1.406402472	4.061263942	0.028379018	0.804868897	0.88265857	46824
GO:1905666	regulation of protein localization to endosome	-1.382021616	3.66266341	0.011332875	0.860873527	0.66111019	46824
GO:1905668	positive regulation of protein localization to endosome	-1.382021616	3.658011397	0.011212103	0.814827306	0.64522925	46824
GO:0048008	platelet-derived growth factor receptor signaling pathway	-1.380178282	3.748110467	0.013797615	0.832249589	0.30013199	null
GO:0048193	Golgi vesicle transport	-2.117792448	5.534004518	0.842896772	0.959748762	0.27098937	null
GO:0048284	organelle fusion	-1.423497611	5.099283449	0.309778403	0.933433482	0.43764915	null
GO:0048285	organelle fission	-1.589059924	5.347612947	0.54875961	0.930381099	0.46062595	null
GO:0048872	homeostasis of number of cells	-2.006005674	4.331771356	0.052908112	0.951551812	0.3463957	null
GO:0001776	leukocyte homeostasis	-1.338811491	3.79021477	0.015202517	0.913835006	0.89751812	48872
GO:0002262	myeloid cell homeostasis	-1.719310157	4.129012793	0.033170473	0.910154733	0.86470492	48872
GO:0050680	negative regulation of epithelial cell proliferation	-1.465925223	3.870345371	0.018283443	0.869378837	0.34643619	null
GO:0050688	regulation of defense response to virus	-4.866461092	3.745543202	0.013716279	0.843920659	0.46608658	null
GO:0002230	positive regulation of defense response to virus by host	-2.256702417	3.425860145	0.006568533	0.848311461	0.9286607	50688
GO:0002753	cytoplasmic pattern recognition receptor signaling pathway	-2.88896814	3.742332282	0.013615225	0.650312187	0.705262	50688
GO:0002764	immune response-regulating signaling pathway	-1.601277265	4.762400947	0.142614796	0.694701382	0.86250348	50688
GO:0002832	negative regulation of response to biotic stimulus	-1.314599859	3.863144346	0.017982744	0.823808085	0.83237714	50688
GO:0031349	positive regulation of defense response	-2.449669875	4.683515319	0.118926178	0.775680751	0.8912529	50688
GO:0035872	nucleotide-binding domain, leucine rich repeat containing receptor signaling pathway	-1.688722662	2.685741739	0.001192934	0.689830197	0.74200122	50688
GO:0045088	regulation of innate immune response	-2.472222052	4.804922774	0.157284929	0.747217587	0.81769025	50688
GO:0045089	positive regulation of innate immune response	-2.535012804	4.595198507	0.09704175	0.719867336	0.93714818	50688
GO:0045739	positive regulation of DNA repair	-1.647158723	4.12784959	0.033081743	0.768347649	0.75347671	50688
GO:0050687	negative regulation of defense response to virus	-1.759862403	2.807535028	0.001579898	0.839192111	0.86435376	50688
GO:0050691	regulation of defense response to virus by host	-2.543365425	3.473048805	0.007322743	0.84743471	0.68151095	50688
GO:1905897	regulation of response to endoplasmic reticulum stress	-1.926224004	4.066586796	0.028729011	0.836089152	0.61052273	50688
GO:2001034	positive regulation of double-strand break repair via nonhomologous end joining	-1.382021616	3.074816441	0.002925647	0.796750126	0.76696128	50688
GO:0050792	regulation of viral process	-2.18507518	4.094016681	0.030602214	0.898996444	0.13092176	null
GO:0051052	regulation of DNA metabolic process	-1.715844143	5.064899547	0.286198234	0.854299329	0.32715583	null
GO:0051092	positive regulation of NF-kappaB transcription factor activity	-1.414159468	2.531478917	0.000835547	0.864985492	0.16442485	null
GO:0032088	negative regulation of NF-kappaB transcription factor activity	-1.364654385	2.240549248	0.0004264	0.864456399	0.89290559	51092
GO:0043433	negative regulation of DNA-binding transcription factor activity	-1.366698123	2.480006943	0.000741887	0.861030344	0.91394482	51092
GO:0051235	maintenance of location	-2.283071426	5.008340369	0.251250683	0.972195218	0.22935671	null
GO:0051236	establishment of RNA localization	-1.444658872	5.137493367	0.338268335	0.955120648	0.42962327	null
GO:0051251	positive regulation of lymphocyte activation	-4.317854924	4.664500948	0.11383156	0.732552557	0.15412623	null
GO:0001817	regulation of cytokine production	-1.413637675	4.875541617	0.185057621	0.807214995	0.69465114	51251
GO:0001819	positive regulation of cytokine production	-2.988926298	4.701844188	0.124052837	0.757927178	0.79139502	51251
GO:0002637	regulation of immunoglobulin production	-1.715844143	3.695569227	0.012225111	0.794239868	0.87959979	51251
GO:0002639	positive regulation of immunoglobulin production	-1.868458451	3.627468272	0.010450498	0.757468946	0.82984622	51251
GO:0002694	regulation of leukocyte activation	-3.460923901	4.910085204	0.200378446	0.761770764	0.97301079	51251
GO:0002696	positive regulation of leukocyte activation	-4.124360063	4.781044129	0.148870306	0.728956771	0.97712996	51251
GO:0002697	regulation of immune effector process	-3.36552273	4.611085733	0.100657524	0.799762683	0.74605295	51251
GO:0002699	positive regulation of immune effector process	-2.678982674	4.372985606	0.058175262	0.761034376	0.76764731	51251
GO:0002702	positive regulation of production of molecular mediator of immune response	-1.519209216	4.040404529	0.027048059	0.744785226	0.92816186	51251
GO:0002705	positive regulation of leukocyte mediated immunity	-2.807632178	4.183981219	0.037646441	0.765275458	0.93743864	51251
GO:0002706	regulation of lymphocyte mediated immunity	-1.339674644	4.272560964	0.046164583	0.799321606	0.9488843	51251
GO:0002708	positive regulation of lymphocyte mediated immunity	-2.673218601	4.134208993	0.033569761	0.766132931	0.89253154	51251
GO:0002712	regulation of B cell mediated immunity	-1.444658872	3.852784869	0.017558809	0.77635029	0.92534502	51251
GO:0002714	positive regulation of B cell mediated immunity	-2.42115412	3.628286731	0.010470216	0.750530374	0.94341801	51251
GO:0002819	regulation of adaptive immune response	-3.928117993	4.252950069	0.044126243	0.776188475	0.70363406	51251
GO:0002821	positive regulation of adaptive immune response	-3.503070352	4.083968198	0.029902228	0.742541987	0.94783036	51251
GO:0002822	regulation of adaptive immune response based on somatic recombination of immune receptors built from immunoglobulin superfamily domains	-2.642244622	4.225619381	0.041434747	0.771405672	0.97114684	51251
GO:0002824	positive regulation of adaptive immune response based on somatic recombination of immune receptors built from immunoglobulin superfamily domains	-3.289036881	4.055722266	0.028019166	0.743029744	0.73015486	51251
GO:0002889	regulation of immunoglobulin mediated immune response	-1.444658872	3.852784869	0.017558809	0.775446158	0.97080256	51251
GO:0002891	positive regulation of immunoglobulin mediated immune response	-2.42115412	3.628286731	0.010470216	0.750359243	0.93546656	51251
GO:0032479	regulation of type I interferon production	-2.807632178	4.370550096	0.057849916	0.81686996	0.88788925	51251
GO:0032480	negative regulation of type I interferon production	-2.522494565	3.316808752	0.005109406	0.815198637	0.54498118	51251
GO:0032481	positive regulation of type I interferon production	-1.382021616	4.328827939	0.052550725	0.769505839	0.88190033	51251
GO:0032736	positive regulation of interleukin-13 production	-1.556568586	2.833147112	0.001676023	0.809176251	0.60163909	51251
GO:0032743	positive regulation of interleukin-2 production	-1.380178282	3.301680949	0.00493441	0.798392833	0.63920566	51251
GO:0032754	positive regulation of interleukin-5 production	-1.380178282	2.639486489	0.001072162	0.813307931	0.58903515	51251
GO:0038093	Fc receptor signaling pathway	-1.702097212	3.270445908	0.004591811	0.74221479	0.60867474	51251
GO:0038095	Fc-epsilon receptor signaling pathway	-1.382021616	2.931966115	0.002104888	0.752103702	0.65935301	51251
GO:0043370	regulation of CD4-positive, alpha-beta T cell differentiation	-1.601277265	3.457276186	0.007061481	0.792452614	0.97431258	51251
GO:0045580	regulation of T cell differentiation	-2.151531423	3.900203213	0.019584825	0.782748142	0.88427402	51251
GO:0045582	positive regulation of T cell differentiation	-1.479118815	3.66266341	0.011332875	0.74527115	0.93759599	51251
GO:0045619	regulation of lymphocyte differentiation	-1.787052646	4.102776615	0.031225793	0.778325665	0.93831876	51251
GO:0045621	positive regulation of lymphocyte differentiation	-1.570411491	3.920592862	0.020526356	0.749961074	0.97130803	51251
GO:0045622	regulation of T-helper cell differentiation	-1.688722662	3.401917251	0.006216075	0.759516905	0.88555526	51251
GO:0045637	regulation of myeloid cell differentiation	-1.811097097	4.170437745	0.036490478	0.784371477	0.94658147	51251
GO:0045639	positive regulation of myeloid cell differentiation	-1.504701407	3.8874485	0.019017935	0.763477941	0.88270873	51251
GO:0045830	positive regulation of isotype switching	-1.409496719	3.475235223	0.007359714	0.715896245	0.9810274	51251
GO:0046634	regulation of alpha-beta T cell activation	-2.478568082	3.88422877	0.018877445	0.790719086	0.83943446	51251
GO:0046635	positive regulation of alpha-beta T cell activation	-1.444658872	3.610447221	0.010048746	0.751837781	0.93091922	51251
GO:0046637	regulation of alpha-beta T cell differentiation	-1.574820712	3.536558443	0.008476241	0.790701498	0.9008862	51251
GO:0050671	positive regulation of lymphocyte proliferation	-1.319182841	4.243757141	0.043201966	0.745377591	0.89501536	51251
GO:0050863	regulation of T cell activation	-2.442433493	4.67752483	0.117296985	0.767840035	0.95279995	51251
GO:0050864	regulation of B cell activation	-1.63803165	4.238020999	0.042635075	0.781613638	0.88647489	51251
GO:0050867	positive regulation of cell activation	-4.176525771	4.784524576	0.15006817	0.766217056	0.92808407	51251
GO:0050871	positive regulation of B cell activation	-1.715844143	4.050457095	0.027681497	0.753096754	0.8684034	51251
GO:0051249	regulation of lymphocyte activation	-3.623423043	4.805235715	0.157398307	0.765133382	0.95129765	51251
GO:1902105	regulation of leukocyte differentiation	-2.652561473	4.32594646	0.052203197	0.779803819	0.9399052	51251
GO:1902107	positive regulation of leukocyte differentiation	-2.592929283	4.121264305	0.032583865	0.750755446	0.91231223	51251
GO:1903706	regulation of hemopoiesis	-3.282329497	4.425583125	0.065665608	0.78300425	0.76657101	51251
GO:1903708	positive regulation of hemopoiesis	-3.987162775	4.122707254	0.032692314	0.751639889	0.73776275	51251
GO:2000514	regulation of CD4-positive, alpha-beta T cell activation	-1.514785745	3.606918526	0.009967409	0.795443302	0.92239685	51251
GO:0051656	establishment of organelle localization	-1.562168973	5.332066626	0.529463159	0.967781756	0.25293947	null
GO:0051653	spindle localization	-1.314599859	4.51771041	0.081183612	0.949031635	0.78179893	51656
GO:0051726	regulation of cell cycle	-2.642244622	5.568808139	0.913225668	0.866245627	0.19752015	null
GO:0051775	response to redox state	-1.934182739	3.625826713	0.010411062	0.944010315	0.18638461	null
GO:0060759	regulation of response to cytokine stimulus	-1.653718044	3.994932737	0.024359027	0.852086537	0.48405256	null
GO:0061025	membrane fusion	-2.543365425	5.099815258	0.310157973	0.925466056	0.32018371	null
GO:0001765	membrane raft assembly	-1.382021616	3.527887566	0.008308639	0.93571779	0.56626411	61025
GO:0007009	plasma membrane organization	-1.67375951	4.701939092	0.124079949	0.930213804	0.6890575	61025
GO:0031579	membrane raft organization	-2.239708654	3.580240508	0.009373407	0.940878201	0.57080075	61025
GO:0090174	organelle membrane fusion	-1.371632928	4.983892284	0.237497433	0.920065011	0.72690943	61025
GO:0061687	detoxification of inorganic compound	-2.457210662	4.236134017	0.04245022	0.909172133	0.36156965	null
GO:0098754	detoxification	-1.985604181	5.605018296	0.992632202	0.887322819	0.7304614	61687
GO:0061919	process utilizing autophagic mechanism	-2.794878496	5.253388896	0.441730733	0.991743234	0.00948726	null
GO:0070585	protein localization to mitochondrion	-4.317854924	5.08953068	0.302899313	0.935472199	0.48622552	null
GO:0006605	protein targeting	-2.075682818	5.551520748	0.877587989	0.93377611	0.58090718	70585
GO:0006625	protein targeting to peroxisome	-2.642244622	3.649140064	0.010985347	0.906097296	0.87405519	70585
GO:0006626	protein targeting to mitochondrion	-1.80280573	5.041479535	0.271173178	0.932694051	0.98714166	70585
GO:0016558	protein import into peroxisome matrix	-1.380178282	4.419691459	0.064780766	0.889432411	0.98154202	70585
GO:0034504	protein localization to nucleus	-3.399027104	5.053393481	0.278715283	0.93588688	0.70490114	70585
GO:0051205	protein insertion into membrane	-1.314599859	4.746431792	0.137465953	0.88767927	0.73041534	70585
GO:0071806	protein transmembrane transport	-2.006463034	5.456639279	0.705356876	0.934183544	0.66696205	70585
GO:0072655	establishment of protein localization to mitochondrion	-3.716698771	5.087422906	0.301432793	0.932292254	0.70966105	70585
GO:0072659	protein localization to plasma membrane	-2.749631726	4.900765732	0.196124305	0.939991315	0.508573	70585
GO:0072662	protein localization to peroxisome	-2.642244622	4.530212509	0.083554692	0.894744126	0.90640741	70585
GO:0072663	establishment of protein localization to peroxisome	-2.642244622	4.530212509	0.083554692	0.892984574	0.63900603	70585
GO:0090150	establishment of protein localization to membrane	-1.446235341	5.37417257	0.583367026	0.933413721	0.82320363	70585
GO:1990778	protein localization to cell periphery	-2.587113767	4.957741337	0.223618481	0.942056526	0.51417863	70585
GO:0070757	interleukin-35-mediated signaling pathway	-1.753411344	0.301029996	2.46E-06	0.858539619	0.22420187	null
GO:0071498	cellular response to fluid shear stress	-1.568724648	2.77815125	0.001476379	0.930311897	0.3419738	null
GO:0071514	genomic imprinting	-1.310460111	3.037824751	0.002686567	0.800351639	0.49827377	null
GO:0030728	ovulation	-1.310460111	2.936513742	0.002127071	0.960791294	0.55994325	71514
GO:0071800	podosome assembly	-2.239708654	2.898725182	0.001949609	0.9413905	0.4462532	null
GO:0072350	tricarboxylic acid metabolic process	-1.32651915	4.700340211	0.123623973	0.932695489	0.30476345	null
GO:0072524	pyridine-containing compound metabolic process	-2.167317723	5.701918388	1.240762524	0.913802701	0.27332071	null
GO:0072576	liver morphogenesis	-1.556568586	2.523746467	0.000820758	0.957419608	0.34496302	null
GO:0072678	T cell migration	-1.717700001	3.412628521	0.006371353	0.927732957	0.46967013	null
GO:0010818	T cell chemotaxis	-1.409496719	2.663700925	0.00113378	0.863168953	0.87706219	72678
GO:0016447	somatic recombination of immunoglobulin gene segments	-1.380178282	3.961516011	0.022554837	0.83631391	0.51170371	72678
GO:0072676	lymphocyte migration	-1.496390806	3.599227863	0.009792413	0.926262081	0.93142492	72678
GO:0090181	regulation of cholesterol metabolic process	-2.738625538	3.545925329	0.008661097	0.873205423	0.18143633	null
GO:0019218	regulation of steroid metabolic process	-2.104264554	3.882524538	0.018803503	0.873116685	0.76255435	90181
GO:0030656	regulation of vitamin metabolic process	-1.934182739	3.266701967	0.004552375	0.888302853	0.66950368	90181
GO:0045540	regulation of cholesterol biosynthetic process	-2.642244622	3.35831564	0.005622072	0.875375188	0.89625189	90181
GO:0046890	regulation of lipid biosynthetic process	-2.021981175	4.404457393	0.062547711	0.862957737	0.85704224	90181
GO:0050810	regulation of steroid biosynthetic process	-2.56534233	3.795949499	0.015404626	0.871913097	0.94607407	90181
GO:0106118	regulation of sterol biosynthetic process	-2.642244622	3.376394442	0.005861152	0.878438478	0.89877561	90181
GO:1902930	regulation of alcohol biosynthetic process	-2.138520492	3.575764981	0.009277282	0.882635355	0.69507488	90181
GO:0090559	regulation of membrane permeability	-2.592929283	4.016824494	0.025618509	0.891193229	0.12251761	null
GO:0097193	intrinsic apoptotic signaling pathway	-3.809668302	4.414588994	0.064024091	0.800599979	0.21133897	null
GO:0008625	extrinsic apoptotic signaling pathway via death domain receptors	-3.455931956	3.716587578	0.012831437	0.813494788	0.819212	97193
GO:0008630	intrinsic apoptotic signaling pathway in response to DNA damage	-2.954022552	4.14940388	0.03476516	0.797407039	0.87251689	97193
GO:0008637	apoptotic mitochondrial changes	-1.653633019	4.151277894	0.034915509	0.912526527	0.71913714	97193
GO:0070059	intrinsic apoptotic signaling pathway in response to endoplasmic reticulum stress	-1.717700001	3.792951708	0.015298642	0.804746456	0.87751522	97193
GO:0071887	leukocyte apoptotic process	-1.67375951	3.464936429	0.007187182	0.969014887	0.65185458	97193
GO:0097191	extrinsic apoptotic signaling pathway	-3.623423043	4.27616298	0.046549083	0.799162109	0.8894661	97193
GO:0097284	hepatocyte apoptotic process	-2.88896814	2.667452953	0.001143639	0.971731176	0.58789243	97193
GO:1904019	epithelial cell apoptotic process	-2.138520492	3.298853076	0.004902368	0.969620667	0.63741985	97193
GO:0140053	mitochondrial gene expression	-8.067526235	5.123067244	0.32721644	0.929596473	0.00923772	null
GO:1901615	organic hydroxy compound metabolic process	-2.122909424	5.93311408	2.112928085	0.964864421	0.06932297	null
GO:1901661	quinone metabolic process	-1.465925223	5.193945085	0.3852241	0.928860576	0.30826484	null
GO:1903311	regulation of mRNA metabolic process	-2.236513231	5.287638279	0.477977202	0.848779665	0.34495101	null
GO:1903320	regulation of protein modification by small protein conjugation or removal	-1.937856216	4.539389782	0.085339164	0.851831672	0.29157397	null
GO:0090085	regulation of protein deubiquitination	-1.558498762	3.427648371	0.006595645	0.872164545	0.84520058	1903320
GO:2001233	regulation of apoptotic signaling pathway	-5.042871802	4.750847675	0.138870855	0.817204829	0	null
GO:0001959	regulation of cytokine-mediated signaling pathway	-1.342927244	3.978773784	0.023469256	0.846200096	0.52571424	2001233
GO:0002831	regulation of response to biotic stimulus	-3.974694135	4.877762841	0.186006546	0.832319645	0.56053168	2001233
GO:0043122	regulation of canonical NF-kappaB signal transduction	-1.863004139	4.784945207	0.150213589	0.826069072	0.73806979	2001233
GO:0043124	negative regulation of canonical NF-kappaB signal transduction	-1.314599859	4.307880956	0.050076126	0.813726494	0.72877031	2001233
GO:1902041	regulation of extrinsic apoptotic signaling pathway via death domain receptors	-2.832261574	3.831805809	0.016730656	0.832073391	0.8579244	2001233
GO:1902042	negative regulation of extrinsic apoptotic signaling pathway via death domain receptors	-1.342927244	3.790285164	0.015204982	0.811191945	0.87743261	2001233
GO:1902043	positive regulation of extrinsic apoptotic signaling pathway via death domain receptors	-1.719310157	2.660865478	0.001126386	0.813299948	0.56429045	2001233
GO:1902229	regulation of intrinsic apoptotic signaling pathway in response to DNA damage	-1.32651915	3.399673721	0.006184033	0.831853611	0.80498542	2001233
GO:1902235	regulation of endoplasmic reticulum stress-induced intrinsic apoptotic signaling pathway	-1.625509852	3.462248215	0.007142817	0.829857942	0.77020852	2001233
GO:1902532	negative regulation of intracellular signal transduction	-2.762081443	5.08570077	0.300239859	0.79178646	0.63388487	2001233
GO:1903573	negative regulation of response to endoplasmic reticulum stress	-1.618520012	3.586362223	0.009506503	0.823471755	0.86694767	2001233
GO:2000106	regulation of leukocyte apoptotic process	-1.67375951	3.724603515	0.013070517	0.876227262	0.65340751	2001233
GO:2000108	positive regulation of leukocyte apoptotic process	-1.688722662	3.407730728	0.006299876	0.830343601	0.72211827	2001233
GO:2000109	regulation of macrophage apoptotic process	-1.382021616	2.195899652	0.000384499	0.895445276	0.80767296	2001233
GO:2001234	negative regulation of apoptotic signaling pathway	-2.542401925	4.517209098	0.081089951	0.79381676	0.89809595	2001233
GO:2001235	positive regulation of apoptotic signaling pathway	-3.987162775	4.344902908	0.054532376	0.772009476	0.71963305	2001233
GO:2001236	regulation of extrinsic apoptotic signaling pathway	-2.960794948	4.274873383	0.046411057	0.823182234	0.86510236	2001233
GO:2001238	positive regulation of extrinsic apoptotic signaling pathway	-3.407823243	3.617629298	0.010216348	0.791490818	0.78671111	2001233
GO:2001242	regulation of intrinsic apoptotic signaling pathway	-1.770110324	4.244029589	0.043229078	0.823087219	0.86107607	2001233
GO:2001243	negative regulation of intrinsic apoptotic signaling pathway	-1.413637675	4.040483664	0.027052988	0.805040217	0.87187105	2001233
							
