TermID	Name	Value	LogSize	Frequency	Uniqueness	Dispensability	Representative
GO:0000082	G1/S transition of mitotic cell cycle	-1.761031186	4.342304221	0.05420703	0.99331661	0.00820346	null
GO:0044843	cell cycle G1/S phase transition	-1.663316412	4.345530558	0.054611248	0.993314499	0.8556758	82
GO:0000209	protein polyubiquitination	-2.437057726	5.252464661	0.440791667	0.975278761	0.43723754	null
GO:0016579	protein deubiquitination	-1.357760699	2.814913181	0.001607011	0.982089687	0.50123024	209
GO:0018205	peptidyl-lysine modification	-1.410844543	4.695201396	0.122169776	0.97668409	0.5194394	209
GO:0070646	protein modification by small protein removal	-1.454468136	4.415207136	0.064115286	0.978146419	0.64584534	209
GO:0070936	protein K48-linked ubiquitination	-1.68259719	4.317624643	0.051212371	0.978359809	0.66338882	209
GO:0001503	ossification	-1.802789321	4.389573598	0.060440358	0.911997898	0.43386337	null
GO:0001525	angiogenesis	-3.785156152	4.676547296	0.117033257	0.873082418	0.47048172	null
GO:0001763	morphogenesis of a branching structure	-1.89067755	3.982406929	0.023666435	0.889265371	0.53873612	1525
GO:0003279	cardiac septum development	-2.379225055	3.574494268	0.00925017	0.888189874	0.69401738	1525
GO:0003281	ventricular septum development	-1.428266648	3.378579576	0.005890729	0.890568753	0.95425059	1525
GO:0048880	sensory system development	-1.321465542	4.75943364	0.141643688	0.87693147	0.56609944	1525
GO:0060411	cardiac septum morphogenesis	-1.982857558	3.384532615	0.005972065	0.887350509	0.8880713	1525
GO:0061458	reproductive system development	-2.329560985	4.755653843	0.140416247	0.8769983	0.5579873	1525
GO:0001649	osteoblast differentiation	-1.509517956	3.909074401	0.019989043	0.88763844	0.47990509	null
GO:0001765	membrane raft assembly	-2.180097065	3.527887566	0.008308639	0.965224605	0.46013651	null
GO:0071709	membrane assembly	-1.416123417	4.624395555	0.103790208	0.959404459	0.84298702	1765
GO:0001816	cytokine production	-5.030584088	2.921166051	0.002053129	0.916983536	0.00531546	null
GO:0001819	positive regulation of cytokine production	-10.82102305	4.701844188	0.124052837	0.676436081	0	null
GO:0001817	regulation of cytokine production	-5.346787486	4.875541617	0.185057621	0.742953202	0.72606399	1819
GO:0001818	negative regulation of cytokine production	-3.334419009	4.161906792	0.035780633	0.726876985	0.85872669	1819
GO:0001916	positive regulation of T cell mediated cytotoxicity	-1.416361054	3.774881766	0.014675063	0.664832982	0.97199101	1819
GO:0002429	immune response-activating cell surface receptor signaling pathway	-1.710421615	4.603512446	0.098917417	0.511861844	0.96884321	1819
GO:0002637	regulation of immunoglobulin production	-1.783268089	3.695569227	0.012225111	0.744159582	0.91007614	1819
GO:0002683	negative regulation of immune system process	-5.222573178	4.699013432	0.123246867	0.709655809	0.79042704	1819
GO:0002694	regulation of leukocyte activation	-8.346787486	4.910085204	0.200378446	0.669285534	0.70356125	1819
GO:0002695	negative regulation of leukocyte activation	-1.633705239	4.368007805	0.057512247	0.665125209	0.90136864	1819
GO:0002696	positive regulation of leukocyte activation	-7.701146924	4.781044129	0.148870306	0.630134925	0.97712996	1819
GO:0002697	regulation of immune effector process	-7.567030709	4.611085733	0.100657524	0.742804815	0.77822366	1819
GO:0002698	negative regulation of immune effector process	-2.061397276	3.894482215	0.019328492	0.727082043	0.86173823	1819
GO:0002699	positive regulation of immune effector process	-4.89279003	4.372985606	0.058175262	0.69246961	0.74699353	1819
GO:0002700	regulation of production of molecular mediator of immune response	-1.964775209	4.135482491	0.033668351	0.731101136	0.89270099	1819
GO:0002702	positive regulation of production of molecular mediator of immune response	-1.89067755	4.040404529	0.027048059	0.682310119	0.95316419	1819
GO:0002703	regulation of leukocyte mediated immunity	-2.816246294	4.399050382	0.061773783	0.739717196	0.92921302	1819
GO:0002705	positive regulation of leukocyte mediated immunity	-3.931814138	4.183981219	0.037646441	0.698150345	0.93743864	1819
GO:0002706	regulation of lymphocyte mediated immunity	-2.417266159	4.272560964	0.046164583	0.742737912	0.9488843	1819
GO:0002708	positive regulation of lymphocyte mediated immunity	-3.632644079	4.134208993	0.033569761	0.699290938	0.89253154	1819
GO:0002709	regulation of T cell mediated immunity	-2.513080666	3.913919765	0.020213334	0.706775879	0.93315225	1819
GO:0002711	positive regulation of T cell mediated immunity	-2.485128706	3.841609712	0.017112691	0.667846515	0.96273633	1819
GO:0002714	positive regulation of B cell mediated immunity	-1.333153372	3.628286731	0.010470216	0.676496017	0.94341801	1819
GO:0002717	positive regulation of natural killer cell mediated immunity	-1.841465935	3.623972512	0.010366697	0.666692867	0.91788634	1819
GO:0002718	regulation of cytokine production involved in immune response	-2.485128706	3.891760401	0.01920772	0.691241407	0.86140079	1819
GO:0002720	positive regulation of cytokine production involved in immune response	-1.943054654	3.751663946	0.013910994	0.657340422	0.91681839	1819
GO:0002724	regulation of T cell cytokine production	-1.995492264	3.196452542	0.003872107	0.672590206	0.84906582	1819
GO:0002757	immune response-activating signaling pathway	-3.896196279	4.746634199	0.137530037	0.51013961	0.85369481	1819
GO:0002761	regulation of myeloid leukocyte differentiation	-2.095422229	4.00225248	0.024773103	0.684272282	0.93807381	1819
GO:0002764	immune response-regulating signaling pathway	-4.630784143	4.762400947	0.142614796	0.61555207	0.79946461	1819
GO:0002768	immune response-regulating cell surface receptor signaling pathway	-2.16254187	4.633124924	0.105897561	0.611329171	0.97375874	1819
GO:0002819	regulation of adaptive immune response	-5.896196279	4.252950069	0.044126243	0.707156523	0.73218047	1819
GO:0002821	positive regulation of adaptive immune response	-4.504455662	4.083968198	0.029902228	0.665390618	0.94783036	1819
GO:0002822	regulation of adaptive immune response based on somatic recombination of immune receptors built from immunoglobulin superfamily domains	-4.378823718	4.225619381	0.041434747	0.702215094	0.97114684	1819
GO:0002824	positive regulation of adaptive immune response based on somatic recombination of immune receptors built from immunoglobulin superfamily domains	-4.341035157	4.055722266	0.028019166	0.666106326	0.70907638	1819
GO:0002891	positive regulation of immunoglobulin mediated immune response	-1.333153372	3.628286731	0.010470216	0.676496017	0.93546656	1819
GO:0010721	negative regulation of cell development	-2.212997583	4.605520523	0.099375859	0.760735604	0.82641009	1819
GO:0030278	regulation of ossification	-2.31100743	3.947580749	0.021842527	0.787213473	0.60043925	1819
GO:0032479	regulation of type I interferon production	-4.149353765	4.370550096	0.057849916	0.748688215	0.88788925	1819
GO:0032480	negative regulation of type I interferon production	-2.330797799	3.316808752	0.005109406	0.752833038	0.75788478	1819
GO:0032481	positive regulation of type I interferon production	-2.394961971	4.328827939	0.052550725	0.690695896	0.88190033	1819
GO:0032642	regulation of chemokine production	-1.992998672	3.63738965	0.010692043	0.771073573	0.79322497	1819
GO:0032648	regulation of interferon-beta production	-1.995492264	3.326130957	0.00522032	0.778565728	0.75886806	1819
GO:0032649	regulation of type II interferon production	-2.490419416	4.331973617	0.05293276	0.749973896	0.88234905	1819
GO:0032651	regulation of interleukin-1 beta production	-1.651881924	3.574031268	0.009240311	0.772823267	0.7859822	1819
GO:0032652	regulation of interleukin-1 production	-1.333153372	3.83321088	0.016784881	0.765492252	0.81647719	1819
GO:0032655	regulation of interleukin-12 production	-1.888563635	3.458939862	0.007088593	0.7759345	0.77315772	1819
GO:0032656	regulation of interleukin-13 production	-1.982857558	2.948901761	0.002188689	0.788761665	0.72100464	1819
GO:0032663	regulation of interleukin-2 production	-2.155236371	3.541329578	0.008569902	0.773715984	0.78229533	1819
GO:0032673	regulation of interleukin-4 production	-1.479740472	3.011147361	0.002526359	0.787274733	0.72699172	1819
GO:0032674	regulation of interleukin-5 production	-1.982857558	2.826074803	0.001648911	0.791636426	0.70947234	1819
GO:0032728	positive regulation of interferon-beta production	-1.771359537	3.185258765	0.003773517	0.730786277	0.74427486	1819
GO:0032735	positive regulation of interleukin-12 production	-2.212997583	3.338854746	0.005375598	0.726736123	0.76021424	1819
GO:0032736	positive regulation of interleukin-13 production	-2.935910569	2.833147112	0.001676023	0.741834581	0.71012647	1819
GO:0032743	positive regulation of interleukin-2 production	-1.710421615	3.301680949	0.00493441	0.727905168	0.75629452	1819
GO:0032753	positive regulation of interleukin-4 production	-1.345244865	2.91750551	0.002035875	0.739431441	0.7180217	1819
GO:0032754	positive regulation of interleukin-5 production	-2.457967978	2.639486489	0.001072162	0.747190444	0.6926333	1819
GO:0032816	positive regulation of natural killer cell activation	-1.68259719	3.213783299	0.00402985	0.693401249	0.75465711	1819
GO:0032817	regulation of natural killer cell proliferation	-1.409364186	2.574031268	0.000921813	0.735955893	0.91037718	1819
GO:0032944	regulation of mononuclear cell proliferation	-2.759685684	4.445386223	0.06872928	0.836197635	0.99578049	1819
GO:0032946	positive regulation of mononuclear cell proliferation	-3.299791418	4.245931954	0.043418863	0.768980499	0.99537519	1819
GO:0042102	positive regulation of T cell proliferation	-3.017276612	4.101850138	0.031159245	0.631419766	0.97828727	1819
GO:0042129	regulation of T cell proliferation	-2.948348229	4.303843775	0.049612755	0.676488463	0.97707747	1819
GO:0043370	regulation of CD4-positive, alpha-beta T cell differentiation	-4.507239611	3.457276186	0.007061481	0.692829299	0.9134238	1819
GO:0043372	positive regulation of CD4-positive, alpha-beta T cell differentiation	-1.915992788	3.282848603	0.004724907	0.650284591	0.97545481	1819
GO:0045580	regulation of T cell differentiation	-5.261219442	3.900203213	0.019584825	0.679856039	0.88427402	1819
GO:0045582	positive regulation of T cell differentiation	-4.328827157	3.66266341	0.011332875	0.637528681	0.93759599	1819
GO:0045619	regulation of lymphocyte differentiation	-4.542118103	4.102776615	0.031225793	0.673445877	0.93831876	1819
GO:0045621	positive regulation of lymphocyte differentiation	-4.067526235	3.920592862	0.020526356	0.641201924	0.97130803	1819
GO:0045622	regulation of T-helper cell differentiation	-3.931814138	3.401917251	0.006216075	0.647622299	0.97431258	1819
GO:0045624	positive regulation of T-helper cell differentiation	-2.086176614	3.180985581	0.003736546	0.612567644	0.94920744	1819
GO:0045637	regulation of myeloid cell differentiation	-4.216811309	4.170437745	0.036490478	0.679007446	0.94658147	1819
GO:0045638	negative regulation of myeloid cell differentiation	-2.229903287	3.719497017	0.012917703	0.674370315	0.90321246	1819
GO:0045639	positive regulation of myeloid cell differentiation	-2.864225131	3.8874485	0.019017935	0.65628972	0.88270873	1819
GO:0045646	regulation of erythrocyte differentiation	-1.797861684	3.262213705	0.004505545	0.711601367	0.81221923	1819
GO:0045648	positive regulation of erythrocyte differentiation	-1.915992788	3.047664195	0.002748185	0.688115297	0.79054715	1819
GO:0045649	regulation of macrophage differentiation	-1.493415828	3.276921132	0.004660824	0.710425504	0.81374819	1819
GO:0046634	regulation of alpha-beta T cell activation	-6.463441557	3.88422877	0.018877445	0.708247972	0.833464	1819
GO:0046635	positive regulation of alpha-beta T cell activation	-3.229147988	3.610447221	0.010048746	0.66134656	0.93091922	1819
GO:0046637	regulation of alpha-beta T cell differentiation	-4.153044675	3.536558443	0.008476241	0.691022461	0.92239685	1819
GO:0046638	positive regulation of alpha-beta T cell differentiation	-1.740935552	3.392345155	0.006080514	0.64612065	0.97319751	1819
GO:0046640	regulation of alpha-beta T cell proliferation	-1.416123417	3.57840997	0.009333971	0.699953851	0.92720482	1819
GO:0048640	negative regulation of developmental growth	-1.370978279	4.521347332	0.081866345	0.78339885	0.87378971	1819
GO:0050670	regulation of lymphocyte proliferation	-2.788385616	4.442981192	0.06834971	0.671640523	0.96808596	1819
GO:0050671	positive regulation of lymphocyte proliferation	-3.347753659	4.243757141	0.043201966	0.640184239	0.88289466	1819
GO:0050768	negative regulation of neurogenesis	-1.964059736	4.489381848	0.076056952	0.708569147	0.92247835	1819
GO:0050769	positive regulation of neurogenesis	-2.434319441	4.51264438	0.080242081	0.677153622	0.88159319	1819
GO:0050772	positive regulation of axonogenesis	-2.03676351	4.25122441	0.043951247	0.664720834	0.92290252	1819
GO:0050777	negative regulation of immune response	-2.384893698	4.094331349	0.030624397	0.687182423	0.71348378	1819
GO:0050819	negative regulation of coagulation	-1.390095027	3.93991842	0.021460493	0.758569913	0.5997394	1819
GO:0050852	T cell receptor signaling pathway	-1.720546355	4.326110461	0.052222915	0.528252083	0.92509651	1819
GO:0050863	regulation of T cell activation	-7.012333735	4.67752483	0.117296985	0.677836433	0.95279995	1819
GO:0050866	negative regulation of cell activation	-1.631526492	4.379831068	0.05909954	0.726448753	0.90316691	1819
GO:0050867	positive regulation of cell activation	-7.838631998	4.784524576	0.15006817	0.681248546	0.96936121	1819
GO:0051249	regulation of lymphocyte activation	-7.037630664	4.805235715	0.157398307	0.673817318	0.97301079	1819
GO:0051250	negative regulation of lymphocyte activation	-1.463075175	4.298088569	0.048959599	0.666553586	0.98513283	1819
GO:0051251	positive regulation of lymphocyte activation	-7.207608311	4.664500948	0.11383156	0.634991762	0.94873895	1819
GO:0051961	negative regulation of nervous system development	-1.788609831	4.493917895	0.076855528	0.718539937	0.86987143	1819
GO:0051962	positive regulation of nervous system development	-1.621144568	4.627550188	0.104546884	0.685267278	0.78642765	1819
GO:0070665	positive regulation of leukocyte proliferation	-3.155522824	4.258900557	0.044735034	0.768874656	0.93857044	1819
GO:1902105	regulation of leukocyte differentiation	-6.598599459	4.32594646	0.052203197	0.672532942	0.9399052	1819
GO:1902106	negative regulation of leukocyte differentiation	-1.821324057	3.870286829	0.018280978	0.665249182	0.88061132	1819
GO:1902107	positive regulation of leukocyte differentiation	-5.677780705	4.121264305	0.032583865	0.639825625	0.91231223	1819
GO:1903555	regulation of tumor necrosis factor superfamily cytokine production	-1.432300117	3.8874485	0.019017935	0.763898175	0.8231602	1819
GO:1903706	regulation of hemopoiesis	-7.567030709	4.425583125	0.065665608	0.676533935	0.75367484	1819
GO:1903707	negative regulation of hemopoiesis	-3.155522824	3.87714089	0.018571817	0.665745028	0.88144779	1819
GO:1903708	positive regulation of hemopoiesis	-7.567030709	4.122707254	0.032692314	0.641106563	0.76657101	1819
GO:2000316	regulation of T-helper 17 type immune response	-1.68259719	3.128722284	0.003312611	0.739116546	0.84190143	1819
GO:2000319	regulation of T-helper 17 cell differentiation	-1.889773262	3.068927612	0.002886211	0.657153357	0.93695924	1819
GO:2000514	regulation of CD4-positive, alpha-beta T cell activation	-4.806875402	3.606918526	0.009967409	0.713627222	0.79895873	1819
GO:2000516	positive regulation of CD4-positive, alpha-beta T cell activation	-2.132756848	3.339053736	0.005378063	0.670961165	0.95030679	1819
GO:0001959	regulation of cytokine-mediated signaling pathway	-4.698970004	3.978773784	0.023469256	0.794127913	0.47788622	null
GO:0010803	regulation of tumor necrosis factor-mediated signaling pathway	-2.635636082	3.532372134	0.008394905	0.805312605	0.93763337	1959
GO:0060760	positive regulation of response to cytokine stimulus	-1.479740472	3.633872263	0.010605777	0.753984759	0.95015249	1959
GO:0002437	inflammatory response to antigenic stimulus	-2.877346115	3.335858911	0.005338627	0.843167619	0.48456964	null
GO:0002438	acute inflammatory response to antigenic stimulus	-1.982857558	2.617000341	0.001017938	0.85501664	0.6084807	2437
GO:0002526	acute inflammatory response	-1.426556678	3.766264091	0.014386688	0.910236659	0.69473237	2437
GO:0006953	acute-phase response	-1.682989162	3.680969718	0.011820894	0.910651664	0.8613557	2437
GO:0002521	leukocyte differentiation	-6.645891561	4.619833923	0.102705723	0.896214162	0.0086329	null
GO:0002009	morphogenesis of an epithelium	-1.497951468	4.721513842	0.129800611	0.909485795	0.78954472	2521
GO:0002064	epithelial cell development	-4.085128182	4.217536583	0.040670677	0.905463693	0.59045018	2521
GO:0002066	columnar/cuboidal epithelial cell development	-1.68259719	3.251881455	0.004399561	0.915829167	0.71584946	2521
GO:0002068	glandular epithelial cell development	-1.710421615	3.095169351	0.003066137	0.917376211	0.86752807	2521
GO:0002573	myeloid leukocyte differentiation	-2.711900187	4.320935195	0.051604265	0.897741795	0.87278332	2521
GO:0003158	endothelium development	-2.317724204	3.905256049	0.019814046	0.923062174	0.69868889	2521
GO:0007409	axonogenesis	-1.857911046	5.175790044	0.369452227	0.824929029	0.95822894	2521
GO:0007411	axon guidance	-1.774383409	5.05789422	0.281618747	0.828059184	0.89932281	2521
GO:0030099	myeloid cell differentiation	-5.042871802	4.536924409	0.084856074	0.897426979	0.90389347	2521
GO:0035162	embryonic hemopoiesis	-1.493415828	3.564192461	0.009033273	0.867007923	0.77885483	2521
GO:0045165	cell fate commitment	-1.482062593	4.812425336	0.16002572	0.912983214	0.55485824	2521
GO:0045446	endothelial cell differentiation	-1.534969263	3.866936818	0.018140488	0.914675907	0.77760137	2521
GO:0048762	mesenchymal cell differentiation	-1.426140388	4.441522326	0.068120489	0.904811977	0.69250687	2521
GO:0060537	muscle tissue development	-1.457484028	4.565682567	0.090665467	0.917714508	0.67836604	2521
GO:0060562	epithelial tube morphogenesis	-1.487787595	4.267171728	0.045595228	0.874503814	0.90105848	2521
GO:0061138	morphogenesis of a branching epithelium	-1.497951468	3.898121576	0.019491165	0.883129529	0.85064619	2521
GO:0061448	connective tissue development	-1.591018415	4.31209269	0.050564145	0.920595926	0.64304607	2521
GO:0061564	axon development	-2.684556792	5.222895873	0.41177921	0.826774362	0.70091859	2521
GO:0097485	neuron projection guidance	-1.753054823	5.058126015	0.281769096	0.828094655	0.91911932	2521
GO:0002576	platelet degranulation	-1.364055562	2.915927212	0.002028481	0.986000424	0.45581094	null
GO:0003012	muscle system process	-1.940931589	4.739034087	0.135144168	0.906298318	0.42978255	null
GO:0043500	muscle adaptation	-1.34341387	3.004751156	0.002489388	0.86612961	0.71086084	3012
GO:0060048	cardiac muscle contraction	-1.667973123	4.150602952	0.034861285	0.911979554	0.60629594	3012
GO:0086002	cardiac muscle cell action potential involved in contraction	-1.479740472	3.76064862	0.014201833	0.784135544	0.90135796	3012
GO:0005975	carbohydrate metabolic process	-1.638941928	6.335775532	5.340064144	0.992465111	0.07122166	null
GO:0006304	DNA modification	-2.419268961	5.100267129	0.310480854	0.974158831	0.47414944	null
GO:0006306	DNA methylation	-2.872900711	4.689672839	0.120624384	0.973605435	0.27872278	null
GO:0006305	DNA alkylation	-2.872900711	4.689672839	0.120624384	0.974531843	0.85664651	6306
GO:0043414	macromolecule methylation	-2.086176614	5.563524987	0.902183632	0.977996723	0.62010254	6306
GO:0006914	autophagy	-4.91721463	5.253010707	0.441346233	0.979114059	0.05146735	null
GO:0000045	autophagosome assembly	-1.36147038	4.845178687	0.172561389	0.9451429	0.9161053	6914
GO:0000422	autophagy of mitochondrion	-2.839600205	3.96736074	0.022860465	0.954556157	0.78198377	6914
GO:0016236	macroautophagy	-3.832682665	5.11130621	0.318474006	0.979562949	0.96635181	6914
GO:0097352	autophagosome maturation	-1.591018415	4.252416091	0.044072019	0.954611223	0.82101792	6914
GO:0006968	cellular defense response	-2.093224152	2.575187845	0.000924278	0.923846185	0.28294363	null
GO:0006979	response to oxidative stress	-1.843529295	5.521610057	0.819181042	0.893465701	0.46099612	null
GO:0007015	actin filament organization	-7.567030709	5.294902506	0.486039367	0.94829522	0.00733912	null
GO:0008154	actin polymerization or depolymerization	-4.28567024	4.675787504	0.116828684	0.95277372	0.79310609	7015
GO:0030041	actin filament polymerization	-3.655607726	4.400365273	0.061961103	0.949705962	0.7535413	7015
GO:0030048	actin filament-based movement	-2.384893698	4.50988771	0.079734344	0.979919611	0.76373331	7015
GO:0030865	cortical cytoskeleton organization	-1.333153372	4.732482218	0.133120616	0.960008675	0.64337315	7015
GO:0030866	cortical actin cytoskeleton organization	-1.591018415	4.585844093	0.094973833	0.953991075	0.77973652	7015
GO:0031032	actomyosin structure organization	-1.920392088	4.765921757	0.143775688	0.952661081	0.80697194	7015
GO:0051017	actin filament bundle assembly	-2.488491363	4.512671058	0.08024701	0.950100505	0.76918774	7015
GO:0061572	actin filament bundle organization	-2.72505997	4.529943402	0.083502932	0.953835656	0.77165194	7015
GO:0070252	actin-mediated cell contraction	-2.574035285	3.941113727	0.021519646	0.980751453	0.69109393	7015
GO:0007159	leukocyte cell-cell adhesion	-7.838631998	3.685293781	0.011939201	0.990439547	0	null
GO:0007160	cell-matrix adhesion	-3.175874166	4.576514112	0.092955211	0.988370793	0.68854406	7159
GO:0031589	cell-substrate adhesion	-4.281498311	5.024276269	0.260641343	0.988695821	0.59423025	7159
GO:0034446	substrate adhesion-dependent cell spreading	-1.39610272	4.195373755	0.038647126	0.988891049	0.79980704	7159
GO:0007163	establishment or maintenance of cell polarity	-2.252928225	5.016364679	0.255936154	0.995044477	0.00933079	null
GO:0007249	canonical NF-kappaB signal transduction	-6.68613278	4.171609456	0.036589068	0.789974346	0.20296825	null
GO:0007265	Ras protein signal transduction	-3.424812155	4.656596444	0.111778431	0.775136602	0.65161784	7249
GO:0007266	Rho protein signal transduction	-2.401777291	4.461933504	0.071398593	0.781229624	0.78864949	7249
GO:0038061	non-canonical NF-kappaB signal transduction	-2.202888196	3.384174139	0.005967136	0.810017155	0.54337396	7249
GO:0038066	p38MAPK cascade	-2.877346115	3.45331834	0.006997397	0.807966231	0.54832482	7249
GO:0043491	phosphatidylinositol 3-kinase/protein kinase B signal transduction	-1.370978279	3.705863712	0.012518415	0.802309702	0.56719823	7249
GO:0051403	stress-activated MAPK cascade	-2.147418276	3.71130096	0.012676159	0.793726223	0.7059623	7249
GO:0007259	receptor signaling pathway via JAK-STAT	-3.832682665	3.920853496	0.02053868	0.790765682	0.49035304	null
GO:0009615	response to virus	-12.04000516	4.909967665	0.200324222	0.882967045	0	null
GO:0001667	ameboidal-type cell migration	-3.068542129	4.541978412	0.085849365	0.972851994	0.72950812	9615
GO:0001771	immunological synapse formation	-3.133122186	3.259832699	0.004480898	0.841315618	0.7963859	9615
GO:0001913	T cell mediated cytotoxicity	-1.740935552	3.282622113	0.004722442	0.844807928	0.78688162	9615
GO:0002237	response to molecule of bacterial origin	-7.567030709	4.436433003	0.067326842	0.841935054	0.81902418	9615
GO:0002250	adaptive immune response	-7.772113295	4.664867525	0.113927685	0.82720844	0.64231954	9615
GO:0002285	lymphocyte activation involved in immune response	-2.650199691	3.934801342	0.021209089	0.773265602	0.90884249	9615
GO:0002286	T cell activation involved in immune response	-3.120330794	3.688241796	0.012020538	0.777561408	0.84387895	9615
GO:0002287	alpha-beta T cell activation involved in immune response	-4.995678626	3.489817908	0.007611118	0.780689782	0.93905028	9615
GO:0002292	T cell differentiation involved in immune response	-4.462180905	3.537567257	0.008495959	0.752527671	0.95724571	9615
GO:0002293	alpha-beta T cell differentiation involved in immune response	-4.995678626	3.489536629	0.007606188	0.752488221	0.98660513	9615
GO:0002294	CD4-positive, alpha-beta T cell differentiation involved in immune response	-4.514278574	3.378942699	0.005895658	0.755447154	0.98660513	9615
GO:0002295	T-helper cell lineage commitment	-1.38008693	3.035429738	0.002671778	0.763134879	0.98829879	9615
GO:0002360	T cell lineage commitment	-1.633705239	3.182414652	0.00374887	0.812881637	0.78836596	9615
GO:0002449	lymphocyte mediated immunity	-3.342944147	4.435589573	0.067196211	0.885171617	0.88365504	9615
GO:0002456	T cell mediated immunity	-4.504455662	3.677059177	0.01171491	0.839897143	0.83074732	9615
GO:0002460	adaptive immune response based on somatic recombination of immune receptors built from immunoglobulin superfamily domains	-6.510041521	4.461498527	0.071327116	0.828372516	0.71506681	9615
GO:0007584	response to nutrient	-1.479740472	4.524811392	0.082521966	0.864247326	0.77925419	9615
GO:0009267	cellular response to starvation	-1.693342424	5.05405355	0.279139218	0.862788415	0.91837291	9615
GO:0010631	epithelial cell migration	-2.73550306	3.931610406	0.021053811	0.89237555	0.98058129	9615
GO:0030098	lymphocyte differentiation	-4.872895202	4.311520762	0.050497597	0.789780186	0.92403054	9615
GO:0030217	T cell differentiation	-6.159893906	4.136530324	0.033749687	0.792048921	0.90108741	9615
GO:0031663	lipopolysaccharide-mediated signaling pathway	-3.074172425	3.749581735	0.013844446	0.727858356	0.91168074	9615
GO:0031667	response to nutrient levels	-2.437057726	5.344329385	0.54462624	0.883132975	0.92208399	9615
GO:0031668	cellular response to extracellular stimulus	-4.176525771	5.40092635	0.620434254	0.864822551	0.71043758	9615
GO:0031669	cellular response to nutrient levels	-3.630784143	5.128053376	0.330994886	0.870330871	0.93287109	9615
GO:0031670	cellular response to nutrient	-1.923754788	4.298394534	0.048994105	0.850833963	0.79258477	9615
GO:0031960	response to corticosteroid	-1.632643333	4.032376971	0.026552646	0.860657627	0.86202312	9615
GO:0032496	response to lipopolysaccharide	-7.906578315	4.401469471	0.062118846	0.836218883	0.97557451	9615
GO:0032868	response to insulin	-1.610178095	4.705110739	0.124989439	0.844528936	0.94509578	9615
GO:0032869	cellular response to insulin stimulus	-2.121596503	4.586362223	0.095087211	0.83449298	0.95776756	9615
GO:0032943	mononuclear cell proliferation	-2.386349479	3.731588765	0.013282485	0.973940549	0.98546705	9615
GO:0033209	tumor necrosis factor-mediated signaling pathway	-6.504455662	4.156670277	0.035351768	0.722998765	0.96752499	9615
GO:0033273	response to vitamin	-1.710421615	3.338456494	0.005370669	0.883864615	0.81291713	9615
GO:0034340	response to type I interferon	-6.463441557	3.671450554	0.011564561	0.770871734	0.66393149	9615
GO:0034341	response to type II interferon	-10.82102305	3.771807879	0.014571544	0.76800528	0.60938475	9615
GO:0034612	response to tumor necrosis factor	-7.701146924	4.351989455	0.055429542	0.849640916	0.76455473	9615
GO:0035456	response to interferon-beta	-4.310691141	3.419790586	0.006477337	0.866912168	0.62231129	9615
GO:0035710	CD4-positive, alpha-beta T cell activation	-5.559090918	3.519696767	0.00815336	0.832813111	0.82453567	9615
GO:0042088	T-helper 1 type immune response	-1.531116012	2.918030337	0.00203834	0.857594434	0.75024668	9615
GO:0042093	T-helper cell differentiation	-4.709965389	3.378942699	0.005895658	0.755322454	0.9072165	9615
GO:0042098	T cell proliferation	-3.640164518	3.435047641	0.006709023	0.822539589	0.81515075	9615
GO:0042110	T cell activation	-7.567030709	4.342047446	0.054174989	0.820803313	0.64626855	9615
GO:0042113	B cell activation	-1.353623911	4.14176323	0.034158834	0.825391878	0.90073074	9615
GO:0042116	macrophage activation	-2.988900897	3.679700381	0.011786387	0.836698708	0.81394752	9615
GO:0043367	CD4-positive, alpha-beta T cell differentiation	-4.886056648	3.459392488	0.007095987	0.804506041	0.97591502	9615
GO:0043368	positive T cell selection	-1.493415828	3.474216264	0.007342461	0.806118461	0.94221005	9615
GO:0043369	CD4-positive or CD8-positive, alpha-beta T cell lineage commitment	-2.086176614	3.110252917	0.003174585	0.813086057	0.78103382	9615
GO:0043434	response to peptide hormone	-3.258060922	4.904179783	0.197672161	0.839882936	0.97415125	9615
GO:0043542	endothelial cell migration	-3.090979146	3.800373355	0.015562369	0.894131883	0.65266345	9615
GO:0044409	symbiont entry into host	-3.832682665	4.431041945	0.066496225	0.972866065	0.64831356	9615
GO:0045058	T cell selection	-2.063320815	3.541204691	0.008567437	0.805553534	0.82695466	9615
GO:0046631	alpha-beta T cell activation	-6.903089987	3.834484285	0.016834175	0.829354039	0.86141195	9615
GO:0046632	alpha-beta T cell differentiation	-4.974694135	3.784117816	0.01499055	0.797699296	0.9536829	9615
GO:0046633	alpha-beta T cell proliferation	-1.694040764	2.712649702	0.001269341	0.833607159	0.85713098	9615
GO:0046651	lymphocyte proliferation	-2.437057726	3.720820582	0.012957139	0.818928274	0.96173842	9615
GO:0048545	response to steroid hormone	-1.79804477	4.516138577	0.080890308	0.851622283	0.79324075	9615
GO:0050900	leukocyte migration	-4.801342913	4.375370938	0.058495678	0.882878019	0.64975559	9615
GO:0051384	response to glucocorticoid	-1.558908914	4.015904378	0.025564285	0.860965282	0.73559281	9615
GO:0051607	defense response to virus	-10.82102305	4.845965762	0.172874411	0.870852043	0.7292661	9615
GO:0051701	biological process involved in interaction with host	-2.992855021	4.788705602	0.151519902	0.971482082	0.92464016	9615
GO:0060326	cell chemotaxis	-2.650199691	4.679981768	0.117962464	0.833223473	0.76657912	9615
GO:0060333	type II interferon-mediated signaling pathway	-7.906578315	2.692846919	0.001212652	0.695294722	0.84918492	9615
GO:0060337	type I interferon-mediated signaling pathway	-6.958607315	3.56371834	0.009023414	0.664233183	0.89325982	9615
GO:0060396	growth hormone receptor signaling pathway	-2.639406018	3.780605306	0.014869777	0.735940547	0.84145668	9615
GO:0060416	response to growth hormone	-1.493415828	3.79560198	0.015392302	0.862994725	0.81525292	9615
GO:0070102	interleukin-6-mediated signaling pathway	-1.889773262	3.108226656	0.003159797	0.755848548	0.96641639	9615
GO:0070498	interleukin-1-mediated signaling pathway	-3.63638802	3.305781151	0.00498124	0.750391378	0.92143128	9615
GO:0070555	response to interleukin-1	-5.142064735	3.807128956	0.015806379	0.860240674	0.70568584	9615
GO:0070741	response to interleukin-6	-1.837304668	3.378397901	0.005888264	0.867587716	0.61911667	9615
GO:0071216	cellular response to biotic stimulus	-7.586700236	4.414304688	0.06398219	0.897331527	0.66807486	9615
GO:0071219	cellular response to molecule of bacterial origin	-7.567030709	4.347193362	0.054820751	0.837426515	0.98013568	9615
GO:0071222	cellular response to lipopolysaccharide	-7.838631998	4.316955307	0.051133499	0.827497613	0.66485401	9615
GO:0071346	cellular response to type II interferon	-9.158015195	3.490239485	0.007618512	0.76876993	0.64880274	9615
GO:0071347	cellular response to interleukin-1	-6.18243463	3.661718058	0.011308228	0.852115095	0.64166066	9615
GO:0071354	cellular response to interleukin-6	-2.132756848	3.355259906	0.005582636	0.85742651	0.61734511	9615
GO:0071356	cellular response to tumor necrosis factor	-7.567030709	4.332458659	0.052991914	0.838655213	0.70218069	9615
GO:0071357	cellular response to type I interferon	-6.958607315	3.566555331	0.009082568	0.766502138	0.97358666	9615
GO:0071375	cellular response to peptide hormone stimulus	-3.49757288	4.800387109	0.155650806	0.829217917	0.70795992	9615
GO:0071378	cellular response to growth hormone stimulus	-2.504608178	3.781468143	0.014899354	0.851163192	0.99604039	9615
GO:0071383	cellular response to steroid hormone stimulus	-1.438720377	4.488282725	0.075864702	0.839130982	0.92284062	9615
GO:0071496	cellular response to external stimulus	-5.262012674	5.407948076	0.630547083	0.884738946	0.63923322	9615
GO:0072538	T-helper 17 type immune response	-2.719267787	3.079543007	0.002957688	0.854945993	0.76604917	9615
GO:0072539	T-helper 17 cell differentiation	-2.95168796	3.028571253	0.002629878	0.762847342	0.96014596	9615
GO:0072540	T-helper 17 cell lineage commitment	-1.843541654	2.969415912	0.002294673	0.762866533	0.98248072	9615
GO:0090132	epithelium migration	-2.650199691	3.937868797	0.021359438	0.913929511	0.99425939	9615
GO:0098542	defense response to other organism	-7.640164518	5.518228264	0.812826942	0.857677284	0.83165422	9615
GO:0098586	cellular response to virus	-2.12865583	3.915083102	0.020267558	0.898210904	0.83428849	9615
GO:1901652	response to peptide	-3.586700236	4.918030337	0.204078021	0.846111794	0.81896366	9615
GO:1901653	cellular response to peptide	-2.913761219	4.812003727	0.159870441	0.829831209	0.97620869	9615
GO:1904385	cellular response to angiotensin	-1.416361054	3.435844366	0.006721346	0.858172595	0.79988669	9615
GO:1990776	response to angiotensin	-1.710421615	3.461498527	0.007130493	0.868726168	0.77607893	9615
GO:1990823	response to leukemia inhibitory factor	-1.821324057	3.755264891	0.014026836	0.861172428	0.6494683	9615
GO:1990830	cellular response to leukemia inhibitory factor	-1.821324057	3.748265573	0.013802545	0.851226116	0.70930042	9615
GO:1990868	response to chemokine	-1.975972471	4.336719832	0.053514438	0.849959753	0.76505383	9615
GO:1990869	cellular response to chemokine	-1.975972471	4.336719832	0.053514438	0.839076689	0.77305654	9615
GO:0009636	response to toxic substance	-5.040958608	5.624402774	1.03794152	0.856897652	0.2659479	null
GO:0000302	response to reactive oxygen species	-1.915857697	5.034592364	0.266906713	0.854766094	0.82944939	9636
GO:0006986	response to unfolded protein	-5.023650021	4.833790743	0.168095279	0.845806638	0.9685102	9636
GO:0030968	endoplasmic reticulum unfolded protein response	-4.543633967	4.639954399	0.107576049	0.716759119	0.95795731	9636
GO:0034599	cellular response to oxidative stress	-2.097566348	5.191749943	0.383281884	0.842742962	0.58330349	9636
GO:0034620	cellular response to unfolded protein	-4.882728704	4.793839258	0.153321627	0.833319877	0.52099425	9636
GO:0035455	response to interferon-alpha	-1.591018415	3.216957207	0.004059427	0.870158443	0.5670666	9636
GO:0035458	cellular response to interferon-beta	-1.885590232	3.145817714	0.003445707	0.861903096	0.56939894	9636
GO:0035723	interleukin-15-mediated signaling pathway	-2.457967978	3.182129214	0.003746405	0.753683418	0.52474903	9636
GO:0035966	response to topologically incorrect protein	-4.872895202	4.896542751	0.194226455	0.847642246	0.61975638	9636
GO:0035967	cellular response to topologically incorrect protein	-4.747146969	4.861420894	0.179137315	0.831715197	0.9803652	9636
GO:0036498	IRE1-mediated unfolded protein response	-4.730487056	3.773640193	0.014633162	0.747486198	0.83313474	9636
GO:0038110	interleukin-2-mediated signaling pathway	-1.843541654	2.845718018	0.001725318	0.762796134	0.56777976	9636
GO:0042542	response to hydrogen peroxide	-2.094602936	4.672291861	0.115892083	0.855049225	0.77330398	9636
GO:0046677	response to antibiotic	-2.421855182	5.11039777	0.317808527	0.86870224	0.55779467	9636
GO:0070669	response to interleukin-2	-1.591018415	2.88536122	0.001890456	0.875139134	0.54581508	9636
GO:0070672	response to interleukin-15	-2.286836771	3.193124598	0.00384253	0.870529547	0.56483149	9636
GO:0071104	response to interleukin-9	-1.409364186	2.619093331	0.001022867	0.878872989	0.53035353	9636
GO:0071350	cellular response to interleukin-15	-2.457967978	3.182129214	0.003746405	0.860267648	0.997476	9636
GO:0071352	cellular response to interleukin-2	-1.710421615	2.846955325	0.001730248	0.865529706	0.99177596	9636
GO:0071359	cellular response to dsRNA	-1.493415828	3.202760687	0.003928796	0.866355828	0.52624946	9636
GO:0071466	cellular response to xenobiotic stimulus	-2.911497486	4.793643733	0.153252614	0.859442657	0.54204934	9636
GO:1901654	response to ketone	-1.821324057	4.155093008	0.035223602	0.864903048	0.54643703	9636
GO:0009988	cell-cell recognition	-1.357760699	4.088667553	0.030227573	0.993755979	0.00784672	null
GO:0010171	body morphogenesis	-1.583632635	3.319106059	0.005136519	0.931770998	0.48923731	null
GO:0010256	endomembrane system organization	-4.310691141	5.414159118	0.63962965	0.963340388	0.35360358	null
GO:0010506	regulation of autophagy	-3.596879479	4.947889345	0.218602735	0.826089071	0.25375104	null
GO:0009895	negative regulation of catabolic process	-2.286761034	4.833586923	0.168016408	0.80186107	0.74546592	10506
GO:0009896	positive regulation of catabolic process	-1.859640497	5.362682234	0.568134932	0.739400604	0.82586431	10506
GO:0010507	negative regulation of autophagy	-2.777682379	4.226625679	0.041530872	0.80987568	0.7341393	10506
GO:0010508	positive regulation of autophagy	-1.547267741	4.663455918	0.113557974	0.75542597	0.85860537	10506
GO:0010822	positive regulation of mitochondrion organization	-1.480652082	4.119651722	0.032463093	0.769587994	0.83990383	10506
GO:0016241	regulation of macroautophagy	-2.388519816	4.3696796	0.057734074	0.838803082	0.80194862	10506
GO:0016242	negative regulation of macroautophagy	-2.299851185	3.827498508	0.016565519	0.819559382	0.79988776	10506
GO:0031330	negative regulation of cellular catabolic process	-2.087082991	4.739785879	0.135378318	0.796834203	0.88638434	10506
GO:0031331	positive regulation of cellular catabolic process	-2.196514001	5.132118745	0.334107853	0.739398055	0.86356207	10506
GO:1903146	regulation of autophagy of mitochondrion	-1.651881924	3.467608106	0.007231548	0.831016473	0.65219472	10506
GO:0016049	cell growth	-1.622474435	4.482673534	0.07489113	0.99544107	0.00841519	null
GO:0016050	vesicle organization	-1.651881924	5.29971862	0.49145933	0.959915638	0.47141241	null
GO:0018022	peptidyl-lysine methylation	-1.98741938	1.913813852	0.000199644	0.982437186	0.47022174	null
GO:0018105	peptidyl-serine phosphorylation	-1.428266648	2.350248018	0.000549637	0.978392201	0.37178016	null
GO:0018108	peptidyl-tyrosine phosphorylation	-4.91721463	2.255272505	0.000441188	0.977148125	0.07456052	null
GO:0007260	tyrosine phosphorylation of STAT protein	-2.929230548	1.079181246	2.71E-05	0.831840653	0.89519674	18108
GO:0018212	peptidyl-tyrosine modification	-4.841637508	2.274157849	0.000460906	0.98258346	0.3565187	null
GO:0019058	viral life cycle	-4.443697499	4.846219552	0.172975465	0.995394095	0	null
GO:0019079	viral genome replication	-3.232102384	3.984977126	0.023806925	0.995657154	0.84783056	19058
GO:0046718	symbiont entry into host cell	-3.655607726	4.429994384	0.066336017	0.968422715	0.91135022	19058
GO:0019827	stem cell population maintenance	-1.995492264	3.845718018	0.017275364	0.898193151	0.39221457	null
GO:0019915	lipid storage	-2.338683204	4.343290402	0.054330267	0.988034523	0.40045364	null
GO:0022407	regulation of cell-cell adhesion	-9.54668166	4.760603402	0.142025723	0.825874656	0.15538784	null
GO:0001952	regulation of cell-matrix adhesion	-3.068542129	3.902002891	0.019666162	0.844405073	0.80532732	22407
GO:0001954	positive regulation of cell-matrix adhesion	-1.633705239	3.394276527	0.006107626	0.792306028	0.84439669	22407
GO:0007162	negative regulation of cell adhesion	-5.020451625	4.48586333	0.075443232	0.798682262	0.88409284	22407
GO:0010810	regulation of cell-substrate adhesion	-5.040958608	4.262759495	0.045134322	0.837688005	0.85224254	22407
GO:0010811	positive regulation of cell-substrate adhesion	-2.361183099	4.036588977	0.026811444	0.775015658	0.91893416	22407
GO:0022408	negative regulation of cell-cell adhesion	-2.723524868	4.316871567	0.051123641	0.801660662	0.89638454	22407
GO:0022409	positive regulation of cell-cell adhesion	-8.978810701	4.617587396	0.102175804	0.757160259	0.94986597	22407
GO:0034116	positive regulation of heterotypic cell-cell adhesion	-1.478245211	3.372543801	0.005809393	0.792673394	0.74511807	22407
GO:0045785	positive regulation of cell adhesion	-9.53313238	4.733975247	0.133579058	0.755315233	0.9224297	22407
GO:0050870	positive regulation of T cell activation	-7.008330993	4.546271145	0.086702165	0.623887908	0.97711059	22407
GO:1903037	regulation of leukocyte cell-cell adhesion	-7.838631998	4.659669048	0.112572078	0.826653139	0.95756278	22407
GO:1903039	positive regulation of leukocyte cell-cell adhesion	-8.310691141	4.555046057	0.088471848	0.758585502	0.89445847	22407
GO:0022604	regulation of cell morphogenesis	-3.448550002	5.4333073	0.668462181	0.791957335	0.178927	null
GO:0008360	regulation of cell shape	-2.761657272	5.420011889	0.648308	0.779102651	0.9207592	22604
GO:0010770	positive regulation of cell morphogenesis	-1.670813848	3.509605705	0.00796604	0.7580673	0.64035821	22604
GO:0030502	negative regulation of bone mineralization	-1.889773262	3.384890797	0.005976995	0.755460278	0.65520344	22604
GO:0030856	regulation of epithelial cell differentiation	-2.893211636	3.986458213	0.023888262	0.75845941	0.61907388	22604
GO:0045598	regulation of fat cell differentiation	-1.40193158	3.907518846	0.019917565	0.815360404	0.64368712	22604
GO:0045604	regulation of epidermal cell differentiation	-1.533526937	3.654080235	0.011111049	0.768300981	0.62215052	22604
GO:0045665	negative regulation of neuron differentiation	-1.915857697	3.710625015	0.012656441	0.789702956	0.6268299	22604
GO:0045666	positive regulation of neuron differentiation	-1.827154714	3.904661458	0.019786934	0.749470423	0.87002927	22604
GO:0045667	regulation of osteoblast differentiation	-1.613554544	3.885587356	0.018936599	0.815880317	0.64176475	22604
GO:0045682	regulation of epidermis development	-1.992857413	3.672282625	0.011586744	0.83885725	0.58724135	22604
GO:0045765	regulation of angiogenesis	-1.57717453	4.460055487	0.071090501	0.749608677	0.75470951	22604
GO:0051153	regulation of striated muscle cell differentiation	-1.464699916	3.897572114	0.019466518	0.814903807	0.86085805	22604
GO:0051154	negative regulation of striated muscle cell differentiation	-1.632643333	3.02325246	0.002597836	0.806116069	0.66568126	22604
GO:0060252	positive regulation of glial cell proliferation	-1.38008693	2.775974331	0.001468985	0.727101766	0.64958215	22604
GO:0061035	regulation of cartilage development	-1.329660041	3.764624398	0.014332464	0.772410016	0.62494241	22604
GO:0070168	negative regulation of biomineral tissue development	-1.797415135	3.427648371	0.006595645	0.756250739	0.88686383	22604
GO:1901342	regulation of vasculature development	-2.006766282	4.464861981	0.071881682	0.750666669	0.68963314	22604
GO:1904018	positive regulation of vasculature development	-1.367247377	4.200248414	0.039083385	0.702928149	0.95821483	22604
GO:0030010	establishment of cell polarity	-1.79804477	4.678836927	0.117651907	0.995302983	0.00873006	null
GO:0030198	extracellular matrix organization	-1.455780785	5.022486108	0.259569181	0.965803065	0.32533338	null
GO:0030335	positive regulation of cell migration	-7.567030709	4.814780146	0.160895773	0.755779976	0.46238563	null
GO:0002685	regulation of leukocyte migration	-3.326058001	4.309118932	0.050219081	0.736930603	0.83092998	30335
GO:0002687	positive regulation of leukocyte migration	-3.287350298	4.180555941	0.037350672	0.691120968	0.88047275	30335
GO:0002688	regulation of leukocyte chemotaxis	-2.671042945	4.049683089	0.027632202	0.696765095	0.94398495	30335
GO:0002690	positive regulation of leukocyte chemotaxis	-2.279956607	3.975201962	0.023277006	0.657037323	0.93402628	30335
GO:0010594	regulation of endothelial cell migration	-1.497951468	4.143483211	0.034294395	0.758725309	0.95880332	30335
GO:0010595	positive regulation of endothelial cell migration	-2.121832908	3.961421094	0.022549908	0.715983029	0.93433593	30335
GO:0010632	regulation of epithelial cell migration	-1.753054823	4.273417995	0.046255779	0.755623182	0.82608907	30335
GO:0010634	positive regulation of epithelial cell migration	-2.237476955	4.120014252	0.032490205	0.710223115	0.87198634	30335
GO:0050920	regulation of chemotaxis	-2.252928225	4.524979982	0.082554007	0.760868761	0.79441824	30335
GO:0071675	regulation of mononuclear cell migration	-1.479740472	3.982542582	0.023673829	0.744626219	0.93499844	30335
GO:0071677	positive regulation of mononuclear cell migration	-1.982857558	3.835500328	0.016873611	0.703602646	0.91590234	30335
GO:0090025	regulation of monocyte chemotaxis	-1.710421615	3.342620043	0.005422428	0.72096119	0.71714482	30335
GO:2000147	positive regulation of cell motility	-7.567030709	4.864505148	0.180414051	0.754861968	0.98421194	30335
GO:2000403	positive regulation of lymphocyte migration	-1.493415828	3.592620821	0.009644528	0.712066218	0.95254319	30335
GO:2000406	positive regulation of T cell migration	-1.354450527	3.517063873	0.008104066	0.71463931	0.92187999	30335
GO:0030522	intracellular receptor signaling pathway	-2.760452781	4.769989929	0.14512883	0.77759761	0.31280229	null
GO:0030656	regulation of vitamin metabolic process	-1.710421615	3.266701967	0.004552375	0.875584513	0.18962662	null
GO:0031018	endocrine pancreas development	-2.330797799	3.647089429	0.010933587	0.889881952	0.40078276	null
GO:0001654	eye development	-1.41044411	4.749473496	0.138432131	0.871467601	0.66645513	31018
GO:0001701	in utero embryonic development	-1.898582792	4.120935693	0.032559218	0.884099176	0.76451992	31018
GO:0001890	placenta development	-1.911634912	3.680063427	0.011796246	0.926696071	0.56173703	31018
GO:0001892	embryonic placenta development	-1.39610272	3.442636526	0.00682733	0.889131868	0.89121579	31018
GO:0022612	gland morphogenesis	-1.915992788	3.654465334	0.011120908	0.921507854	0.55963191	31018
GO:0048568	embryonic organ development	-2.063320815	4.729941935	0.132344223	0.870976189	0.55902825	31018
GO:0048706	embryonic skeletal system development	-1.722172135	4.209300495	0.039906608	0.881917809	0.8585767	31018
GO:0048732	gland development	-1.495282468	4.475845452	0.073722843	0.918465483	0.63611498	31018
GO:0060706	cell differentiation involved in embryonic placenta development	-1.633705239	2.959994838	0.002245378	0.886040095	0.6465578	31018
GO:0072574	hepatocyte proliferation	-1.591018415	2.371067862	0.000576749	0.88373698	0.76581066	31018
GO:0072575	epithelial cell proliferation involved in liver morphogenesis	-1.591018415	2.371067862	0.000576749	0.88373698	0.97074447	31018
GO:0072576	liver morphogenesis	-1.478245211	2.523746467	0.000820758	0.898509715	0.69252473	31018
GO:0150063	visual system development	-1.39610272	4.750354089	0.138713112	0.876034966	0.99525765	31018
GO:0031098	stress-activated protein kinase signaling cascade	-1.996281768	3.722962809	0.013021222	0.79669313	0.39184792	null
GO:0031293	membrane protein intracellular domain proteolysis	-1.591018415	3.508798965	0.007951252	0.986383372	0.32880728	null
GO:0031343	positive regulation of cell killing	-1.587273128	4.016155512	0.025579073	0.796610498	0.40555892	null
GO:0031349	positive regulation of defense response	-9.242603971	4.683515319	0.118926178	0.708015212	0.43198905	null
GO:0002218	activation of innate immune response	-4.137868621	4.442009159	0.068196896	0.567773544	0.96169923	31349
GO:0002221	pattern recognition receptor signaling pathway	-3.779891912	4.345608951	0.054621107	0.522063959	0.94692605	31349
GO:0002224	toll-like receptor signaling pathway	-2.785280897	4.152410664	0.035006705	0.5329889	0.9647107	31349
GO:0002230	positive regulation of defense response to virus by host	-3.562249437	3.425860145	0.006568533	0.797037796	0.9286607	31349
GO:0002675	positive regulation of acute inflammatory response	-1.416123417	2.746634199	0.00137286	0.764549368	0.78427532	31349
GO:0002753	cytoplasmic pattern recognition receptor signaling pathway	-3.943095149	3.742332282	0.013615225	0.554678922	0.75178257	31349
GO:0002758	innate immune response-activating signaling pathway	-3.931814138	4.365693852	0.057206619	0.521017038	0.97278467	31349
GO:0002831	regulation of response to biotic stimulus	-7.106238238	4.877762841	0.186006546	0.779129893	0.5538577	31349
GO:0002861	regulation of inflammatory response to antigenic stimulus	-1.416361054	2.980911938	0.002356292	0.737961044	0.67595268	31349
GO:0002863	positive regulation of inflammatory response to antigenic stimulus	-1.992998672	2.604226053	0.000988361	0.71181579	0.64378971	31349
GO:0008593	regulation of Notch signaling pathway	-1.821324057	4.320229397	0.051520464	0.787120638	0.504153	31349
GO:0032102	negative regulation of response to external stimulus	-2.56709674	4.714480647	0.127715441	0.740543208	0.8187057	31349
GO:0032103	positive regulation of response to external stimulus	-3.991399828	4.811776022	0.15978664	0.705956107	0.70031398	31349
GO:0032872	regulation of stress-activated MAPK cascade	-1.409515396	4.255682479	0.044404759	0.772830884	0.76744855	31349
GO:0033032	regulation of myeloid cell apoptotic process	-1.416123417	3.199206479	0.003896754	0.858253625	0.60614741	31349
GO:0035872	nucleotide-binding domain, leucine rich repeat containing receptor signaling pathway	-2.61445396	2.685741739	0.001192934	0.602458532	0.65049175	31349
GO:0043122	regulation of canonical NF-kappaB signal transduction	-7.079354999	4.784945207	0.150213589	0.769683012	0.56397315	31349
GO:0043123	positive regulation of canonical NF-kappaB signal transduction	-4.374687549	4.731500125	0.132819918	0.704822174	0.69220543	31349
GO:0043124	negative regulation of canonical NF-kappaB signal transduction	-2.485128706	4.307880956	0.050076126	0.755036475	0.91274127	31349
GO:0045088	regulation of innate immune response	-7.718966633	4.804922774	0.157284929	0.669644569	0.8912529	31349
GO:0045089	positive regulation of innate immune response	-7.640164518	4.595198507	0.09704175	0.634292187	0.93714818	31349
GO:0050687	negative regulation of defense response to virus	-1.345244865	2.807535028	0.001579898	0.787233779	0.86435376	31349
GO:0050688	regulation of defense response to virus	-5.906578315	3.745543202	0.013716279	0.790213917	0.75213828	31349
GO:0050691	regulation of defense response to virus by host	-4.218244625	3.473048805	0.007322743	0.795885306	0.72310098	31349
GO:0050727	regulation of inflammatory response	-5.403402904	4.545059585	0.08646062	0.769384365	0.85257346	31349
GO:0050729	positive regulation of inflammatory response	-3.206209615	3.738384124	0.013491988	0.736304047	0.75524362	31349
GO:0051056	regulation of small GTPase mediated signal transduction	-2.198922579	5.005399321	0.249554942	0.762110394	0.76981632	31349
GO:0051896	regulation of phosphatidylinositol 3-kinase/protein kinase B signal transduction	-1.480652082	4.386498966	0.060013958	0.782219563	0.65269891	31349
GO:0051897	positive regulation of phosphatidylinositol 3-kinase/protein kinase B signal transduction	-1.721390906	4.038461196	0.026927286	0.731522797	0.72084573	31349
GO:0060544	regulation of necroptotic process	-1.889773262	3.356025857	0.005592495	0.855766947	0.61570324	31349
GO:0061045	negative regulation of wound healing	-1.663492276	3.920123326	0.020504173	0.762352214	0.93208558	31349
GO:0070232	regulation of T cell apoptotic process	-1.493415828	3.420120848	0.006482267	0.850666422	0.92623832	31349
GO:0070234	positive regulation of T cell apoptotic process	-1.710421615	2.949390007	0.002191154	0.796394419	0.87656925	31349
GO:0070302	regulation of stress-activated protein kinase signaling cascade	-1.370978279	4.257078306	0.044547714	0.773360227	0.78925764	31349
GO:1900744	regulation of p38MAPK cascade	-2.189378606	3.613101517	0.010110364	0.802476454	0.5786575	31349
GO:1901222	regulation of non-canonical NF-kappaB signal transduction	-1.782620352	4.1006462	0.031072979	0.790407334	0.62322657	31349
GO:1902041	regulation of extrinsic apoptotic signaling pathway via death domain receptors	-4.209714836	3.831805809	0.016730656	0.778131647	0.80266519	31349
GO:1902042	negative regulation of extrinsic apoptotic signaling pathway via death domain receptors	-3.239577517	3.790285164	0.015204982	0.753780761	0.87743261	31349
GO:1902235	regulation of endoplasmic reticulum stress-induced intrinsic apoptotic signaling pathway	-2.920437104	3.462248215	0.007142817	0.774260246	0.76299682	31349
GO:1902237	positive regulation of endoplasmic reticulum stress-induced intrinsic apoptotic signaling pathway	-1.409364186	3.217747073	0.004066821	0.730198416	0.8294983	31349
GO:1902532	negative regulation of intracellular signal transduction	-4.389339837	5.08570077	0.300239859	0.727581898	0.73806979	31349
GO:1903034	regulation of response to wounding	-1.771568841	4.188084374	0.038003829	0.787306969	0.71247525	31349
GO:1903035	negative regulation of response to wounding	-1.86889076	3.960470778	0.022500613	0.765306313	0.68779938	31349
GO:1903573	negative regulation of response to endoplasmic reticulum stress	-1.982857558	3.586362223	0.009506503	0.770235929	0.86694767	31349
GO:1904035	regulation of epithelial cell apoptotic process	-2.655952941	3.827756863	0.016575378	0.846868001	0.66356316	31349
GO:1904036	negative regulation of epithelial cell apoptotic process	-1.591018415	3.63124078	0.010541694	0.820353606	0.95812934	31349
GO:1905897	regulation of response to endoplasmic reticulum stress	-2.597439616	4.066586796	0.028729011	0.784546849	0.69908751	31349
GO:2000106	regulation of leukocyte apoptotic process	-3.49757288	3.724603515	0.013070517	0.848859872	0.65340751	31349
GO:2000107	negative regulation of leukocyte apoptotic process	-1.524633404	3.411788005	0.00635903	0.82238383	0.92487113	31349
GO:2000108	positive regulation of leukocyte apoptotic process	-2.090484514	3.407730728	0.006299876	0.785403765	0.62406451	31349
GO:2000109	regulation of macrophage apoptotic process	-1.409364186	2.195899652	0.000384499	0.869936073	0.80767296	31349
GO:2000351	regulation of endothelial cell apoptotic process	-1.888563635	3.695218919	0.012215252	0.848452096	0.6505711	31349
GO:2001233	regulation of apoptotic signaling pathway	-6.337242168	4.750847675	0.138870855	0.755228864	0.60032433	31349
GO:2001234	negative regulation of apoptotic signaling pathway	-4.038578906	4.517209098	0.081089951	0.730576089	0.89809595	31349
GO:2001235	positive regulation of apoptotic signaling pathway	-4.59345982	4.344902908	0.054532376	0.702778351	0.86510236	31349
GO:2001236	regulation of extrinsic apoptotic signaling pathway	-5.030584088	4.274873383	0.046411057	0.766031259	0.71149221	31349
GO:2001237	negative regulation of extrinsic apoptotic signaling pathway	-3.632644079	4.129303108	0.033192656	0.743023763	0.91843615	31349
GO:2001238	positive regulation of extrinsic apoptotic signaling pathway	-2.93099606	3.617629298	0.010216348	0.727432994	0.8579244	31349
GO:2001242	regulation of intrinsic apoptotic signaling pathway	-2.839026636	4.244029589	0.043229078	0.764774508	0.8520723	31349
GO:2001243	negative regulation of intrinsic apoptotic signaling pathway	-1.821324057	4.040483664	0.027052988	0.743766544	0.87187105	31349
GO:2001244	positive regulation of intrinsic apoptotic signaling pathway	-1.345485543	3.761551989	0.01423141	0.721014277	0.90707479	31349
GO:0031579	membrane raft organization	-2.91483541	3.580240508	0.009373407	0.969624445	0.25133645	null
GO:0007009	plasma membrane organization	-2.189378606	4.701939092	0.124079949	0.96294021	0.53804941	31579
GO:0007030	Golgi organization	-1.79804477	4.998551386	0.245650793	0.9606762	0.79044427	31579
GO:0046902	regulation of mitochondrial membrane permeability	-1.833368653	3.979275148	0.023496368	0.837101492	0.57090748	31579
GO:0032259	methylation	-1.843541654	6.027830532	2.627854206	0.995246128	0.05162717	null
GO:0032350	regulation of hormone metabolic process	-1.774864729	3.213517757	0.004027385	0.865510292	0.35595945	null
GO:0008210	estrogen metabolic process	-1.345244865	4.011062695	0.02528084	0.865463466	0.57492957	32350
GO:0046885	regulation of hormone biosynthetic process	-1.633705239	2.987666265	0.002393263	0.863422144	0.50964403	32350
GO:0032418	lysosome localization	-1.472082632	3.995679061	0.024400928	0.993242509	0.17882968	null
GO:0032606	type I interferon production	-4.090443971	0.602059991	7.39E-06	0.918199819	0.22348551	null
GO:0002367	cytokine production involved in immune response	-2.760452781	3.148602655	0.010987995	0.774014949	0.84533952	32606
GO:0002369	T cell cytokine production	-2.261516099	1.643452676	0.000105984	0.810625996	0.94374113	32606
GO:0002377	immunoglobulin production	-1.493415828	4.171258275	0.036559491	0.880347877	0.92797308	32606
GO:0032602	chemokine production	-1.843541654	0.301029996	2.46E-06	0.921374834	0.63605138	32606
GO:0032608	interferon-beta production	-2.338683204	0.602059991	7.39E-06	0.918199819	0.84533952	32606
GO:0032609	type II interferon production	-2.379225055	0.84509804	1.48E-05	0.916060541	0.86892547	32606
GO:0032611	interleukin-1 beta production	-1.740935552	2.921166051	0.000140983	0.90825126	0.95566331	32606
GO:0032612	interleukin-1 production	-1.783268089	1.763427994	0.000140983	0.90825126	0.95566331	32606
GO:0032615	interleukin-12 production	-2.212997583	2.285557309	0.000140983	0.90825126	0.95566331	32606
GO:0032616	interleukin-13 production	-1.797415135	3.952744024	0.000140983	0.90825126	0.95566331	32606
GO:0032623	interleukin-2 production	-1.684515203	1.763427994	0.000140983	0.90825126	0.95566331	32606
GO:0032634	interleukin-5 production	-1.885590232	3.952744024	0.000140983	0.90825126	0.95566331	32606
GO:0035743	CD4-positive, alpha-beta T cell cytokine production	-2.086176614	2.921166051	0.000105984	0.810625996	0.94374113	32606
GO:0071706	tumor necrosis factor superfamily cytokine production	-1.335787568	2.285557309	0.000140983	0.90825126	0.95566331	32606
GO:0032878	regulation of establishment or maintenance of cell polarity	-1.797415135	3.852052809	0.017529232	0.874025214	0.13419711	null
GO:0032880	regulation of protein localization	-3.621602099	4.991850479	0.2418896	0.817572165	0.17519061	null
GO:0002791	regulation of peptide secretion	-2.53703644	4.339987767	0.053918656	0.842410458	0.68940981	32880
GO:0002793	positive regulation of peptide secretion	-1.930928784	4.14500984	0.034415167	0.778952975	0.96968964	32880
GO:0010827	regulation of glucose transmembrane transport	-1.663492276	3.705007959	0.012493768	0.851239926	0.62225835	32880
GO:0010883	regulation of lipid storage	-2.256114662	3.97653338	0.023348484	0.852855836	0.64930386	32880
GO:0010884	positive regulation of lipid storage	-1.416361054	3.710371264	0.012649047	0.795812172	0.62277076	32880
GO:0032386	regulation of intracellular transport	-1.47174326	4.567614443	0.091069684	0.828017541	0.89359169	32880
GO:0032388	positive regulation of intracellular transport	-1.51728149	4.252318933	0.04406216	0.766429655	0.84641458	32880
GO:0042307	positive regulation of protein import into nucleus	-1.479740472	3.634376494	0.010618101	0.781530303	0.95287983	32880
GO:0050708	regulation of protein secretion	-2.236685537	4.434712581	0.06706065	0.828127771	0.92692775	32880
GO:0050714	positive regulation of protein secretion	-1.68259719	4.122936373	0.032709567	0.76743643	0.93717908	32880
GO:0051047	positive regulation of secretion	-2.141706244	4.496112849	0.077244957	0.769316776	0.86096956	32880
GO:0051222	positive regulation of protein transport	-2.887609183	4.402588055	0.062279055	0.759541806	0.8682619	32880
GO:0060627	regulation of vesicle-mediated transport	-1.38008693	5.088741906	0.302349676	0.819435754	0.78992041	32880
GO:1900180	regulation of protein localization to nucleus	-1.821324057	3.893817224	0.019298916	0.842984668	0.79847987	32880
GO:1900182	positive regulation of protein localization to nucleus	-2.086176614	3.787460475	0.015106392	0.779995505	0.78528536	32880
GO:1903532	positive regulation of secretion by cell	-2.309327875	4.457215569	0.070627129	0.762575528	0.79045127	32880
GO:1903747	regulation of establishment of protein localization to mitochondrion	-1.428266648	3.045714059	0.002735862	0.857768518	0.70411658	32880
GO:1903829	positive regulation of protein localization	-3.206209615	4.663936379	0.113683675	0.754584896	0.90907082	32880
GO:1904591	positive regulation of protein import	-1.38008693	1.857332496	0.000174997	0.821452529	0.6037075	32880
GO:1904951	positive regulation of establishment of protein localization	-3.027334408	4.491389712	0.07640941	0.758834443	0.93031222	32880
GO:1905475	regulation of protein localization to membrane	-1.679892781	4.412947491	0.063782546	0.831612791	0.86980966	32880
GO:1905666	regulation of protein localization to endosome	-2.180097065	3.66266341	0.011332875	0.847570816	0.77034796	32880
GO:1905668	positive regulation of protein localization to endosome	-2.180097065	3.658011397	0.011212103	0.783971425	0.76980211	32880
GO:0032922	circadian regulation of gene expression	-1.633705239	4.394679276	0.061155133	0.848829358	0.24085719	null
GO:0032970	regulation of actin filament-based process	-4.090443971	5.181909299	0.37469473	0.847373285	0.18196713	null
GO:0033619	membrane protein proteolysis	-1.879279914	4.338556091	0.053741195	0.98484505	0.16547331	null
GO:0034329	cell junction assembly	-3.342944147	4.849493121	0.174284242	0.95701855	0.35175669	null
GO:0007043	cell-cell junction assembly	-1.318684749	4.722304787	0.130037226	0.956781935	0.92262064	34329
GO:0007044	cell-substrate junction assembly	-2.485128706	3.484584529	0.007519922	0.963258796	0.70179353	34329
GO:0034332	adherens junction organization	-2.85523935	4.414321417	0.063984655	0.962358535	0.81142028	34329
GO:0034333	adherens junction assembly	-2.864225131	3.346744055	0.005474188	0.964386161	0.68800905	34329
GO:0048041	focal adhesion assembly	-2.485128706	2.911157609	0.002006298	0.959963254	0.93343865	34329
GO:0034330	cell junction organization	-3.562249437	5.184046607	0.376543285	0.964827333	0.33642811	null
GO:0034587	piRNA processing	-1.889773262	3.802226238	0.015628917	0.811947993	0.4074292	null
GO:0034976	response to endoplasmic reticulum stress	-3.493494968	5.010850957	0.252707345	0.8910701	0.27180443	null
GO:0035136	forelimb morphogenesis	-1.591018415	3.203576775	0.00393619	0.897427379	0.48152908	null
GO:0035270	endocrine system development	-2.237476955	3.955495329	0.02224428	0.889683505	0.49017612	null
GO:0036010	protein localization to endosome	-1.68259719	3.764624398	0.014332464	0.982254477	0.40571351	null
GO:0034067	protein localization to Golgi apparatus	-1.555265474	4.325310372	0.05212679	0.980791224	0.50182916	36010
GO:0034504	protein localization to nucleus	-1.487324741	5.053393481	0.278715283	0.978521901	0.70460841	36010
GO:0070585	protein localization to mitochondrion	-1.410844543	5.08953068	0.302899313	0.978396853	0.70966105	36010
GO:0072655	establishment of protein localization to mitochondrion	-1.512956104	5.087422906	0.301432793	0.978354292	0.61621291	36010
GO:0038093	Fc receptor signaling pathway	-1.919985491	3.270445908	0.004591811	0.670918786	0.44876064	null
GO:0002431	Fc receptor mediated stimulatory signaling pathway	-1.324465408	2.975891136	0.002329179	0.594867186	0.66258509	38093
GO:0002830	positive regulation of type 2 immune response	-1.478245211	3.005609445	0.002494317	0.709198878	0.58573167	38093
GO:0050856	regulation of T cell receptor signaling pathway	-1.385324246	3.616265405	0.010184306	0.722248091	0.92004261	38093
GO:0050862	positive regulation of T cell receptor signaling pathway	-1.710421615	3.350054094	0.005516088	0.690491731	0.56679758	38093
GO:2000551	regulation of T-helper 2 cell cytokine production	-1.409364186	2.57054294	0.000914419	0.693110054	0.8815406	38093
GO:0042058	regulation of epidermal growth factor receptor signaling pathway	-1.423341523	3.976212377	0.02333123	0.796610947	0.47769951	null
GO:0042326	negative regulation of phosphorylation	-5.91721463	4.095343732	0.030695874	0.804578449	0.22004931	null
GO:0001933	negative regulation of protein phosphorylation	-4.946921557	4.027512692	0.026256877	0.794174585	0.83781298	42326
GO:0033135	regulation of peptidyl-serine phosphorylation	-1.737944654	4.018492453	0.025717099	0.825932208	0.78131058	42326
GO:0042509	regulation of tyrosine phosphorylation of STAT protein	-3.04769199	3.909449047	0.020006296	0.826737528	0.94758305	42326
GO:0042531	positive regulation of tyrosine phosphorylation of STAT protein	-3.232102384	3.887110703	0.019003147	0.759430664	0.94463799	42326
GO:0050730	regulation of peptidyl-tyrosine phosphorylation	-4.709965389	4.21170775	0.040128435	0.821508926	0.77916711	42326
GO:0050731	positive regulation of peptidyl-tyrosine phosphorylation	-3.241088108	4.141104709	0.034107074	0.751589747	0.79526897	42326
GO:0050732	negative regulation of peptidyl-tyrosine phosphorylation	-1.583632635	3.275080898	0.004641106	0.8106259	0.88748586	42326
GO:0042362	fat-soluble vitamin biosynthetic process	-1.591018415	4.208495102	0.039832666	0.988521617	0.10077056	null
GO:0042590	antigen processing and presentation of exogenous peptide antigen via MHC class I	-2.187774107	3.228913406	0.004172805	0.905989233	0.47838873	null
GO:0002474	antigen processing and presentation of peptide antigen via MHC class I	-1.915857697	3.839289456	0.017021496	0.899153867	0.93424213	42590
GO:0002479	antigen processing and presentation of exogenous peptide antigen via MHC class I, TAP-dependent	-1.982857558	0.602059991	7.39E-06	0.928548465	0.72081615	42590
GO:0002483	antigen processing and presentation of endogenous peptide antigen	-2.180097065	3.621176282	0.010300149	0.901794261	0.86606496	42590
GO:0043161	proteasome-mediated ubiquitin-dependent protein catabolic process	-1.518410596	5.455161703	0.702961149	0.977390448	0.44683239	null
GO:0010498	proteasomal protein catabolic process	-1.327634542	5.550986178	0.876508433	0.977042654	0.81103095	43161
GO:0043254	regulation of protein-containing complex assembly	-4.555955204	5.120998148	0.325661189	0.816584361	0.16759663	null
GO:0008064	regulation of actin polymerization or depolymerization	-3.978810701	4.984554315	0.23785975	0.78093571	0.68829071	43254
GO:0010821	regulation of mitochondrion organization	-1.902156251	4.402278582	0.062234689	0.83554567	0.61789381	43254
GO:0010975	regulation of neuron projection development	-1.772226432	4.965747167	0.227778962	0.820618044	0.68576719	43254
GO:0010977	negative regulation of neuron projection development	-1.670813848	4.497081763	0.077417489	0.798732182	0.86676075	43254
GO:0030832	regulation of actin filament length	-3.93930216	4.993793219	0.242974086	0.781487183	0.92643468	43254
GO:0030833	regulation of actin filament polymerization	-3.359518563	4.974866168	0.232612318	0.778092046	0.99222547	43254
GO:0030838	positive regulation of actin filament polymerization	-3.232102384	4.009705788	0.025201968	0.738722414	0.83831087	43254
GO:0031334	positive regulation of protein-containing complex assembly	-4.769551079	4.491781776	0.076478423	0.757715906	0.78061277	43254
GO:0031345	negative regulation of cell projection organization	-1.754218819	4.57748031	0.093162249	0.796688012	0.87102473	43254
GO:0031346	positive regulation of cell projection organization	-1.702085621	4.713540942	0.12743939	0.750684005	0.89242819	43254
GO:0032271	regulation of protein polymerization	-3.474955193	5.018650577	0.257286832	0.818159508	0.86895027	43254
GO:0032273	positive regulation of protein polymerization	-2.53703644	4.278204672	0.046768445	0.764137681	0.89890367	43254
GO:0032535	regulation of cellular component size	-3.116338565	5.179658054	0.372757444	0.81770524	0.92772587	43254
GO:0032956	regulation of actin cytoskeleton organization	-3.931814138	5.172906364	0.367007205	0.813265408	0.97597435	43254
GO:0043242	negative regulation of protein-containing complex disassembly	-1.357760699	4.89928414	0.19545636	0.789367388	0.67699562	43254
GO:0050770	regulation of axonogenesis	-1.879279914	4.739105365	0.135166351	0.778002413	0.90482248	43254
GO:0051493	regulation of cytoskeleton organization	-1.98741938	5.317377945	0.511855055	0.811053331	0.8147363	43254
GO:0051495	positive regulation of cytoskeleton organization	-2.96683368	4.524162358	0.082398729	0.756194603	0.79860672	43254
GO:0071801	regulation of podosome assembly	-4.55129368	2.697229343	0.001224976	0.864618701	0.59119516	43254
GO:0071803	positive regulation of podosome assembly	-3.621602099	2.580924976	0.000936601	0.806593704	0.60495546	43254
GO:0110053	regulation of actin filament organization	-4.07007044	5.090085147	0.303286277	0.815034841	0.95046489	43254
GO:1901888	regulation of cell junction assembly	-1.424045021	4.381223415	0.059289325	0.835723757	0.76550907	43254
GO:1902903	regulation of supramolecular fiber organization	-3.087246696	5.156012766	0.353005016	0.818321812	0.71218288	43254
GO:1902905	positive regulation of supramolecular fiber organization	-3.020451625	4.492285338	0.076567153	0.758912276	0.85146948	43254
GO:0043903	regulation of biological process involved in symbiotic interaction	-4.793174124	3.654946227	0.011133231	0.883311737	0.12160547	null
GO:0044091	membrane biogenesis	-1.563938127	4.627560426	0.104549348	0.967242571	0.37517415	null
GO:0045444	fat cell differentiation	-1.681969071	3.899601659	0.019557713	0.923426224	0.4792262	null
GO:0045746	negative regulation of Notch signaling pathway	-2.342897468	3.933993164	0.021169653	0.769942928	0.47464294	null
GO:0002832	negative regulation of response to biotic stimulus	-1.531116012	3.863144346	0.017982744	0.769835949	0.55038337	45746
GO:0031664	regulation of lipopolysaccharide-mediated signaling pathway	-1.345244865	3.284881715	0.00474709	0.798455889	0.67554558	45746
GO:0045787	positive regulation of cell cycle	-2.162967789	4.766502077	0.143967938	0.770866811	0.46769112	null
GO:0051446	positive regulation of meiotic cell cycle	-1.416361054	4.017033339	0.025630833	0.792619281	0.87852125	45787
GO:0090068	positive regulation of cell cycle process	-1.474713417	4.739429929	0.135267405	0.770984959	0.70774287	45787
GO:1902806	regulation of cell cycle G1/S phase transition	-1.771568841	4.330312291	0.052730651	0.858755358	0.69787031	45787
GO:2000045	regulation of G1/S transition of mitotic cell cycle	-1.651881924	4.20846823	0.039830201	0.861095349	0.64753355	45787
GO:0045926	negative regulation of growth	-2.388519816	4.626976456	0.104408858	0.829286174	0.38144393	null
GO:0046209	nitric oxide metabolic process	-1.428266648	4.044970705	0.027333968	0.994662567	0.07260363	null
GO:0046425	regulation of receptor signaling pathway via JAK-STAT	-3.041914151	3.934801342	0.021209089	0.792966663	0.47470108	null
GO:0046426	negative regulation of receptor signaling pathway via JAK-STAT	-1.783268089	3.299507299	0.004909762	0.782967739	0.91760642	46425
GO:0046427	positive regulation of receptor signaling pathway via JAK-STAT	-3.211831629	3.760949951	0.014211692	0.738929716	0.97392381	46425
GO:1904893	negative regulation of receptor signaling pathway via STAT	-1.68259719	3.315550534	0.005094618	0.782564032	0.91945527	46425
GO:1904894	positive regulation of receptor signaling pathway via STAT	-3.026410377	3.770778396	0.014537038	0.738619614	0.97519844	46425
GO:0046685	response to arsenic-containing substance	-1.354450527	4.279552881	0.046913864	0.884155814	0.47055713	null
GO:0046834	lipid phosphorylation	-1.392830332	3.790073948	0.015197588	0.988202793	0.26466895	null
GO:0048193	Golgi vesicle transport	-1.853684266	5.534004518	0.842896772	0.984397712	0.24180276	null
GO:0006909	phagocytosis	-1.633705239	4.583357495	0.09443159	0.986519627	0.6049092	48193
GO:0048872	homeostasis of number of cells	-3.248720896	4.331771356	0.052908112	0.905198479	0.33165317	null
GO:0001776	leukocyte homeostasis	-1.424045021	3.79021477	0.015202517	0.845662906	0.89751812	48872
GO:0002262	myeloid cell homeostasis	-3.338187314	4.129012793	0.033170473	0.838929699	0.86470492	48872
GO:0006882	intracellular zinc ion homeostasis	-1.771359537	4.374675041	0.058402018	0.991686314	0.74745513	48872
GO:0030003	intracellular monoatomic cation homeostasis	-1.846600947	5.641316427	1.079161835	0.990222754	0.62693654	48872
GO:0030218	erythrocyte differentiation	-2.247941022	4.058198188	0.028179374	0.80085625	0.93173895	48872
GO:0034101	erythrocyte homeostasis	-2.238740497	4.069853021	0.028945909	0.840009281	0.98133691	48872
GO:0050673	epithelial cell proliferation	-3.116906641	3.95679252	0.022310828	0.97490495	0.00767322	null
GO:0010463	mesenchymal cell proliferation	-1.38008693	3.030194785	0.002639737	0.977325138	0.72581251	50673
GO:0033002	muscle cell proliferation	-1.995492264	3.321391278	0.005163631	0.97661134	0.75245445	50673
GO:0048144	fibroblast proliferation	-1.608772707	3.147367108	0.00345803	0.977042766	0.7363041	50673
GO:0048659	smooth muscle cell proliferation	-2.169236558	2.442479769	0.000680268	0.978650202	0.67734598	50673
GO:0070661	leukocyte proliferation	-2.286761034	3.782042417	0.014919072	0.975395678	0.79882151	50673
GO:0050678	regulation of epithelial cell proliferation	-2.954338325	4.403703766	0.062439263	0.841565775	0.14631242	null
GO:0048145	regulation of fibroblast proliferation	-1.647226202	3.577146985	0.009306859	0.857873928	0.65454876	50678
GO:0048146	positive regulation of fibroblast proliferation	-1.888563635	3.425208051	0.006558674	0.795324957	0.64108278	50678
GO:0048660	regulation of smooth muscle cell proliferation	-2.237476955	3.672282625	0.011586744	0.856169117	0.66327154	50678
GO:0048661	positive regulation of smooth muscle cell proliferation	-1.992857413	3.320769228	0.005156236	0.797862202	0.63214251	50678
GO:0050680	negative regulation of epithelial cell proliferation	-2.93329549	3.870345371	0.018283443	0.82057173	0.6821973	50678
GO:0070663	regulation of leukocyte proliferation	-2.838812342	4.455316994	0.070319037	0.840423199	0.74497317	50678
GO:2000178	negative regulation of neural precursor cell proliferation	-2.315464318	2.931966115	0.002104888	0.83982298	0.68773652	50678
GO:0050792	regulation of viral process	-4.108462542	4.094016681	0.030602214	0.87635702	0.12992252	null
GO:0050817	coagulation	-1.821324057	4.504389297	0.078731195	0.910603652	0.44220351	null
GO:0051090	regulation of DNA-binding transcription factor activity	-4.89279003	2.943988875	0.002164042	0.832067086	0.1946918	null
GO:0000079	regulation of cyclin-dependent protein serine/threonine kinase activity	-2.005979739	2.11058971	0.000315487	0.824590704	0.91996405	51090
GO:0006469	negative regulation of protein kinase activity	-2.171059707	2.546542663	0.000865124	0.794032231	0.92860198	51090
GO:0007176	regulation of epidermal growth factor-activated receptor activity	-1.633705239	1.672097858	0.000113378	0.779634256	0.84540762	51090
GO:0010950	positive regulation of endopeptidase activity	-1.786936484	2.426511261	0.000655621	0.777012926	0.9838789	51090
GO:0010952	positive regulation of peptidase activity	-2.378878164	2.46834733	0.000722169	0.776363559	0.95770664	51090
GO:0032088	negative regulation of NF-kappaB transcription factor activity	-2.132756848	2.240549248	0.0004264	0.839867562	0.88851471	51090
GO:0032147	activation of protein kinase activity	-1.379315518	2.320146286	0.000512666	0.770380431	0.89978387	51090
GO:0032781	positive regulation of ATP-dependent activity	-1.345485543	2.004321374	0.000246474	0.865564446	0.68014151	51090
GO:0033673	negative regulation of kinase activity	-2.165194134	2.57054294	0.000914419	0.798209013	0.9833322	51090
GO:0043087	regulation of GTPase activity	-3.473660723	2.746634199	0.00137286	0.849835749	0.89688351	51090
GO:0043154	negative regulation of cysteine-type endopeptidase activity involved in apoptotic process	-2.03676351	2.120573931	0.000322881	0.785858182	0.95161099	51090
GO:0043280	positive regulation of cysteine-type endopeptidase activity involved in apoptotic process	-1.758456109	2.342422681	0.000539778	0.778765202	0.97216851	51090
GO:0043281	regulation of cysteine-type endopeptidase activity involved in apoptotic process	-3.832682665	2.546542663	0.000865124	0.830111874	0.71826847	51090
GO:0043405	regulation of MAP kinase activity	-2.760452781	2.462397998	0.00071231	0.822691753	0.91257775	51090
GO:0043406	positive regulation of MAP kinase activity	-1.687102126	2.238046103	0.000423935	0.720000299	0.93118535	51090
GO:0043433	negative regulation of DNA-binding transcription factor activity	-2.948348229	2.480006943	0.000741887	0.835901455	0.71337408	51090
GO:0043547	positive regulation of GTPase activity	-2.50495143	2.558708571	0.000889771	0.852166157	0.89798731	51090
GO:0051091	positive regulation of DNA-binding transcription factor activity	-2.412112099	2.756636108	0.001404902	0.83347465	0.93946695	51090
GO:0051092	positive regulation of NF-kappaB transcription factor activity	-2.842759073	2.531478917	0.000835547	0.8373741	0.91394482	51090
GO:0051098	regulation of binding	-1.438720377	2.691965103	0.001210187	0.856053195	0.72919588	51090
GO:0051099	positive regulation of binding	-2.341518579	2.380211242	0.000589073	0.860355611	0.70615216	51090
GO:0051348	negative regulation of transferase activity	-2.437057726	2.64246452	0.001079556	0.852504999	0.87844791	51090
GO:0052547	regulation of peptidase activity	-2.957174142	2.722633923	0.001298918	0.828890714	0.91312173	51090
GO:0052548	regulation of endopeptidase activity	-2.836892915	2.675778342	0.001165822	0.828099426	0.98168764	51090
GO:0071900	regulation of protein serine/threonine kinase activity	-3.619788758	2.710963119	0.001264412	0.81846282	0.73064743	51090
GO:0071901	negative regulation of protein serine/threonine kinase activity	-2.269685529	2.23299611	0.000419006	0.800114972	0.96522418	51090
GO:1904029	regulation of cyclin-dependent protein kinase activity	-1.853684266	2.133538908	0.00033274	0.824603482	0.88350439	51090
GO:2000116	regulation of cysteine-type endopeptidase activity	-3.657577319	2.587710965	0.00095139	0.829545792	0.97838847	51090
GO:2000117	negative regulation of cysteine-type endopeptidase activity	-1.753054823	2.161368002	0.000354923	0.80916362	0.9701596	51090
GO:2001056	positive regulation of cysteine-type endopeptidase activity	-1.566530917	2.382017043	0.000591538	0.777889871	0.98769261	51090
GO:0051235	maintenance of location	-3.440093375	5.008340369	0.251250683	0.992085984	0.21295228	null
GO:0051258	protein polymerization	-3.123205024	4.858765713	0.178045435	0.960427762	0.47696036	null
GO:0051726	regulation of cell cycle	-2.063320815	5.568808139	0.913225668	0.837347155	0.20021427	null
GO:0060324	face development	-2.548951725	3.316180099	0.005102012	0.933378314	0.38256085	null
GO:0021877	forebrain neuron fate commitment	-2.180097065	2.829303773	0.001661235	0.888016118	0.58996304	60324
GO:0060323	head morphogenesis	-1.436159833	3.189770956	0.003812953	0.929950642	0.96137991	60324
GO:0060325	face morphogenesis	-1.354450527	3.104487111	0.003132685	0.930645448	0.60843963	60324
GO:0060759	regulation of response to cytokine stimulus	-4.982966661	3.994932737	0.024359027	0.804530088	0.47906744	null
GO:0061687	detoxification of inorganic compound	-3.906578315	4.236134017	0.04245022	0.883084957	0.46674227	null
GO:0097237	cellular response to toxic substance	-2.238740497	5.546463694	0.867428331	0.839300035	0.72259005	61687
GO:0098754	detoxification	-2.095422229	5.605018296	0.992632202	0.855327407	0.96592706	61687
GO:0061919	process utilizing autophagic mechanism	-4.91721463	5.253388896	0.441730733	0.994845045	0.00980456	null
GO:0070193	synaptonemal complex organization	-1.416361054	3.747178671	0.013768039	0.968659538	0.35287206	null
GO:0070482	response to oxygen levels	-1.992968716	4.615918504	0.10178391	0.914324732	0.21881625	null
GO:0009612	response to mechanical stimulus	-1.915857697	4.351429088	0.055358064	0.898056471	0.62232317	70482
GO:0036293	response to decreased oxygen levels	-1.457779036	4.531951275	0.083889896	0.914586097	0.9050345	70482
GO:0071260	cellular response to mechanical stimulus	-1.806140174	3.628184508	0.010467751	0.89780761	0.55776303	70482
GO:0071453	cellular response to oxygen levels	-1.479740472	4.078674273	0.029539911	0.867906852	0.5962952	70482
GO:0071479	cellular response to ionizing radiation	-1.39610272	3.828724327	0.016612349	0.913859387	0.68842146	70482
GO:0070528	protein kinase C signaling	-1.479740472	3.148602655	0.003467889	0.817980609	0.3358207	null
GO:0070757	interleukin-35-mediated signaling pathway	-1.992998672	0.301029996	2.46E-06	0.820647948	0.31461986	null
GO:0071514	genomic imprinting	-2.91483541	3.037824751	0.002686567	0.75341165	0.49827377	null
GO:0007281	germ cell development	-1.363777345	4.779134537	0.14821715	0.861010906	0.90490045	71514
GO:0022412	cellular process involved in reproduction in multicellular organism	-2.247867469	4.908265135	0.199540434	0.897133671	0.70523304	71514
GO:0030728	ovulation	-2.194162507	2.936513742	0.002127071	0.922698133	0.55994325	71514
GO:0048608	reproductive structure development	-2.388519816	4.752501722	0.139400774	0.872403046	0.64591235	71514
GO:0060008	Sertoli cell differentiation	-1.68259719	2.738780558	0.001348213	0.885531185	0.7374025	71514
GO:0060065	uterus development	-1.416361054	2.967079734	0.002282349	0.894868377	0.75988879	71514
GO:0071559	response to transforming growth factor beta	-1.692575552	4.304748959	0.049716274	0.907323897	0.20747103	null
GO:0071560	cellular response to transforming growth factor beta stimulus	-1.409515396	4.296072566	0.048732843	0.907022054	0.80828061	71559
GO:0071800	podosome assembly	-4.567030709	2.898725182	0.001949609	0.96729504	0.31022	null
GO:0072593	reactive oxygen species metabolic process	-1.687102126	5.133181107	0.334926147	0.989570468	0.07504225	null
GO:0072659	protein localization to plasma membrane	-4.07007044	4.900765732	0.196124305	0.981074082	0.00911595	null
GO:0072676	lymphocyte migration	-3.454692884	3.599227863	0.009792413	0.888237884	0.00577012	null
GO:0002440	production of molecular mediator of immune response	-1.821324057	4.175308825	0.03690209	0.882725296	0.53923932	72676
GO:0002548	monocyte chemotaxis	-2.187774107	3.230448921	0.004187594	0.799380493	0.91118344	72676
GO:0030595	leukocyte chemotaxis	-2.838812342	4.169145201	0.03638203	0.775885281	0.86758545	72676
GO:0048247	lymphocyte chemotaxis	-1.982857558	3.07114529	0.002900999	0.803207619	0.89418737	72676
GO:0071674	mononuclear cell migration	-1.95204925	3.786609473	0.015076816	0.886712709	0.88998005	72676
GO:0072677	eosinophil migration	-1.345244865	3.717587297	0.012861014	0.887337087	0.88159798	72676
GO:0072678	T cell migration	-2.23941122	3.412628521	0.006371353	0.890592357	0.93142492	72676
GO:0097529	myeloid leukocyte migration	-1.679892781	4.154089069	0.035142265	0.881317257	0.93742995	72676
GO:1990266	neutrophil migration	-1.328992165	3.814513952	0.0160775	0.885982965	0.92316086	72676
GO:0090066	regulation of anatomical structure size	-2.053874316	5.258462476	0.446921475	0.846840518	0.47849519	null
GO:0007596	blood coagulation	-1.893491507	4.502782058	0.078440356	0.717654027	0.52112251	90066
GO:0007599	hemostasis	-1.802789321	4.504919198	0.07882732	0.862258039	0.94402789	90066
GO:0050878	regulation of body fluid levels	-1.957685182	4.674190359	0.116399819	0.860032697	0.53802829	90066
GO:0090130	tissue migration	-2.760452781	3.955013903	0.022219633	0.916903226	0.38115512	null
GO:0090559	regulation of membrane permeability	-2.655952941	4.016824494	0.025618509	0.872403436	0.12159362	null
GO:0097191	extrinsic apoptotic signaling pathway	-5.739928612	4.27616298	0.046549083	0.763168712	0.28514844	null
GO:0006925	inflammatory cell apoptotic process	-1.982857558	2.847572659	0.001732712	0.977015029	0.59094362	97191
GO:0007173	epidermal growth factor receptor signaling pathway	-1.985732047	4.170643023	0.036507731	0.783335348	0.50844781	97191
GO:0007219	Notch signaling pathway	-3.931814138	4.594657687	0.096920978	0.771775604	0.54242351	97191
GO:0008625	extrinsic apoptotic signaling pathway via death domain receptors	-3.777283529	3.716587578	0.012831437	0.779593965	0.80351318	97191
GO:0008630	intrinsic apoptotic signaling pathway in response to DNA damage	-2.187774107	4.14940388	0.03476516	0.766675885	0.85473078	97191
GO:0033028	myeloid cell apoptotic process	-1.632643333	3.010723865	0.002523894	0.9766055	0.60311604	97191
GO:0038127	ERBB signaling pathway	-1.566530917	4.228503017	0.041710798	0.781652507	0.71020921	97191
GO:0044346	fibroblast apoptotic process	-1.68259719	2.549003262	0.000870053	0.977730471	0.56987744	97191
GO:0048008	platelet-derived growth factor receptor signaling pathway	-1.783268089	3.748110467	0.013797615	0.794881142	0.66345326	97191
GO:0070059	intrinsic apoptotic signaling pathway in response to endoplasmic reticulum stress	-1.827154714	3.792951708	0.015298642	0.775420052	0.87751522	97191
GO:0070227	lymphocyte apoptotic process	-1.702083849	3.335056519	0.005328768	0.974696131	0.96211703	97191
GO:0070231	T cell apoptotic process	-1.995492264	3.26927939	0.004579487	0.974874442	0.62345865	97191
GO:0070266	necroptotic process	-1.563938127	3.349860082	0.005513624	0.976264721	0.61171261	97191
GO:0071887	leukocyte apoptotic process	-4.061480275	3.464936429	0.007187182	0.97538949	0.6397835	97191
GO:0072577	endothelial cell apoptotic process	-1.633705239	2.477121255	0.000736957	0.976909754	0.85552272	97191
GO:0097193	intrinsic apoptotic signaling pathway	-3.562249437	4.414588994	0.064024091	0.767126289	0.8894661	97191
GO:0097284	hepatocyte apoptotic process	-3.621602099	2.667452953	0.001143639	0.976465173	0.57805616	97191
GO:1904019	epithelial cell apoptotic process	-4.085128182	3.298853076	0.004902368	0.975847649	0.62587272	97191
GO:0097696	receptor signaling pathway via STAT	-3.63638802	3.927626962	0.020861561	0.791473896	0.49082672	null
GO:0098727	maintenance of cell number	-1.911634912	3.853819846	0.01760071	0.934159309	0.3926859	null
GO:1902946	protein localization to early endosome	-1.409364186	3.531223375	0.008372722	0.98280245	0.45151237	null
GO:1903008	organelle disassembly	-2.446359542	5.003693128	0.24857644	0.959778349	0.44303608	null
GO:1903320	regulation of protein modification by small protein conjugation or removal	-2.706266961	4.539389782	0.085339164	0.822605407	0.2363352	null
GO:0031396	regulation of protein ubiquitination	-1.333153372	4.489677292	0.076108712	0.823807016	0.99029387	1903320
GO:0045862	positive regulation of proteolysis	-2.607589741	4.951458949	0.220406925	0.742088792	0.57781753	1903320
GO:0090085	regulation of protein deubiquitination	-2.653706109	3.427648371	0.006595645	0.846155921	0.84520058	1903320
GO:1903321	negative regulation of protein modification by small protein conjugation or removal	-1.392830332	3.959327646	0.022441459	0.804051863	0.91210826	1903320
GO:1903900	regulation of viral life cycle	-4.216811309	4.00548081	0.024957959	0.867760673	0.1281552	null
GO:0045069	regulation of viral genome replication	-3.438898616	3.833656997	0.016802134	0.87050855	0.95241117	1903900
GO:0045071	negative regulation of viral genome replication	-4.189767482	3.759138816	0.014152538	0.840363303	0.94288572	1903900
GO:0046596	regulation of viral entry into host cell	-2.392845763	3.593175263	0.009656852	0.874383295	0.9223398	1903900
GO:0048525	negative regulation of viral process	-3.931814138	3.868879446	0.018221824	0.838364833	0.95698078	1903900
GO:1903901	negative regulation of viral life cycle	-3.832682665	3.309417226	0.00502314	0.848944853	0.8892062	1903900
GO:1904892	regulation of receptor signaling pathway via STAT	-2.870341038	3.94512377	0.02171929	0.797427125	0.47544497	null
GO:1990169	stress response to copper ion	-4.21395879	3.598790507	0.009782554	0.880136611	0.41710172	null
GO:0010038	response to metal ion	-1.951347588	5.125569092	0.329106895	0.860283167	0.81535176	1990169
GO:0010273	detoxification of copper ion	-4.21395879	3.413802517	0.006388607	0.881284169	0.90582408	1990169
GO:0046686	response to cadmium ion	-1.924674293	4.066512278	0.028724082	0.878875934	0.69154533	1990169
GO:0046688	response to copper ion	-2.928731591	3.993612558	0.024285085	0.880065736	0.6750645	1990169
GO:0071241	cellular response to inorganic substance	-2.229903287	4.754447723	0.140026818	0.853413199	0.66223973	1990169
GO:0071248	cellular response to metal ion	-2.378878164	4.630305808	0.105212363	0.853669209	0.80962978	1990169
GO:0071276	cellular response to cadmium ion	-3.48148606	3.546542663	0.008673421	0.873566949	0.61315397	1990169
GO:0071280	cellular response to copper ion	-2.639406018	3.254064453	0.004421744	0.876750962	0.86413256	1990169
GO:0071294	cellular response to zinc ion	-3.237321436	3.236789099	0.004249212	0.878330527	0.70547214	1990169
GO:0097501	stress response to metal ion	-3.621602099	3.89181612	0.019210185	0.876934875	0.64056102	1990169
GO:1990778	protein localization to cell periphery	-3.387216143	4.957741337	0.223618481	0.980899889	0.49606355	null
GO:0010876	lipid localization	-1.555110682	5.60644371	0.995895517	0.985290161	0.51408788	1990778
GO:2000114	regulation of establishment of cell polarity	-1.493415828	3.706461738	0.012535668	0.876385714	0.13132689	null
GO:2000269	regulation of fibroblast apoptotic process	-1.38008693	2.855519156	0.001764754	0.863794833	0.11672842	null
GO:2000377	regulation of reactive oxygen species metabolic process	-2.074590229	4.036109667	0.026781867	0.856942858	0.21803721	null
GO:2001057	reactive nitrogen species metabolic process	-2.023288336	4.650142324	0.11012952	0.994177349	0.02657512	null
