probeID	gene_symbol	logFC	AveExpr	t	P.Value	adj.P.Val	B	url
214710_s_at	<a href='https://www.ncbi.nlm.nih.gov/gene?term=CCNB1[Gene Name] AND Homo sapiens[Organism]' target='_blank'>CCNB1</a>	-0.61677308533134	11.3007987882836	-13.8997829788311	8.69525062972115e-44	6.50361270849994e-40	88.5556358049468	<a href='https://www.ncbi.nlm.nih.gov/gene?term=CCNB1[Gene Name] AND Homo sapiens[Organism]' target='_blank'>CCNB1</a>
206932_at	<a href='https://www.ncbi.nlm.nih.gov/gene?term=CH25H[Gene Name] AND Homo sapiens[Organism]' target='_blank'>CH25H</a>	1.49548568442474	7.37823571208941	13.4123771785672	6.71893836207887e-41	2.01017197916676e-37	81.988831617032	<a href='https://www.ncbi.nlm.nih.gov/gene?term=CH25H[Gene Name] AND Homo sapiens[Organism]' target='_blank'>CH25H</a>
225239_at	<a href='https://www.ncbi.nlm.nih.gov/gene?term=NEAT1[Gene Name] AND Homo sapiens[Organism]' target='_blank'>NEAT1</a>	-1.03868979941826	9.15507821927213	-13.3009290733663	2.9751619440523e-40	7.4175745868464e-37	80.5202176466334	<a href='https://www.ncbi.nlm.nih.gov/gene?term=NEAT1[Gene Name] AND Homo sapiens[Organism]' target='_blank'>NEAT1</a>
209026_x_at	<a href='https://www.ncbi.nlm.nih.gov/gene?term=TUBB[Gene Name] AND Homo sapiens[Organism]' target='_blank'>TUBB</a>	0.557389101821029	11.2137427527882	12.272535603888	1.54044040587349e-34	2.88043100393269e-31	67.5467461203271	<a href='https://www.ncbi.nlm.nih.gov/gene?term=TUBB[Gene Name] AND Homo sapiens[Organism]' target='_blank'>TUBB</a>
220295_x_at	<a href='https://www.ncbi.nlm.nih.gov/gene?term=DEPDC1[Gene Name] AND Homo sapiens[Organism]' target='_blank'>DEPDC1</a>	-0.726413331424421	10.1846055101913	-12.2813604762043	1.38204316446667e-34	2.88043100393269e-31	67.6536358962921	<a href='https://www.ncbi.nlm.nih.gov/gene?term=DEPDC1[Gene Name] AND Homo sapiens[Organism]' target='_blank'>DEPDC1</a>
202911_at	<a href='https://www.ncbi.nlm.nih.gov/gene?term=MSH6[Gene Name] AND Homo sapiens[Organism]' target='_blank'>MSH6</a>	0.600332244838208	10.8430028562486	12.0012816411408	4.16819492411365e-33	5.66836616998328e-30	64.2987051982383	<a href='https://www.ncbi.nlm.nih.gov/gene?term=MSH6[Gene Name] AND Homo sapiens[Organism]' target='_blank'>MSH6</a>
202870_s_at	<a href='https://www.ncbi.nlm.nih.gov/gene?term=CDC20[Gene Name] AND Homo sapiens[Organism]' target='_blank'>CDC20</a>	-0.522588025386904	11.3239628476938	-11.8505194770915	2.5263495083388e-32	3.14930519127001e-29	62.5248389716803	<a href='https://www.ncbi.nlm.nih.gov/gene?term=CDC20[Gene Name] AND Homo sapiens[Organism]' target='_blank'>CDC20</a>
225328_at	<a href='https://www.ncbi.nlm.nih.gov/gene?term=FBXO32[Gene Name] AND Homo sapiens[Organism]' target='_blank'>FBXO32</a>	0.694290262753396	10.1625349002757	11.6703620774025	2.11320416299447e-31	2.43164777494109e-28	60.4345177839646	<a href='https://www.ncbi.nlm.nih.gov/gene?term=FBXO32[Gene Name] AND Homo sapiens[Organism]' target='_blank'>FBXO32</a>
204092_s_at	<a href='https://www.ncbi.nlm.nih.gov/gene?term=AURKA[Gene Name] AND Homo sapiens[Organism]' target='_blank'>AURKA</a>	-0.552544003473553	10.8886334127984	-11.1746738732832	6.19051663170972e-29	5.78774614335911e-26	54.8484300433373	<a href='https://www.ncbi.nlm.nih.gov/gene?term=AURKA[Gene Name] AND Homo sapiens[Organism]' target='_blank'>AURKA</a>
201930_at	<a href='https://www.ncbi.nlm.nih.gov/gene?term=MCM6[Gene Name] AND Homo sapiens[Organism]' target='_blank'>MCM6</a>	0.719699315418222	9.73052009273851	10.8117554843577	3.40005204887765e-27	2.99184579995064e-24	50.912285828951	<a href='https://www.ncbi.nlm.nih.gov/gene?term=MCM6[Gene Name] AND Homo sapiens[Organism]' target='_blank'>MCM6</a>
205034_at	<a href='https://www.ncbi.nlm.nih.gov/gene?term=CCNE2[Gene Name] AND Homo sapiens[Organism]' target='_blank'>CCNE2</a>	1.14315514594843	7.67028366165096	10.6260644476512	2.51171206508112e-26	1.87863503907742e-23	48.9485689073075	<a href='https://www.ncbi.nlm.nih.gov/gene?term=CCNE2[Gene Name] AND Homo sapiens[Organism]' target='_blank'>CCNE2</a>
224657_at	<a href='https://www.ncbi.nlm.nih.gov/gene?term=ERRFI1[Gene Name] AND Homo sapiens[Organism]' target='_blank'>ERRFI1</a>	-0.89338812428908	8.81228049104509	-10.4541569637821	1.55203709925561e-25	1.05531468035294e-22	47.1609403874225	<a href='https://www.ncbi.nlm.nih.gov/gene?term=ERRFI1[Gene Name] AND Homo sapiens[Organism]' target='_blank'>ERRFI1</a>
238909_at	<a href='https://www.ncbi.nlm.nih.gov/gene?term=S100A10[Gene Name] AND Homo sapiens[Organism]' target='_blank'>S100A10</a>	-1.28867640994767	6.75240805221941	-10.4218525931305	2.17834908642849e-25	1.41677930364712e-22	46.8282685058685	<a href='https://www.ncbi.nlm.nih.gov/gene?term=S100A10[Gene Name] AND Homo sapiens[Organism]' target='_blank'>S100A10</a>
201289_at	<a href='https://www.ncbi.nlm.nih.gov/gene?term=CCN1[Gene Name] AND Homo sapiens[Organism]' target='_blank'>CCN1</a>	-0.547684553836755	10.6044350973577	-10.3171134923171	6.49253457866576e-25	3.88487299049044e-22	45.7567411438223	<a href='https://www.ncbi.nlm.nih.gov/gene?term=CCN1[Gene Name] AND Homo sapiens[Organism]' target='_blank'>CCN1</a>
235425_at	<a href='https://www.ncbi.nlm.nih.gov/gene?term=SGO2[Gene Name] AND Homo sapiens[Organism]' target='_blank'>SGO2</a>	-0.634429742056053	9.99528162982777	-10.2073641684385	2.01547297160731e-24	1.11664667341754e-21	44.6455691428017	<a href='https://www.ncbi.nlm.nih.gov/gene?term=SGO2[Gene Name] AND Homo sapiens[Organism]' target='_blank'>SGO2</a>
219918_s_at	<a href='https://www.ncbi.nlm.nih.gov/gene?term=ASPM[Gene Name] AND Homo sapiens[Organism]' target='_blank'>ASPM</a>	-0.538847569376856	10.6146218509437	-10.1764623049198	2.76676577164293e-24	1.47814461350024e-21	44.3348430625443	<a href='https://www.ncbi.nlm.nih.gov/gene?term=ASPM[Gene Name] AND Homo sapiens[Organism]' target='_blank'>ASPM</a>
218726_at	<a href='https://www.ncbi.nlm.nih.gov/gene?term=HJURP[Gene Name] AND Homo sapiens[Organism]' target='_blank'>HJURP</a>	-0.611787254789739	10.0092591094904	-9.878915059849	5.57237067958759e-23	2.68893848374035e-20	41.3911393564621	<a href='https://www.ncbi.nlm.nih.gov/gene?term=HJURP[Gene Name] AND Homo sapiens[Organism]' target='_blank'>HJURP</a>
223381_at	<a href='https://www.ncbi.nlm.nih.gov/gene?term=NUF2[Gene Name] AND Homo sapiens[Organism]' target='_blank'>NUF2</a>	-0.580769580592266	10.0918462291061	-9.58269529132447	1.01587187379287e-21	4.74888355002112e-19	38.5473322557921	<a href='https://www.ncbi.nlm.nih.gov/gene?term=NUF2[Gene Name] AND Homo sapiens[Organism]' target='_blank'>NUF2</a>
227458_at	<a href='https://www.ncbi.nlm.nih.gov/gene?term=CD274[Gene Name] AND Homo sapiens[Organism]' target='_blank'>CD274</a>	-1.27449244549591	6.35229340589787	-9.57913678969249	1.05137543854306e-21	4.76591672277746e-19	38.513695699816	<a href='https://www.ncbi.nlm.nih.gov/gene?term=CD274[Gene Name] AND Homo sapiens[Organism]' target='_blank'>CD274</a>
215066_at	<a href='https://www.ncbi.nlm.nih.gov/gene?term=PTPRF[Gene Name] AND Homo sapiens[Organism]' target='_blank'>PTPRF</a>	-1.21431361264981	6.53656921329457	-9.44305346280541	3.87468215915874e-21	1.61003806719043e-18	37.2367490235508	<a href='https://www.ncbi.nlm.nih.gov/gene?term=PTPRF[Gene Name] AND Homo sapiens[Organism]' target='_blank'>PTPRF</a>
239937_at	<a href='https://www.ncbi.nlm.nih.gov/gene?term=ZNF207[Gene Name] AND Homo sapiens[Organism]' target='_blank'>ZNF207</a>	-1.29305636317919	6.17576498709949	-9.40369095055066	5.63146218834648e-21	2.27678494258041e-18	36.8707950452447	<a href='https://www.ncbi.nlm.nih.gov/gene?term=ZNF207[Gene Name] AND Homo sapiens[Organism]' target='_blank'>ZNF207</a>
207165_at	<a href='https://www.ncbi.nlm.nih.gov/gene?term=HMMR[Gene Name] AND Homo sapiens[Organism]' target='_blank'>HMMR</a>	-0.542499474014161	10.243505001389	-9.31525144493157	1.29736040654706e-20	4.97620880039423e-18	36.0541469810795	<a href='https://www.ncbi.nlm.nih.gov/gene?term=HMMR[Gene Name] AND Homo sapiens[Organism]' target='_blank'>HMMR</a>
210052_s_at	<a href='https://www.ncbi.nlm.nih.gov/gene?term=TPX2[Gene Name] AND Homo sapiens[Organism]' target='_blank'>TPX2</a>	-0.507035602481899	10.3914589687552	-9.04965676978554	1.51876613634817e-19	4.93896144209398e-17	33.6480371435029	<a href='https://www.ncbi.nlm.nih.gov/gene?term=TPX2[Gene Name] AND Homo sapiens[Organism]' target='_blank'>TPX2</a>
222077_s_at	<a href='https://www.ncbi.nlm.nih.gov/gene?term=RACGAP1[Gene Name] AND Homo sapiens[Organism]' target='_blank'>RACGAP1</a>	-0.51279640937034	10.3467368063746	-9.04653810674331	1.5626373500041e-19	4.97350896142795e-17	33.6201975402935	<a href='https://www.ncbi.nlm.nih.gov/gene?term=RACGAP1[Gene Name] AND Homo sapiens[Organism]' target='_blank'>RACGAP1</a>
204222_s_at	<a href='https://www.ncbi.nlm.nih.gov/gene?term=GLIPR1[Gene Name] AND Homo sapiens[Organism]' target='_blank'>GLIPR1</a>	-0.709595387144718	9.07616814532902	-8.88944790145759	6.47818984812044e-19	1.90014199878498e-16	32.23030351956	<a href='https://www.ncbi.nlm.nih.gov/gene?term=GLIPR1[Gene Name] AND Homo sapiens[Organism]' target='_blank'>GLIPR1</a>
215867_x_at	<a href='https://www.ncbi.nlm.nih.gov/gene?term=CA12[Gene Name] AND Homo sapiens[Organism]' target='_blank'>CA12</a>	0.511184435709119	10.2825387958953	8.86791244662578	7.85779669787784e-19	2.26047655391451e-16	32.0416609170379	<a href='https://www.ncbi.nlm.nih.gov/gene?term=CA12[Gene Name] AND Homo sapiens[Organism]' target='_blank'>CA12</a>
205828_at	<a href='https://www.ncbi.nlm.nih.gov/gene?term=MMP3[Gene Name] AND Homo sapiens[Organism]' target='_blank'>MMP3</a>	-0.544993782758279	10.0121551441621	-8.80698953138935	1.35341658214303e-18	3.68104702768683e-16	31.5104768821191	<a href='https://www.ncbi.nlm.nih.gov/gene?term=MMP3[Gene Name] AND Homo sapiens[Organism]' target='_blank'>MMP3</a>
214805_at	<a href='https://www.ncbi.nlm.nih.gov/gene?term=EIF4A1[Gene Name] AND Homo sapiens[Organism]' target='_blank'>EIF4A1</a>	-0.840414134000627	8.30900117357304	-8.75610894231026	2.12533973137542e-18	5.57771176169208e-16	31.0696575928005	<a href='https://www.ncbi.nlm.nih.gov/gene?term=EIF4A1[Gene Name] AND Homo sapiens[Organism]' target='_blank'>EIF4A1</a>
206364_at	<a href='https://www.ncbi.nlm.nih.gov/gene?term=KIF14[Gene Name] AND Homo sapiens[Organism]' target='_blank'>KIF14</a>	-0.523142020469693	10.1303997506146	-8.71961373447059	2.9331390194925e-18	7.43675026993021e-16	30.755043401493	<a href='https://www.ncbi.nlm.nih.gov/gene?term=KIF14[Gene Name] AND Homo sapiens[Organism]' target='_blank'>KIF14</a>
203665_at	<a href='https://www.ncbi.nlm.nih.gov/gene?term=HMOX1[Gene Name] AND Homo sapiens[Organism]' target='_blank'>HMOX1</a>	0.698872340194798	9.02120659637302	8.62615030268789	6.6533335458742e-18	1.65878694187887e-15	29.955315072426	<a href='https://www.ncbi.nlm.nih.gov/gene?term=HMOX1[Gene Name] AND Homo sapiens[Organism]' target='_blank'>HMOX1</a>
218585_s_at	<a href='https://www.ncbi.nlm.nih.gov/gene?term=DTL[Gene Name] AND Homo sapiens[Organism]' target='_blank'>DTL</a>	0.52834234420998	10.00280587419	8.51717075750852	1.71041898533038e-17	4.12679961315439e-15	29.0337048724956	<a href='https://www.ncbi.nlm.nih.gov/gene?term=DTL[Gene Name] AND Homo sapiens[Organism]' target='_blank'>DTL</a>
203973_s_at	<a href='https://www.ncbi.nlm.nih.gov/gene?term=CEBPD[Gene Name] AND Homo sapiens[Organism]' target='_blank'>CEBPD</a>	0.589729227907188	9.54176038751806	8.42117439887624	3.89158027130404e-17	8.82032564824806e-15	28.2315964792915	<a href='https://www.ncbi.nlm.nih.gov/gene?term=CEBPD[Gene Name] AND Homo sapiens[Organism]' target='_blank'>CEBPD</a>
226757_at	<a href='https://www.ncbi.nlm.nih.gov/gene?term=IFIT2[Gene Name] AND Homo sapiens[Organism]' target='_blank'>IFIT2</a>	0.913033372460775	7.37375533062438	8.18391168920526	2.85571813509574e-16	5.69582501105296e-14	26.2881260349721	<a href='https://www.ncbi.nlm.nih.gov/gene?term=IFIT2[Gene Name] AND Homo sapiens[Organism]' target='_blank'>IFIT2</a>
227249_at	<a href='https://www.ncbi.nlm.nih.gov/gene?term=NDE1[Gene Name] AND Homo sapiens[Organism]' target='_blank'>NDE1</a>	-0.699455217672321	8.72985754956602	-8.02217409925685	1.07657574720645e-15	1.98820945709399e-13	24.9951322901678	<a href='https://www.ncbi.nlm.nih.gov/gene?term=NDE1[Gene Name] AND Homo sapiens[Organism]' target='_blank'>NDE1</a>
212242_at	<a href='https://www.ncbi.nlm.nih.gov/gene?term=TUBA4A[Gene Name] AND Homo sapiens[Organism]' target='_blank'>TUBA4A</a>	0.617776950813139	9.17894255419718	7.96459109911968	1.71612067504355e-15	3.09294568409354e-13	24.5410210960276	<a href='https://www.ncbi.nlm.nih.gov/gene?term=TUBA4A[Gene Name] AND Homo sapiens[Organism]' target='_blank'>TUBA4A</a>
206025_s_at	<a href='https://www.ncbi.nlm.nih.gov/gene?term=TNFAIP6[Gene Name] AND Homo sapiens[Organism]' target='_blank'>TNFAIP6</a>	0.743364875646536	8.41229271142188	7.92250293055417	2.40806447381419e-15	4.23791017221017e-13	24.2111746439433	<a href='https://www.ncbi.nlm.nih.gov/gene?term=TNFAIP6[Gene Name] AND Homo sapiens[Organism]' target='_blank'>TNFAIP6</a>
222201_s_at	<a href='https://www.ncbi.nlm.nih.gov/gene?term=CASP8AP2[Gene Name] AND Homo sapiens[Organism]' target='_blank'>CASP8AP2</a>	0.663073247330297	8.89164825407967	7.91350556520929	2.58833752916906e-15	4.50220245335349e-13	24.1408887124809	<a href='https://www.ncbi.nlm.nih.gov/gene?term=CASP8AP2[Gene Name] AND Homo sapiens[Organism]' target='_blank'>CASP8AP2</a>
204457_s_at	<a href='https://www.ncbi.nlm.nih.gov/gene?term=GAS1[Gene Name] AND Homo sapiens[Organism]' target='_blank'>GAS1</a>	0.689803518284624	8.63488947656005	7.7343202276568	1.07214471447616e-14	1.76244096525813e-12	22.7577561859792	<a href='https://www.ncbi.nlm.nih.gov/gene?term=GAS1[Gene Name] AND Homo sapiens[Organism]' target='_blank'>GAS1</a>
218252_at	<a href='https://www.ncbi.nlm.nih.gov/gene?term=CKAP2[Gene Name] AND Homo sapiens[Organism]' target='_blank'>CKAP2</a>	-0.508452636817129	9.77080027289106	-7.71894773270374	1.20940204999648e-14	1.96646144194537e-12	22.6405711878574	<a href='https://www.ncbi.nlm.nih.gov/gene?term=CKAP2[Gene Name] AND Homo sapiens[Organism]' target='_blank'>CKAP2</a>
202107_s_at	<a href='https://www.ncbi.nlm.nih.gov/gene?term=MCM2[Gene Name] AND Homo sapiens[Organism]' target='_blank'>MCM2</a>	0.535483587488539	9.51584417397943	7.59273228009524	3.22346346093095e-14	4.97111236206867e-12	21.6872424246617	<a href='https://www.ncbi.nlm.nih.gov/gene?term=MCM2[Gene Name] AND Homo sapiens[Organism]' target='_blank'>MCM2</a>
209369_at	<a href='https://www.ncbi.nlm.nih.gov/gene?term=ANXA3[Gene Name] AND Homo sapiens[Organism]' target='_blank'>ANXA3</a>	-0.529449821130365	9.52929653963066	-7.53475758585588	5.03054506341854e-14	7.52519236036779e-12	21.2546163805796	<a href='https://www.ncbi.nlm.nih.gov/gene?term=ANXA3[Gene Name] AND Homo sapiens[Organism]' target='_blank'>ANXA3</a>
215470_at	<a href='https://www.ncbi.nlm.nih.gov/gene?term=GTF2H2B[Gene Name] AND Homo sapiens[Organism]' target='_blank'>GTF2H2B</a>	-0.894549355366158	6.95824073165702	-7.50247757165931	6.43606284210661e-14	9.33987117780216e-12	21.0151695839175	<a href='https://www.ncbi.nlm.nih.gov/gene?term=GTF2H2B[Gene Name] AND Homo sapiens[Organism]' target='_blank'>GTF2H2B</a>
205479_s_at	<a href='https://www.ncbi.nlm.nih.gov/gene?term=PLAU[Gene Name] AND Homo sapiens[Organism]' target='_blank'>PLAU</a>	-0.513180370550058	9.60701942864847	-7.45884892560104	8.96482216118262e-14	1.2651393840484e-11	20.6931745608512	<a href='https://www.ncbi.nlm.nih.gov/gene?term=PLAU[Gene Name] AND Homo sapiens[Organism]' target='_blank'>PLAU</a>
202330_s_at	<a href='https://www.ncbi.nlm.nih.gov/gene?term=UNG[Gene Name] AND Homo sapiens[Organism]' target='_blank'>UNG</a>	0.70533888348038	8.33023186144542	7.38276645864731	1.59069432396407e-13	2.20325892520171e-11	20.136151620131	<a href='https://www.ncbi.nlm.nih.gov/gene?term=UNG[Gene Name] AND Homo sapiens[Organism]' target='_blank'>UNG</a>
204032_at	<a href='https://www.ncbi.nlm.nih.gov/gene?term=BCAR3[Gene Name] AND Homo sapiens[Organism]' target='_blank'>BCAR3</a>	-0.61646336930068	8.85223263843043	-7.28512447669768	3.29307565495763e-13	4.39831417165278e-11	19.4296525718138	<a href='https://www.ncbi.nlm.nih.gov/gene?term=BCAR3[Gene Name] AND Homo sapiens[Organism]' target='_blank'>BCAR3</a>
214930_at	<a href='https://www.ncbi.nlm.nih.gov/gene?term=SLITRK5[Gene Name] AND Homo sapiens[Organism]' target='_blank'>SLITRK5</a>	0.840768950591687	7.10225110771809	7.2272605757308	5.04621681669352e-13	6.56403107486246e-11	19.0154108630466	<a href='https://www.ncbi.nlm.nih.gov/gene?term=SLITRK5[Gene Name] AND Homo sapiens[Organism]' target='_blank'>SLITRK5</a>
205660_at	<a href='https://www.ncbi.nlm.nih.gov/gene?term=OASL[Gene Name] AND Homo sapiens[Organism]' target='_blank'>OASL</a>	0.819003857089977	7.25367980442507	7.2178729557558	5.40635646483667e-13	6.97186951357688e-11	18.9485172915087	<a href='https://www.ncbi.nlm.nih.gov/gene?term=OASL[Gene Name] AND Homo sapiens[Organism]' target='_blank'>OASL</a>
204962_s_at	<a href='https://www.ncbi.nlm.nih.gov/gene?term=CENPA[Gene Name] AND Homo sapiens[Organism]' target='_blank'>CENPA</a>	-0.548161749214309	9.22075167508934	-7.15151190892031	8.77960185326956e-13	1.10364759767277e-10	18.478126590017	<a href='https://www.ncbi.nlm.nih.gov/gene?term=CENPA[Gene Name] AND Homo sapiens[Organism]' target='_blank'>CENPA</a>
240452_at	<a href='https://www.ncbi.nlm.nih.gov/gene?term=GSPT1[Gene Name] AND Homo sapiens[Organism]' target='_blank'>GSPT1</a>	-0.906190380768455	6.59120690922534	-7.11775512122159	1.12168575080653e-12	1.38671877242272e-10	18.2405136430826	<a href='https://www.ncbi.nlm.nih.gov/gene?term=GSPT1[Gene Name] AND Homo sapiens[Organism]' target='_blank'>GSPT1</a>
206307_s_at	<a href='https://www.ncbi.nlm.nih.gov/gene?term=FOXD1[Gene Name] AND Homo sapiens[Organism]' target='_blank'>FOXD1</a>	-0.501486566237997	9.49816959155186	-7.07617337285557	1.51448846180774e-12	1.7980343571573e-10	17.9493664001336	<a href='https://www.ncbi.nlm.nih.gov/gene?term=FOXD1[Gene Name] AND Homo sapiens[Organism]' target='_blank'>FOXD1</a>
221258_s_at	<a href='https://www.ncbi.nlm.nih.gov/gene?term=KIF18A[Gene Name] AND Homo sapiens[Organism]' target='_blank'>KIF18A</a>	-0.710302139973936	8.05605984526419	-7.02488749793085	2.18817014379917e-12	2.53742923884432e-10	17.5926222345473	<a href='https://www.ncbi.nlm.nih.gov/gene?term=KIF18A[Gene Name] AND Homo sapiens[Organism]' target='_blank'>KIF18A</a>
222108_at	<a href='https://www.ncbi.nlm.nih.gov/gene?term=AMIGO2[Gene Name] AND Homo sapiens[Organism]' target='_blank'>AMIGO2</a>	0.667796767980757	8.3390358991018	7.00327882728349	2.55318962731017e-12	2.91550867442235e-10	17.4430894985918	<a href='https://www.ncbi.nlm.nih.gov/gene?term=AMIGO2[Gene Name] AND Homo sapiens[Organism]' target='_blank'>AMIGO2</a>
237411_at	<a href='https://www.ncbi.nlm.nih.gov/gene?term=ADAMTS6[Gene Name] AND Homo sapiens[Organism]' target='_blank'>ADAMTS6</a>	-0.650448429638226	8.44761719626061	-6.98716652571632	2.86360789890553e-12	3.24520534543392e-10	17.331891634796	<a href='https://www.ncbi.nlm.nih.gov/gene?term=ADAMTS6[Gene Name] AND Homo sapiens[Organism]' target='_blank'>ADAMTS6</a>
201555_at	<a href='https://www.ncbi.nlm.nih.gov/gene?term=MCM3[Gene Name] AND Homo sapiens[Organism]' target='_blank'>MCM3</a>	0.60249187180662	8.75769426832477	6.95674272233964	3.55389746512121e-12	3.96736956572747e-10	17.1226224048962	<a href='https://www.ncbi.nlm.nih.gov/gene?term=MCM3[Gene Name] AND Homo sapiens[Organism]' target='_blank'>MCM3</a>
242550_at	<a href='https://www.ncbi.nlm.nih.gov/gene?term=EIF3B[Gene Name] AND Homo sapiens[Organism]' target='_blank'>EIF3B</a>	-0.852085361755594	6.80091356206764	-6.9511169733529	3.69832519391614e-12	4.09801826487344e-10	17.0840259004074	<a href='https://www.ncbi.nlm.nih.gov/gene?term=EIF3B[Gene Name] AND Homo sapiens[Organism]' target='_blank'>EIF3B</a>
212141_at	<a href='https://www.ncbi.nlm.nih.gov/gene?term=MCM4[Gene Name] AND Homo sapiens[Organism]' target='_blank'>MCM4</a>	0.509667108039915	9.36472498146088	6.92794079233352	4.35646782732692e-12	4.68837426107794e-10	16.9253506543126	<a href='https://www.ncbi.nlm.nih.gov/gene?term=MCM4[Gene Name] AND Homo sapiens[Organism]' target='_blank'>MCM4</a>
219544_at	<a href='https://www.ncbi.nlm.nih.gov/gene?term=BORA[Gene Name] AND Homo sapiens[Organism]' target='_blank'>BORA</a>	-0.715192790666354	7.93304242022096	-6.91534180806513	4.76108729359203e-12	5.05114218615909e-10	16.8393143114977	<a href='https://www.ncbi.nlm.nih.gov/gene?term=BORA[Gene Name] AND Homo sapiens[Organism]' target='_blank'>BORA</a>
204620_s_at	<a href='https://www.ncbi.nlm.nih.gov/gene?term=VCAN[Gene Name] AND Homo sapiens[Organism]' target='_blank'>VCAN</a>	0.804311614948169	7.09832276143094	6.90927295137925	4.96891822642071e-12	5.23451040486108e-10	16.7979269974228	<a href='https://www.ncbi.nlm.nih.gov/gene?term=VCAN[Gene Name] AND Homo sapiens[Organism]' target='_blank'>VCAN</a>
212094_at	<a href='https://www.ncbi.nlm.nih.gov/gene?term=PEG10[Gene Name] AND Homo sapiens[Organism]' target='_blank'>PEG10</a>	0.611877837841762	8.66148272616219	6.90374074915626	5.16610358040828e-12	5.40417786428863e-10	16.7602311238397	<a href='https://www.ncbi.nlm.nih.gov/gene?term=PEG10[Gene Name] AND Homo sapiens[Organism]' target='_blank'>PEG10</a>
224558_s_at	<a href='https://www.ncbi.nlm.nih.gov/gene?term=MALAT1[Gene Name] AND Homo sapiens[Organism]' target='_blank'>MALAT1</a>	-0.590637574052165	8.78374158280432	-6.86337931969679	6.85610267565348e-12	6.9769006751769e-10	16.4861261210825	<a href='https://www.ncbi.nlm.nih.gov/gene?term=MALAT1[Gene Name] AND Homo sapiens[Organism]' target='_blank'>MALAT1</a>
205568_at	<a href='https://www.ncbi.nlm.nih.gov/gene?term=AQP9[Gene Name] AND Homo sapiens[Organism]' target='_blank'>AQP9</a>	0.719075420878017	7.82621257138922	6.83303903719405	8.47264376961174e-12	8.50619316440417e-10	16.2811355165474	<a href='https://www.ncbi.nlm.nih.gov/gene?term=AQP9[Gene Name] AND Homo sapiens[Organism]' target='_blank'>AQP9</a>
219258_at	<a href='https://www.ncbi.nlm.nih.gov/gene?term=TIPIN[Gene Name] AND Homo sapiens[Organism]' target='_blank'>TIPIN</a>	0.501040353665731	9.35268246246368	6.78748550348738	1.16232925541994e-11	1.14390021919914e-09	15.9750637797567	<a href='https://www.ncbi.nlm.nih.gov/gene?term=TIPIN[Gene Name] AND Homo sapiens[Organism]' target='_blank'>TIPIN</a>
216237_s_at	<a href='https://www.ncbi.nlm.nih.gov/gene?term=MCM5[Gene Name] AND Homo sapiens[Organism]' target='_blank'>MCM5</a>	0.720974196443504	7.75172150264856	6.77578840994272	1.26021694926357e-11	1.23212976104796e-09	15.896801982246	<a href='https://www.ncbi.nlm.nih.gov/gene?term=MCM5[Gene Name] AND Homo sapiens[Organism]' target='_blank'>MCM5</a>
227558_at	<a href='https://www.ncbi.nlm.nih.gov/gene?term=CBX4[Gene Name] AND Homo sapiens[Organism]' target='_blank'>CBX4</a>	0.506649107073013	9.29359067486446	6.74898979100509	1.51593124776063e-11	1.46302035711298e-09	15.7180092390057	<a href='https://www.ncbi.nlm.nih.gov/gene?term=CBX4[Gene Name] AND Homo sapiens[Organism]' target='_blank'>CBX4</a>
225283_at	<a href='https://www.ncbi.nlm.nih.gov/gene?term=ARRDC4[Gene Name] AND Homo sapiens[Organism]' target='_blank'>ARRDC4</a>	0.60368109155586	8.58204836361431	6.68600665198179	2.33373040767381e-11	2.20951096002484e-09	15.3005931540695	<a href='https://www.ncbi.nlm.nih.gov/gene?term=ARRDC4[Gene Name] AND Homo sapiens[Organism]' target='_blank'>ARRDC4</a>
217523_at	<a href='https://www.ncbi.nlm.nih.gov/gene?term=CD44[Gene Name] AND Homo sapiens[Organism]' target='_blank'>CD44</a>	-0.835270958472083	6.68422142094791	-6.67246635550813	2.5592501820054e-11	2.39273896703868e-09	15.211366971266	<a href='https://www.ncbi.nlm.nih.gov/gene?term=CD44[Gene Name] AND Homo sapiens[Organism]' target='_blank'>CD44</a>
204768_s_at	<a href='https://www.ncbi.nlm.nih.gov/gene?term=FEN1[Gene Name] AND Homo sapiens[Organism]' target='_blank'>FEN1</a>	0.517131558938599	9.1697772604175	6.64975058719322	2.98640051909313e-11	2.72399788811672e-09	15.0620836615935	<a href='https://www.ncbi.nlm.nih.gov/gene?term=FEN1[Gene Name] AND Homo sapiens[Organism]' target='_blank'>FEN1</a>
238429_at	<a href='https://www.ncbi.nlm.nih.gov/gene?term=TMEM71[Gene Name] AND Homo sapiens[Organism]' target='_blank'>TMEM71</a>	-0.687352670274284	7.92286829441834	-6.63483068803587	3.30413994018111e-11	2.97750779308248e-09	14.9643101798401	<a href='https://www.ncbi.nlm.nih.gov/gene?term=TMEM71[Gene Name] AND Homo sapiens[Organism]' target='_blank'>TMEM71</a>
211074_at	<a href='https://www.ncbi.nlm.nih.gov/gene?term=FOLR1[Gene Name] AND Homo sapiens[Organism]' target='_blank'>FOLR1</a>	-0.664235089250093	8.1008277099606	-6.62651018671689	3.49546800077858e-11	3.11242296569326e-09	14.909879437776	<a href='https://www.ncbi.nlm.nih.gov/gene?term=FOLR1[Gene Name] AND Homo sapiens[Organism]' target='_blank'>FOLR1</a>
206569_at	<a href='https://www.ncbi.nlm.nih.gov/gene?term=IL24[Gene Name] AND Homo sapiens[Organism]' target='_blank'>IL24</a>	-0.809002587359689	6.8194191230274	-6.62155335336262	3.61455902147584e-11	3.19941943208622e-09	14.8774854776151	<a href='https://www.ncbi.nlm.nih.gov/gene?term=IL24[Gene Name] AND Homo sapiens[Organism]' target='_blank'>IL24</a>
228793_at	<a href='https://www.ncbi.nlm.nih.gov/gene?term=JMJD1C[Gene Name] AND Homo sapiens[Organism]' target='_blank'>JMJD1C</a>	-0.848921277940758	6.5509177804118	-6.61895261731289	3.67862231817767e-11	3.23697125044822e-09	14.8604988102672	<a href='https://www.ncbi.nlm.nih.gov/gene?term=JMJD1C[Gene Name] AND Homo sapiens[Organism]' target='_blank'>JMJD1C</a>
226649_at	<a href='https://www.ncbi.nlm.nih.gov/gene?term=PANK1[Gene Name] AND Homo sapiens[Organism]' target='_blank'>PANK1</a>	0.855990279154408	6.49112279159456	6.60114791228628	4.14803687486643e-11	3.62868325211268e-09	14.7443868749977	<a href='https://www.ncbi.nlm.nih.gov/gene?term=PANK1[Gene Name] AND Homo sapiens[Organism]' target='_blank'>PANK1</a>
205519_at	<a href='https://www.ncbi.nlm.nih.gov/gene?term=WDR76[Gene Name] AND Homo sapiens[Organism]' target='_blank'>WDR76</a>	0.72921207689129	7.39943329074443	6.55777388998668	5.5506166343441e-11	4.74466709903734e-09	14.4628357108185	<a href='https://www.ncbi.nlm.nih.gov/gene?term=WDR76[Gene Name] AND Homo sapiens[Organism]' target='_blank'>WDR76</a>
202658_at	<a href='https://www.ncbi.nlm.nih.gov/gene?term=PEX11B[Gene Name] AND Homo sapiens[Organism]' target='_blank'>PEX11B</a>	0.72084476759325	7.49095090980099	6.55631454810701	5.60510162097127e-11	4.74813777097647e-09	14.453395048213	<a href='https://www.ncbi.nlm.nih.gov/gene?term=PEX11B[Gene Name] AND Homo sapiens[Organism]' target='_blank'>PEX11B</a>
211177_s_at	<a href='https://www.ncbi.nlm.nih.gov/gene?term=TXNRD2[Gene Name] AND Homo sapiens[Organism]' target='_blank'>TXNRD2</a>	-0.631451435786569	8.29265312130979	-6.55596688043321	5.61815887066539e-11	4.74813777097647e-09	14.4511462530596	<a href='https://www.ncbi.nlm.nih.gov/gene?term=TXNRD2[Gene Name] AND Homo sapiens[Organism]' target='_blank'>TXNRD2</a>
205677_s_at	<a href='https://www.ncbi.nlm.nih.gov/gene?term=DLEU1[Gene Name] AND Homo sapiens[Organism]' target='_blank'>DLEU1</a>	0.626992759897558	8.28881434222933	6.50432396185182	7.92738588387662e-11	6.58809807982835e-09	14.1184323495377	<a href='https://www.ncbi.nlm.nih.gov/gene?term=DLEU1[Gene Name] AND Homo sapiens[Organism]' target='_blank'>DLEU1</a>
239377_at	<a href='https://www.ncbi.nlm.nih.gov/gene?term=EIF1AD[Gene Name] AND Homo sapiens[Organism]' target='_blank'>EIF1AD</a>	0.523978641541369	9.02365152424281	6.47167520016163	9.84202225041713e-11	8.10512548890674e-09	13.909447479413	<a href='https://www.ncbi.nlm.nih.gov/gene?term=EIF1AD[Gene Name] AND Homo sapiens[Organism]' target='_blank'>EIF1AD</a>
204451_at	<a href='https://www.ncbi.nlm.nih.gov/gene?term=FZD1[Gene Name] AND Homo sapiens[Organism]' target='_blank'>FZD1</a>	0.692479429871601	7.64462981609411	6.41547917937431	1.42476943659682e-10	1.13367691500276e-08	13.5521993869824	<a href='https://www.ncbi.nlm.nih.gov/gene?term=FZD1[Gene Name] AND Homo sapiens[Organism]' target='_blank'>FZD1</a>
220651_s_at	<a href='https://www.ncbi.nlm.nih.gov/gene?term=MCM10[Gene Name] AND Homo sapiens[Organism]' target='_blank'>MCM10</a>	0.586580703314407	8.52557662929326	6.41299671084321	1.44814135349466e-10	1.14082750223227e-08	13.5364897504478	<a href='https://www.ncbi.nlm.nih.gov/gene?term=MCM10[Gene Name] AND Homo sapiens[Organism]' target='_blank'>MCM10</a>
226456_at	<a href='https://www.ncbi.nlm.nih.gov/gene?term=RMI2[Gene Name] AND Homo sapiens[Organism]' target='_blank'>RMI2</a>	0.657410969773295	7.97948193462777	6.40956299027824	1.48108767532482e-10	1.15997856205152e-08	13.5147703915284	<a href='https://www.ncbi.nlm.nih.gov/gene?term=RMI2[Gene Name] AND Homo sapiens[Organism]' target='_blank'>RMI2</a>
1552729_at	<a href='https://www.ncbi.nlm.nih.gov/gene?term=SNHG7[Gene Name] AND Homo sapiens[Organism]' target='_blank'>SNHG7</a>	-0.826108821476556	6.52243911868283	-6.40757672802762	1.50047897245454e-10	1.16904504942435e-08	13.5022119707509	<a href='https://www.ncbi.nlm.nih.gov/gene?term=SNHG7[Gene Name] AND Homo sapiens[Organism]' target='_blank'>SNHG7</a>
1559993_at	<a href='https://www.ncbi.nlm.nih.gov/gene?term=SFXN3[Gene Name] AND Homo sapiens[Organism]' target='_blank'>SFXN3</a>	-0.757002527558241	6.93939864518379	-6.32810300487582	2.51705128249074e-10	1.9210494966724e-08	13.0029218059129	<a href='https://www.ncbi.nlm.nih.gov/gene?term=SFXN3[Gene Name] AND Homo sapiens[Organism]' target='_blank'>SFXN3</a>
218979_at	<a href='https://www.ncbi.nlm.nih.gov/gene?term=RMI1[Gene Name] AND Homo sapiens[Organism]' target='_blank'>RMI1</a>	0.515281830485289	8.99021779226679	6.30761077282673	2.87334420073041e-10	2.1818454770927e-08	12.8751907895888	<a href='https://www.ncbi.nlm.nih.gov/gene?term=RMI1[Gene Name] AND Homo sapiens[Organism]' target='_blank'>RMI1</a>
206336_at	<a href='https://www.ncbi.nlm.nih.gov/gene?term=CXCL6[Gene Name] AND Homo sapiens[Organism]' target='_blank'>CXCL6</a>	0.758455660296912	6.86197722729422	6.25476870086089	4.03486003653835e-10	3.00285926798891e-08	12.5477301775728	<a href='https://www.ncbi.nlm.nih.gov/gene?term=CXCL6[Gene Name] AND Homo sapiens[Organism]' target='_blank'>CXCL6</a>
228062_at	<a href='https://www.ncbi.nlm.nih.gov/gene?term=NAP1L5[Gene Name] AND Homo sapiens[Organism]' target='_blank'>NAP1L5</a>	0.674339842940396	7.58545458139871	6.20286774932359	5.61686371593334e-10	4.1390475037757e-08	12.2287833433493	<a href='https://www.ncbi.nlm.nih.gov/gene?term=NAP1L5[Gene Name] AND Homo sapiens[Organism]' target='_blank'>NAP1L5</a>
235060_at	<a href='https://www.ncbi.nlm.nih.gov/gene?term=LOC100190986[Gene Name] AND Homo sapiens[Organism]' target='_blank'>LOC100190986</a>	-0.730858129190724	7.02351550329443	-6.19888770281282	5.76054947504233e-10	4.22412056848815e-08	12.2044344832989	<a href='https://www.ncbi.nlm.nih.gov/gene?term=LOC100190986[Gene Name] AND Homo sapiens[Organism]' target='_blank'>LOC100190986</a>
205862_at	<a href='https://www.ncbi.nlm.nih.gov/gene?term=GREB1[Gene Name] AND Homo sapiens[Organism]' target='_blank'>GREB1</a>	0.668221505559826	7.61287633130464	6.16700976084806	7.04832694583664e-10	5.09352283974736e-08	12.0099776363115	<a href='https://www.ncbi.nlm.nih.gov/gene?term=GREB1[Gene Name] AND Homo sapiens[Organism]' target='_blank'>GREB1</a>
225442_at	<a href='https://www.ncbi.nlm.nih.gov/gene?term=DDR2[Gene Name] AND Homo sapiens[Organism]' target='_blank'>DDR2</a>	0.530839678130089	8.7617853712283	6.13546845313619	8.59726091304287e-10	6.1241155237242e-08	11.8185610252943	<a href='https://www.ncbi.nlm.nih.gov/gene?term=DDR2[Gene Name] AND Homo sapiens[Organism]' target='_blank'>DDR2</a>
203505_at	<a href='https://www.ncbi.nlm.nih.gov/gene?term=ABCA1[Gene Name] AND Homo sapiens[Organism]' target='_blank'>ABCA1</a>	0.569128923311029	8.43923178436014	6.10218218447182	1.05913454743881e-09	7.43830689912546e-08	11.6176191329584	<a href='https://www.ncbi.nlm.nih.gov/gene?term=ABCA1[Gene Name] AND Homo sapiens[Organism]' target='_blank'>ABCA1</a>
219990_at	<a href='https://www.ncbi.nlm.nih.gov/gene?term=E2F8[Gene Name] AND Homo sapiens[Organism]' target='_blank'>E2F8</a>	0.616838902331851	8.05068268215031	6.09425527013462	1.11289909613519e-09	7.7793727005076e-08	11.5699272487466	<a href='https://www.ncbi.nlm.nih.gov/gene?term=E2F8[Gene Name] AND Homo sapiens[Organism]' target='_blank'>E2F8</a>
204315_s_at	<a href='https://www.ncbi.nlm.nih.gov/gene?term=GTSE1[Gene Name] AND Homo sapiens[Organism]' target='_blank'>GTSE1</a>	-0.601021425174245	8.14870654470006	-6.05436805557593	1.42646644705703e-09	9.69932344614824e-08	11.3308886143998	<a href='https://www.ncbi.nlm.nih.gov/gene?term=GTSE1[Gene Name] AND Homo sapiens[Organism]' target='_blank'>GTSE1</a>
205990_s_at	<a href='https://www.ncbi.nlm.nih.gov/gene?term=WNT5A[Gene Name] AND Homo sapiens[Organism]' target='_blank'>WNT5A</a>	0.643454185198769	7.63894701297709	5.95718833695422	2.59479113151875e-09	1.69499915006065e-07	10.7550745813867	<a href='https://www.ncbi.nlm.nih.gov/gene?term=WNT5A[Gene Name] AND Homo sapiens[Organism]' target='_blank'>WNT5A</a>
212298_at	<a href='https://www.ncbi.nlm.nih.gov/gene?term=NRP1[Gene Name] AND Homo sapiens[Organism]' target='_blank'>NRP1</a>	0.635242531260849	7.72632383653411	5.94845087088915	2.73696601066581e-09	1.77239283781601e-07	10.7037594385202	<a href='https://www.ncbi.nlm.nih.gov/gene?term=NRP1[Gene Name] AND Homo sapiens[Organism]' target='_blank'>NRP1</a>
221911_at	<a href='https://www.ncbi.nlm.nih.gov/gene?term=ETV1[Gene Name] AND Homo sapiens[Organism]' target='_blank'>ETV1</a>	0.542357421411673	8.53644352527578	5.94411756492725	2.81026331779071e-09	1.81201417977721e-07	10.6783378703892	<a href='https://www.ncbi.nlm.nih.gov/gene?term=ETV1[Gene Name] AND Homo sapiens[Organism]' target='_blank'>ETV1</a>
201896_s_at	<a href='https://www.ncbi.nlm.nih.gov/gene?term=PSRC1[Gene Name] AND Homo sapiens[Organism]' target='_blank'>PSRC1</a>	-0.614773914628603	7.90865719034466	-5.92013494282675	3.25181894155002e-09	2.06118472655283e-07	10.5379775443404	<a href='https://www.ncbi.nlm.nih.gov/gene?term=PSRC1[Gene Name] AND Homo sapiens[Organism]' target='_blank'>PSRC1</a>
226980_at	<a href='https://www.ncbi.nlm.nih.gov/gene?term=DEPDC1B[Gene Name] AND Homo sapiens[Organism]' target='_blank'>DEPDC1B</a>	-0.573121722977174	8.25438290458268	-5.90178015934575	3.63470270879133e-09	2.27495890463638e-07	10.4309379573063	<a href='https://www.ncbi.nlm.nih.gov/gene?term=DEPDC1B[Gene Name] AND Homo sapiens[Organism]' target='_blank'>DEPDC1B</a>
227145_at	<a href='https://www.ncbi.nlm.nih.gov/gene?term=LOXL4[Gene Name] AND Homo sapiens[Organism]' target='_blank'>LOXL4</a>	0.594987442033993	8.06823642516884	5.89816756146475	3.71506956709682e-09	2.30596372009134e-07	10.4099095185984	<a href='https://www.ncbi.nlm.nih.gov/gene?term=LOXL4[Gene Name] AND Homo sapiens[Organism]' target='_blank'>LOXL4</a>
203967_at	<a href='https://www.ncbi.nlm.nih.gov/gene?term=CDC6[Gene Name] AND Homo sapiens[Organism]' target='_blank'>CDC6</a>	0.605389263565177	7.95164286615207	5.87261148529775	4.33511251994886e-09	2.64689584432306e-07	10.2615188115215	<a href='https://www.ncbi.nlm.nih.gov/gene?term=CDC6[Gene Name] AND Homo sapiens[Organism]' target='_blank'>CDC6</a>
208051_s_at	<a href='https://www.ncbi.nlm.nih.gov/gene?term=PAIP1[Gene Name] AND Homo sapiens[Organism]' target='_blank'>PAIP1</a>	0.620584394125079	7.79969248372373	5.87287372031207	4.3282658994729e-09	2.64689584432306e-07	10.2630382004746	<a href='https://www.ncbi.nlm.nih.gov/gene?term=PAIP1[Gene Name] AND Homo sapiens[Organism]' target='_blank'>PAIP1</a>
223556_at	<a href='https://www.ncbi.nlm.nih.gov/gene?term=HELLS[Gene Name] AND Homo sapiens[Organism]' target='_blank'>HELLS</a>	0.645043381081798	7.45995609278806	5.84467591190545	5.12814064726834e-09	3.09321999768093e-07	10.1000487558215	<a href='https://www.ncbi.nlm.nih.gov/gene?term=HELLS[Gene Name] AND Homo sapiens[Organism]' target='_blank'>HELLS</a>
227533_at	<a href='https://www.ncbi.nlm.nih.gov/gene?term=RALGPS2[Gene Name] AND Homo sapiens[Organism]' target='_blank'>RALGPS2</a>	-0.577199068501447	8.16163592030679	-5.82965614279486	5.61113959514624e-09	3.35748148815171e-07	10.0135514418581	<a href='https://www.ncbi.nlm.nih.gov/gene?term=RALGPS2[Gene Name] AND Homo sapiens[Organism]' target='_blank'>RALGPS2</a>
224797_at	<a href='https://www.ncbi.nlm.nih.gov/gene?term=ARRDC3[Gene Name] AND Homo sapiens[Organism]' target='_blank'>ARRDC3</a>	0.635626383603017	7.50358675623144	5.7900034395337	7.10879168328157e-09	4.20317845020589e-07	9.78626500109584	<a href='https://www.ncbi.nlm.nih.gov/gene?term=ARRDC3[Gene Name] AND Homo sapiens[Organism]' target='_blank'>ARRDC3</a>
207057_at	<a href='https://www.ncbi.nlm.nih.gov/gene?term=SLC16A7[Gene Name] AND Homo sapiens[Organism]' target='_blank'>SLC16A7</a>	0.624222118032677	7.58100509357064	5.73877396164742	9.62843048846968e-09	5.56106917671884e-07	9.49491803063175	<a href='https://www.ncbi.nlm.nih.gov/gene?term=SLC16A7[Gene Name] AND Homo sapiens[Organism]' target='_blank'>SLC16A7</a>
205053_at	<a href='https://www.ncbi.nlm.nih.gov/gene?term=PRIM1[Gene Name] AND Homo sapiens[Organism]' target='_blank'>PRIM1</a>	0.518983930883381	8.55621941094129	5.71387474849037	1.11479614053925e-08	6.36497536882698e-07	9.35424887333805	<a href='https://www.ncbi.nlm.nih.gov/gene?term=PRIM1[Gene Name] AND Homo sapiens[Organism]' target='_blank'>PRIM1</a>
39966_at	<a href='https://www.ncbi.nlm.nih.gov/gene?term=CSPG5[Gene Name] AND Homo sapiens[Organism]' target='_blank'>CSPG5</a>	0.613447459094729	7.67890619198251	5.7086121967177	1.14977422730078e-08	6.53897972062961e-07	9.32459616439917	<a href='https://www.ncbi.nlm.nih.gov/gene?term=CSPG5[Gene Name] AND Homo sapiens[Organism]' target='_blank'>CSPG5</a>
201417_at	<a href='https://www.ncbi.nlm.nih.gov/gene?term=SOX4[Gene Name] AND Homo sapiens[Organism]' target='_blank'>SOX4</a>	0.545609939618494	8.30015244203508	5.67383630039231	1.40922992268496e-08	7.83668045109456e-07	9.12933253863337	<a href='https://www.ncbi.nlm.nih.gov/gene?term=SOX4[Gene Name] AND Homo sapiens[Organism]' target='_blank'>SOX4</a>
203340_s_at	<a href='https://www.ncbi.nlm.nih.gov/gene?term=SLC25A12[Gene Name] AND Homo sapiens[Organism]' target='_blank'>SLC25A12</a>	0.602765784677895	7.74620024982172	5.66038718439707	1.52412588279737e-08	8.38213201498747e-07	9.05413686853192	<a href='https://www.ncbi.nlm.nih.gov/gene?term=SLC25A12[Gene Name] AND Homo sapiens[Organism]' target='_blank'>SLC25A12</a>
225313_at	<a href='https://www.ncbi.nlm.nih.gov/gene?term=FAM217B[Gene Name] AND Homo sapiens[Organism]' target='_blank'>FAM217B</a>	0.546498546325004	8.27456737760314	5.65201258726365	1.60021369529978e-08	8.76835042783496e-07	9.00740361778723	<a href='https://www.ncbi.nlm.nih.gov/gene?term=FAM217B[Gene Name] AND Homo sapiens[Organism]' target='_blank'>FAM217B</a>
227703_s_at	<a href='https://www.ncbi.nlm.nih.gov/gene?term=SYTL4[Gene Name] AND Homo sapiens[Organism]' target='_blank'>SYTL4</a>	0.624806909769166	7.41284265932641	5.62852096456796	1.83386892286063e-08	9.93943667285223e-07	8.87668122719874	<a href='https://www.ncbi.nlm.nih.gov/gene?term=SYTL4[Gene Name] AND Homo sapiens[Organism]' target='_blank'>SYTL4</a>
225524_at	<a href='https://www.ncbi.nlm.nih.gov/gene?term=ANTXR2[Gene Name] AND Homo sapiens[Organism]' target='_blank'>ANTXR2</a>	-0.513909141570029	8.52613803611322	-5.61920391295894	1.93543891248336e-08	1.0452068841819e-06	8.82498599279603	<a href='https://www.ncbi.nlm.nih.gov/gene?term=ANTXR2[Gene Name] AND Homo sapiens[Organism]' target='_blank'>ANTXR2</a>
228423_at	<a href='https://www.ncbi.nlm.nih.gov/gene?term=MAP9[Gene Name] AND Homo sapiens[Organism]' target='_blank'>MAP9</a>	0.631551641836928	7.30471496683248	5.60796852812281	2.06520064623234e-08	1.11127109593488e-06	8.76276088343092	<a href='https://www.ncbi.nlm.nih.gov/gene?term=MAP9[Gene Name] AND Homo sapiens[Organism]' target='_blank'>MAP9</a>
222457_s_at	<a href='https://www.ncbi.nlm.nih.gov/gene?term=LIMA1[Gene Name] AND Homo sapiens[Organism]' target='_blank'>LIMA1</a>	-0.538867427671043	8.2699808657034	-5.56761653677926	2.60460947337768e-08	1.38656060897711e-06	8.54030568281594	<a href='https://www.ncbi.nlm.nih.gov/gene?term=LIMA1[Gene Name] AND Homo sapiens[Organism]' target='_blank'>LIMA1</a>
223257_at	<a href='https://www.ncbi.nlm.nih.gov/gene?term=G2E3[Gene Name] AND Homo sapiens[Organism]' target='_blank'>G2E3</a>	-0.515144504645185	8.45569229271325	-5.54371499628061	2.98616712375551e-08	1.5575232721967e-06	8.40929722876027	<a href='https://www.ncbi.nlm.nih.gov/gene?term=G2E3[Gene Name] AND Homo sapiens[Organism]' target='_blank'>G2E3</a>
205046_at	<a href='https://www.ncbi.nlm.nih.gov/gene?term=CENPE[Gene Name] AND Homo sapiens[Organism]' target='_blank'>CENPE</a>	-0.515901508930886	8.44497139399905	-5.53857800358646	3.07498507200481e-08	1.59165057758201e-06	8.38121407362452	<a href='https://www.ncbi.nlm.nih.gov/gene?term=CENPE[Gene Name] AND Homo sapiens[Organism]' target='_blank'>CENPE</a>
227529_s_at	<a href='https://www.ncbi.nlm.nih.gov/gene?term=AKAP12[Gene Name] AND Homo sapiens[Organism]' target='_blank'>AKAP12</a>	-0.584517661526493	7.80625521120068	-5.53720140913296	3.09921834260504e-08	1.59866231679409e-06	8.37369286498974	<a href='https://www.ncbi.nlm.nih.gov/gene?term=AKAP12[Gene Name] AND Homo sapiens[Organism]' target='_blank'>AKAP12</a>
222787_s_at	<a href='https://www.ncbi.nlm.nih.gov/gene?term=TMEM106B[Gene Name] AND Homo sapiens[Organism]' target='_blank'>TMEM106B</a>	0.539643919136327	8.22117612720554	5.51827621123298	3.45175458419698e-08	1.7503320957628e-06	8.2704820369594	<a href='https://www.ncbi.nlm.nih.gov/gene?term=TMEM106B[Gene Name] AND Homo sapiens[Organism]' target='_blank'>TMEM106B</a>
235094_at	<a href='https://www.ncbi.nlm.nih.gov/gene?term=TPM4[Gene Name] AND Homo sapiens[Organism]' target='_blank'>TPM4</a>	-0.576707915486607	7.82066410455399	-5.47546421367991	4.39871116011032e-08	2.19334400813634e-06	8.03830551912328	<a href='https://www.ncbi.nlm.nih.gov/gene?term=TPM4[Gene Name] AND Homo sapiens[Organism]' target='_blank'>TPM4</a>
205085_at	<a href='https://www.ncbi.nlm.nih.gov/gene?term=ORC1[Gene Name] AND Homo sapiens[Organism]' target='_blank'>ORC1</a>	0.682872684268485	6.69631765399071	5.46696959353019	4.61449481250192e-08	2.2932966079806e-06	7.99245278737398	<a href='https://www.ncbi.nlm.nih.gov/gene?term=ORC1[Gene Name] AND Homo sapiens[Organism]' target='_blank'>ORC1</a>
235709_at	<a href='https://www.ncbi.nlm.nih.gov/gene?term=GAS2L3[Gene Name] AND Homo sapiens[Organism]' target='_blank'>GAS2L3</a>	-0.636257945785958	7.08302486743607	-5.45149532528035	5.03424356230307e-08	2.48538777057728e-06	7.90910788789379	<a href='https://www.ncbi.nlm.nih.gov/gene?term=GAS2L3[Gene Name] AND Homo sapiens[Organism]' target='_blank'>GAS2L3</a>
227556_at	<a href='https://www.ncbi.nlm.nih.gov/gene?term=NME7[Gene Name] AND Homo sapiens[Organism]' target='_blank'>NME7</a>	0.624468170491085	7.1759122369886	5.4347702117789	5.52951876991946e-08	2.67763642579431e-06	7.81929155485494	<a href='https://www.ncbi.nlm.nih.gov/gene?term=NME7[Gene Name] AND Homo sapiens[Organism]' target='_blank'>NME7</a>
207480_s_at	<a href='https://www.ncbi.nlm.nih.gov/gene?term=MEIS2[Gene Name] AND Homo sapiens[Organism]' target='_blank'>MEIS2</a>	0.552367585569847	8.01728623011647	5.4225087985514	5.92228437167491e-08	2.83946961268862e-06	7.75362127751391	<a href='https://www.ncbi.nlm.nih.gov/gene?term=MEIS2[Gene Name] AND Homo sapiens[Organism]' target='_blank'>MEIS2</a>
1555878_at	<a href='https://www.ncbi.nlm.nih.gov/gene?term=RPS24[Gene Name] AND Homo sapiens[Organism]' target='_blank'>RPS24</a>	0.647729569828998	6.91684492790029	5.39343190396052	6.96480877005709e-08	3.31804377042306e-06	7.59848275802194	<a href='https://www.ncbi.nlm.nih.gov/gene?term=RPS24[Gene Name] AND Homo sapiens[Organism]' target='_blank'>RPS24</a>
232181_at	<a href='https://www.ncbi.nlm.nih.gov/gene?term=PPARGC1B[Gene Name] AND Homo sapiens[Organism]' target='_blank'>PPARGC1B</a>	0.587329254250637	7.53129090736338	5.36768806731662	8.0345254449843e-08	3.77951151356982e-06	7.46182381194895	<a href='https://www.ncbi.nlm.nih.gov/gene?term=PPARGC1B[Gene Name] AND Homo sapiens[Organism]' target='_blank'>PPARGC1B</a>
205302_at	<a href='https://www.ncbi.nlm.nih.gov/gene?term=IGFBP1[Gene Name] AND Homo sapiens[Organism]' target='_blank'>IGFBP1</a>	-0.682677458406597	6.59191220883859	-5.3628445336834	8.25284294163165e-08	3.85794617387087e-06	7.43618541182407	<a href='https://www.ncbi.nlm.nih.gov/gene?term=IGFBP1[Gene Name] AND Homo sapiens[Organism]' target='_blank'>IGFBP1</a>
223494_at	<a href='https://www.ncbi.nlm.nih.gov/gene?term=OGA[Gene Name] AND Homo sapiens[Organism]' target='_blank'>OGA</a>	-0.695122988871127	6.49366625157024	-5.36309895154006	8.24123373524427e-08	3.85794617387087e-06	7.4375315524053	<a href='https://www.ncbi.nlm.nih.gov/gene?term=OGA[Gene Name] AND Homo sapiens[Organism]' target='_blank'>OGA</a>
233177_s_at	<a href='https://www.ncbi.nlm.nih.gov/gene?term=PNKD[Gene Name] AND Homo sapiens[Organism]' target='_blank'>PNKD</a>	0.627714191876162	7.04203632814894	5.34099818106583	9.31102251270046e-08	4.28564879284573e-06	7.32083318548544	<a href='https://www.ncbi.nlm.nih.gov/gene?term=PNKD[Gene Name] AND Homo sapiens[Organism]' target='_blank'>PNKD</a>
210567_s_at	<a href='https://www.ncbi.nlm.nih.gov/gene?term=SKP2[Gene Name] AND Homo sapiens[Organism]' target='_blank'>SKP2</a>	0.511230841680835	8.28168008934092	5.29532863102452	1.19640449641288e-07	5.35838768318571e-06	7.08121171516745	<a href='https://www.ncbi.nlm.nih.gov/gene?term=SKP2[Gene Name] AND Homo sapiens[Organism]' target='_blank'>SKP2</a>
207160_at	<a href='https://www.ncbi.nlm.nih.gov/gene?term=IL12A[Gene Name] AND Homo sapiens[Organism]' target='_blank'>IL12A</a>	-0.650400960571315	6.72722651605113	-5.23612767174285	1.65087687856131e-07	7.24207250041016e-06	6.77365550760136	<a href='https://www.ncbi.nlm.nih.gov/gene?term=IL12A[Gene Name] AND Homo sapiens[Organism]' target='_blank'>IL12A</a>
206373_at	<a href='https://www.ncbi.nlm.nih.gov/gene?term=ZIC1[Gene Name] AND Homo sapiens[Organism]' target='_blank'>ZIC1</a>	0.510454471072547	8.20766853944061	5.20511552747062	1.95155131350301e-07	8.3888666950263e-06	6.61392372803487	<a href='https://www.ncbi.nlm.nih.gov/gene?term=ZIC1[Gene Name] AND Homo sapiens[Organism]' target='_blank'>ZIC1</a>
226085_at	<a href='https://www.ncbi.nlm.nih.gov/gene?term=CBX5[Gene Name] AND Homo sapiens[Organism]' target='_blank'>CBX5</a>	0.542405709521407	7.83618948232884	5.16222557721071	2.45590245124965e-07	1.03196193169223e-05	6.39457745815371	<a href='https://www.ncbi.nlm.nih.gov/gene?term=CBX5[Gene Name] AND Homo sapiens[Organism]' target='_blank'>CBX5</a>
229498_at	<a href='https://www.ncbi.nlm.nih.gov/gene?term=MBNL3[Gene Name] AND Homo sapiens[Organism]' target='_blank'>MBNL3</a>	0.652987658915134	6.62319459035549	5.15889388458131	2.49996357923952e-07	1.04250207802888e-05	6.3776145990105	<a href='https://www.ncbi.nlm.nih.gov/gene?term=MBNL3[Gene Name] AND Homo sapiens[Organism]' target='_blank'>MBNL3</a>
1556047_s_at	<a href='https://www.ncbi.nlm.nih.gov/gene?term=MAGEE1[Gene Name] AND Homo sapiens[Organism]' target='_blank'>MAGEE1</a>	0.660964224408591	6.53623034029501	5.13963891031928	2.76996169006759e-07	1.1478076709618e-05	6.27979505778029	<a href='https://www.ncbi.nlm.nih.gov/gene?term=MAGEE1[Gene Name] AND Homo sapiens[Organism]' target='_blank'>MAGEE1</a>
225606_at	<a href='https://www.ncbi.nlm.nih.gov/gene?term=BCL2L11[Gene Name] AND Homo sapiens[Organism]' target='_blank'>BCL2L11</a>	0.617549093656409	6.89462217938391	5.12221150820164	3.03845103968833e-07	1.24868651381038e-05	6.19157534185734	<a href='https://www.ncbi.nlm.nih.gov/gene?term=BCL2L11[Gene Name] AND Homo sapiens[Organism]' target='_blank'>BCL2L11</a>
215623_x_at	<a href='https://www.ncbi.nlm.nih.gov/gene?term=SMC4[Gene Name] AND Homo sapiens[Organism]' target='_blank'>SMC4</a>	-0.562445030229331	7.40562640255005	-5.06205842172636	4.17210391250789e-07	1.66428006472548e-05	5.88937486830037	<a href='https://www.ncbi.nlm.nih.gov/gene?term=SMC4[Gene Name] AND Homo sapiens[Organism]' target='_blank'>SMC4</a>
204492_at	<a href='https://www.ncbi.nlm.nih.gov/gene?term=ARHGAP11A[Gene Name] AND Homo sapiens[Organism]' target='_blank'>ARHGAP11A</a>	-0.601090178015553	6.95301399767481	-5.03668702365856	4.7640969041659e-07	1.88534723781528e-05	5.76298299595033	<a href='https://www.ncbi.nlm.nih.gov/gene?term=ARHGAP11A[Gene Name] AND Homo sapiens[Organism]' target='_blank'>ARHGAP11A</a>
227420_at	<a href='https://www.ncbi.nlm.nih.gov/gene?term=TNFAIP8L1[Gene Name] AND Homo sapiens[Organism]' target='_blank'>TNFAIP8L1</a>	-0.522180160348358	7.86929927753597	-4.99542832166486	5.90356596138232e-07	2.29977716709162e-05	5.5588019610875	<a href='https://www.ncbi.nlm.nih.gov/gene?term=TNFAIP8L1[Gene Name] AND Homo sapiens[Organism]' target='_blank'>TNFAIP8L1</a>
1556911_at	<a href='https://www.ncbi.nlm.nih.gov/gene?term=ALMS1-IT1[Gene Name] AND Homo sapiens[Organism]' target='_blank'>ALMS1-IT1</a>	0.513976234167068	7.95077242080011	4.98506660236354	6.22862249414073e-07	2.40759596614603e-05	5.50778774421612	<a href='https://www.ncbi.nlm.nih.gov/gene?term=ALMS1-IT1[Gene Name] AND Homo sapiens[Organism]' target='_blank'>ALMS1-IT1</a>
206825_at	<a href='https://www.ncbi.nlm.nih.gov/gene?term=OXTR[Gene Name] AND Homo sapiens[Organism]' target='_blank'>OXTR</a>	-0.519402511727443	7.88908295463153	-4.98535322599461	6.21940323363479e-07	2.40759596614603e-05	5.50919746389453	<a href='https://www.ncbi.nlm.nih.gov/gene?term=OXTR[Gene Name] AND Homo sapiens[Organism]' target='_blank'>OXTR</a>
243840_at	<a href='https://www.ncbi.nlm.nih.gov/gene?term=CLSPN[Gene Name] AND Homo sapiens[Organism]' target='_blank'>CLSPN</a>	0.545637454240848	7.48370453431603	4.95835091784181	7.14827562353981e-07	2.72089198606952e-05	5.376746108672	<a href='https://www.ncbi.nlm.nih.gov/gene?term=CLSPN[Gene Name] AND Homo sapiens[Organism]' target='_blank'>CLSPN</a>
224760_at	<a href='https://www.ncbi.nlm.nih.gov/gene?term=SP1[Gene Name] AND Homo sapiens[Organism]' target='_blank'>SP1</a>	0.603382966634777	6.82648204249667	4.94481939170772	7.66268040055809e-07	2.89459687151385e-05	5.31064201556497	<a href='https://www.ncbi.nlm.nih.gov/gene?term=SP1[Gene Name] AND Homo sapiens[Organism]' target='_blank'>SP1</a>
210138_at	<a href='https://www.ncbi.nlm.nih.gov/gene?term=RGS20[Gene Name] AND Homo sapiens[Organism]' target='_blank'>RGS20</a>	-0.587017916616915	6.95669205845766	-4.92192167412331	8.61539011143853e-07	3.23001555581476e-05	5.19919376680506	<a href='https://www.ncbi.nlm.nih.gov/gene?term=RGS20[Gene Name] AND Homo sapiens[Organism]' target='_blank'>RGS20</a>
220104_at	<a href='https://www.ncbi.nlm.nih.gov/gene?term=ZC3HAV1[Gene Name] AND Homo sapiens[Organism]' target='_blank'>ZC3HAV1</a>	0.556129174202681	7.21069994041262	4.86776218806477	1.13443731516823e-06	4.1390360481955e-05	4.93764629594793	<a href='https://www.ncbi.nlm.nih.gov/gene?term=ZC3HAV1[Gene Name] AND Homo sapiens[Organism]' target='_blank'>ZC3HAV1</a>
226730_s_at	<a href='https://www.ncbi.nlm.nih.gov/gene?term=USP37[Gene Name] AND Homo sapiens[Organism]' target='_blank'>USP37</a>	0.58475205636336	6.90754486944689	4.86116412597435	1.1728853713411e-06	4.25778790557603e-05	4.90598062932946	<a href='https://www.ncbi.nlm.nih.gov/gene?term=USP37[Gene Name] AND Homo sapiens[Organism]' target='_blank'>USP37</a>
228252_at	<a href='https://www.ncbi.nlm.nih.gov/gene?term=PIF1[Gene Name] AND Homo sapiens[Organism]' target='_blank'>PIF1</a>	-0.562386491141917	7.10756637751802	-4.83863668790057	1.31383198103211e-06	4.71309654778403e-05	4.79818976769016	<a href='https://www.ncbi.nlm.nih.gov/gene?term=PIF1[Gene Name] AND Homo sapiens[Organism]' target='_blank'>PIF1</a>
212861_at	<a href='https://www.ncbi.nlm.nih.gov/gene?term=MFSD5[Gene Name] AND Homo sapiens[Organism]' target='_blank'>MFSD5</a>	0.543263029596824	7.26999803775744	4.8002174918647	1.59258093526424e-06	5.61873071005137e-05	4.61551397288624	<a href='https://www.ncbi.nlm.nih.gov/gene?term=MFSD5[Gene Name] AND Homo sapiens[Organism]' target='_blank'>MFSD5</a>
242722_at	<a href='https://www.ncbi.nlm.nih.gov/gene?term=LMO7[Gene Name] AND Homo sapiens[Organism]' target='_blank'>LMO7</a>	-0.579779498742711	6.86821365786581	-4.78654840389955	1.70483714765192e-06	5.97251964677402e-05	4.55087134794622	<a href='https://www.ncbi.nlm.nih.gov/gene?term=LMO7[Gene Name] AND Homo sapiens[Organism]' target='_blank'>LMO7</a>
228613_at	<a href='https://www.ncbi.nlm.nih.gov/gene?term=RAB11FIP3[Gene Name] AND Homo sapiens[Organism]' target='_blank'>RAB11FIP3</a>	-0.507411878649794	7.77113557775325	-4.78195289329162	1.74425725710753e-06	6.05390819235998e-05	4.52918007616272	<a href='https://www.ncbi.nlm.nih.gov/gene?term=RAB11FIP3[Gene Name] AND Homo sapiens[Organism]' target='_blank'>RAB11FIP3</a>
209585_s_at	<a href='https://www.ncbi.nlm.nih.gov/gene?term=MINPP1[Gene Name] AND Homo sapiens[Organism]' target='_blank'>MINPP1</a>	0.521337862386406	7.53238329826358	4.76520116364405	1.89550269932088e-06	6.50340020163787e-05	4.45028663328549	<a href='https://www.ncbi.nlm.nih.gov/gene?term=MINPP1[Gene Name] AND Homo sapiens[Organism]' target='_blank'>MINPP1</a>
206953_s_at	<a href='https://www.ncbi.nlm.nih.gov/gene?term=ADGRL2[Gene Name] AND Homo sapiens[Organism]' target='_blank'>ADGRL2</a>	0.533647971244954	7.3419298892628	4.76354216693632	1.91114895839097e-06	6.54207717816261e-05	4.44248853910733	<a href='https://www.ncbi.nlm.nih.gov/gene?term=ADGRL2[Gene Name] AND Homo sapiens[Organism]' target='_blank'>ADGRL2</a>
226547_at	<a href='https://www.ncbi.nlm.nih.gov/gene?term=KAT6A[Gene Name] AND Homo sapiens[Organism]' target='_blank'>KAT6A</a>	0.511980577845297	7.66593073338937	4.75636811065067	1.98024869605233e-06	6.74773126292638e-05	4.4087982329254	<a href='https://www.ncbi.nlm.nih.gov/gene?term=KAT6A[Gene Name] AND Homo sapiens[Organism]' target='_blank'>KAT6A</a>
210511_s_at	<a href='https://www.ncbi.nlm.nih.gov/gene?term=INHBA[Gene Name] AND Homo sapiens[Organism]' target='_blank'>INHBA</a>	-0.519485933420011	7.53922643850197	-4.75213393149861	2.02215156955468e-06	6.84374781198381e-05	4.38893780250098	<a href='https://www.ncbi.nlm.nih.gov/gene?term=INHBA[Gene Name] AND Homo sapiens[Organism]' target='_blank'>INHBA</a>
218849_s_at	<a href='https://www.ncbi.nlm.nih.gov/gene?term=PPP1R13L[Gene Name] AND Homo sapiens[Organism]' target='_blank'>PPP1R13L</a>	-0.541648116898817	7.22360427966416	-4.75075367316625	2.03599421194319e-06	6.87504230619823e-05	4.38246751925176	<a href='https://www.ncbi.nlm.nih.gov/gene?term=PPP1R13L[Gene Name] AND Homo sapiens[Organism]' target='_blank'>PPP1R13L</a>
1557675_at	<a href='https://www.ncbi.nlm.nih.gov/gene?term=RAF1[Gene Name] AND Homo sapiens[Organism]' target='_blank'>RAF1</a>	-0.564720348572131	6.94520514063209	-4.72550833990691	2.30582971153081e-06	7.66509036773097e-05	4.26445570385763	<a href='https://www.ncbi.nlm.nih.gov/gene?term=RAF1[Gene Name] AND Homo sapiens[Organism]' target='_blank'>RAF1</a>
224516_s_at	<a href='https://www.ncbi.nlm.nih.gov/gene?term=CXXC5[Gene Name] AND Homo sapiens[Organism]' target='_blank'>CXXC5</a>	0.505085831718127	7.70545912287198	4.71644390326364	2.41084552864035e-06	7.95189293816419e-05	4.22223650964867	<a href='https://www.ncbi.nlm.nih.gov/gene?term=CXXC5[Gene Name] AND Homo sapiens[Organism]' target='_blank'>CXXC5</a>
230885_at	<a href='https://www.ncbi.nlm.nih.gov/gene?term=SPG7[Gene Name] AND Homo sapiens[Organism]' target='_blank'>SPG7</a>	-0.545668535457088	7.12094386329777	-4.70545182252748	2.54436141465379e-06	8.2741526960448e-05	4.17114773033697	<a href='https://www.ncbi.nlm.nih.gov/gene?term=SPG7[Gene Name] AND Homo sapiens[Organism]' target='_blank'>SPG7</a>
201044_x_at	<a href='https://www.ncbi.nlm.nih.gov/gene?term=DUSP1[Gene Name] AND Homo sapiens[Organism]' target='_blank'>DUSP1</a>	-0.570312862121872	6.85103774257952	-4.69412660520429	2.68933502466712e-06	8.70774082986916e-05	4.11863528489083	<a href='https://www.ncbi.nlm.nih.gov/gene?term=DUSP1[Gene Name] AND Homo sapiens[Organism]' target='_blank'>DUSP1</a>
211080_s_at	<a href='https://www.ncbi.nlm.nih.gov/gene?term=NEK2[Gene Name] AND Homo sapiens[Organism]' target='_blank'>NEK2</a>	-0.530369529105234	7.25392304783646	-4.67432234021476	2.96210394544384e-06	9.40766728660177e-05	4.02711154755697	<a href='https://www.ncbi.nlm.nih.gov/gene?term=NEK2[Gene Name] AND Homo sapiens[Organism]' target='_blank'>NEK2</a>
214682_at	<a href='https://www.ncbi.nlm.nih.gov/gene?term=PKD1P6-NPIPP1[Gene Name] AND Homo sapiens[Organism]' target='_blank'>PKD1P6-NPIPP1</a>	-0.551165279939041	6.98499782488039	-4.64400826818595	3.43165497594977e-06	0.000106723756310255	3.88776708463818	<a href='https://www.ncbi.nlm.nih.gov/gene?term=PKD1P6-NPIPP1[Gene Name] AND Homo sapiens[Organism]' target='_blank'>PKD1P6-NPIPP1</a>
212836_at	<a href='https://www.ncbi.nlm.nih.gov/gene?term=POLD3[Gene Name] AND Homo sapiens[Organism]' target='_blank'>POLD3</a>	0.538290207152925	7.05950889219102	4.59376370016357	4.37095914845745e-06	0.000131559714088078	3.65880494375251	<a href='https://www.ncbi.nlm.nih.gov/gene?term=POLD3[Gene Name] AND Homo sapiens[Organism]' target='_blank'>POLD3</a>
243529_at	<a href='https://www.ncbi.nlm.nih.gov/gene?term=MARS2[Gene Name] AND Homo sapiens[Organism]' target='_blank'>MARS2</a>	0.518544868724595	7.20341452534033	4.5335315605579	5.82302553910448e-06	0.000167512767383584	3.3876124195129	<a href='https://www.ncbi.nlm.nih.gov/gene?term=MARS2[Gene Name] AND Homo sapiens[Organism]' target='_blank'>MARS2</a>
213664_at	<a href='https://www.ncbi.nlm.nih.gov/gene?term=SLC1A1[Gene Name] AND Homo sapiens[Organism]' target='_blank'>SLC1A1</a>	0.522588321532749	7.14713508561112	4.52624867983198	6.02710353409952e-06	0.000173050751951237	3.35506412900313	<a href='https://www.ncbi.nlm.nih.gov/gene?term=SLC1A1[Gene Name] AND Homo sapiens[Organism]' target='_blank'>SLC1A1</a>
219208_at	<a href='https://www.ncbi.nlm.nih.gov/gene?term=FBXO11[Gene Name] AND Homo sapiens[Organism]' target='_blank'>FBXO11</a>	0.559840935675917	6.74488014536339	4.52144351509519	6.16548102418344e-06	0.000176346903710822	3.33361777741049	<a href='https://www.ncbi.nlm.nih.gov/gene?term=FBXO11[Gene Name] AND Homo sapiens[Organism]' target='_blank'>FBXO11</a>
206140_at	<a href='https://www.ncbi.nlm.nih.gov/gene?term=LHX2[Gene Name] AND Homo sapiens[Organism]' target='_blank'>LHX2</a>	0.50690144927863	7.21510813518513	4.4399878648099	9.02856429612362e-06	0.000248268921517855	2.97353203844099	<a href='https://www.ncbi.nlm.nih.gov/gene?term=LHX2[Gene Name] AND Homo sapiens[Organism]' target='_blank'>LHX2</a>
236841_at	<a href='https://www.ncbi.nlm.nih.gov/gene?term=WASHC1[Gene Name] AND Homo sapiens[Organism]' target='_blank'>WASHC1</a>	-0.535326709090501	6.88163492492246	-4.4300474057189	9.45463826121116e-06	0.000258087470345726	2.93003706079084	<a href='https://www.ncbi.nlm.nih.gov/gene?term=WASHC1[Gene Name] AND Homo sapiens[Organism]' target='_blank'>WASHC1</a>
219342_at	<a href='https://www.ncbi.nlm.nih.gov/gene?term=CASD1[Gene Name] AND Homo sapiens[Organism]' target='_blank'>CASD1</a>	0.546158529943932	6.75713350807379	4.42065974727254	9.87460435097283e-06	0.000268571284520368	2.88905039652024	<a href='https://www.ncbi.nlm.nih.gov/gene?term=CASD1[Gene Name] AND Homo sapiens[Organism]' target='_blank'>CASD1</a>
223282_at	<a href='https://www.ncbi.nlm.nih.gov/gene?term=TSHZ1[Gene Name] AND Homo sapiens[Organism]' target='_blank'>TSHZ1</a>	0.556818316904915	6.61339394185674	4.3912930897635	1.13064803364357e-05	0.000303651058083916	2.76139652073438	<a href='https://www.ncbi.nlm.nih.gov/gene?term=TSHZ1[Gene Name] AND Homo sapiens[Organism]' target='_blank'>TSHZ1</a>
212148_at	<a href='https://www.ncbi.nlm.nih.gov/gene?term=PBX1[Gene Name] AND Homo sapiens[Organism]' target='_blank'>PBX1</a>	0.500982183549166	7.14366213595108	4.33659136269936	1.45182169699627e-05	0.000380346773474033	2.52588218419413	<a href='https://www.ncbi.nlm.nih.gov/gene?term=PBX1[Gene Name] AND Homo sapiens[Organism]' target='_blank'>PBX1</a>
229713_at	<a href='https://www.ncbi.nlm.nih.gov/gene?term=PIP4K2A[Gene Name] AND Homo sapiens[Organism]' target='_blank'>PIP4K2A</a>	0.529789035278961	6.81734779473148	4.33462896559078	1.46482462988369e-05	0.0003819702282501	2.5174880783779	<a href='https://www.ncbi.nlm.nih.gov/gene?term=PIP4K2A[Gene Name] AND Homo sapiens[Organism]' target='_blank'>PIP4K2A</a>
1557094_at	<a href='https://www.ncbi.nlm.nih.gov/gene?term=ANXA8[Gene Name] AND Homo sapiens[Organism]' target='_blank'>ANXA8</a>	-0.5234366493687	6.78660376377114	-4.25915343951627	2.05828582218468e-05	0.000514021663006021	2.19752650417092	<a href='https://www.ncbi.nlm.nih.gov/gene?term=ANXA8[Gene Name] AND Homo sapiens[Organism]' target='_blank'>ANXA8</a>
204747_at	<a href='https://www.ncbi.nlm.nih.gov/gene?term=IFIT3[Gene Name] AND Homo sapiens[Organism]' target='_blank'>IFIT3</a>	0.535055781227663	6.63093139035521	4.2331209064632	2.31157368354522e-05	0.000567977348161662	2.0884709554813	<a href='https://www.ncbi.nlm.nih.gov/gene?term=IFIT3[Gene Name] AND Homo sapiens[Organism]' target='_blank'>IFIT3</a>
237252_at	<a href='https://www.ncbi.nlm.nih.gov/gene?term=THBD[Gene Name] AND Homo sapiens[Organism]' target='_blank'>THBD</a>	0.533750668766658	6.64007222459962	4.2298087656009	2.34585017296708e-05	0.000573391711395663	2.07464367242174	<a href='https://www.ncbi.nlm.nih.gov/gene?term=THBD[Gene Name] AND Homo sapiens[Organism]' target='_blank'>THBD</a>
1552487_a_at	<a href='https://www.ncbi.nlm.nih.gov/gene?term=BNC1[Gene Name] AND Homo sapiens[Organism]' target='_blank'>BNC1</a>	-0.511080072583804	6.85930834957797	-4.21274539906542	2.53023551826525e-05	0.000611466770884166	2.00358028614803	<a href='https://www.ncbi.nlm.nih.gov/gene?term=BNC1[Gene Name] AND Homo sapiens[Organism]' target='_blank'>BNC1</a>
226615_at	<a href='https://www.ncbi.nlm.nih.gov/gene?term=XPR1[Gene Name] AND Homo sapiens[Organism]' target='_blank'>XPR1</a>	0.514261825394625	6.77938064768603	4.17909242870997	2.93505321675337e-05	0.000701365192802134	1.86426851669993	<a href='https://www.ncbi.nlm.nih.gov/gene?term=XPR1[Gene Name] AND Homo sapiens[Organism]' target='_blank'>XPR1</a>
229422_at	<a href='https://www.ncbi.nlm.nih.gov/gene?term=NRDC[Gene Name] AND Homo sapiens[Organism]' target='_blank'>NRDC</a>	-0.513943834208764	6.70554888458833	-4.121411438519	3.77571863725075e-05	0.000868938078378985	1.62808777271353	<a href='https://www.ncbi.nlm.nih.gov/gene?term=NRDC[Gene Name] AND Homo sapiens[Organism]' target='_blank'>NRDC</a>
1555370_a_at	<a href='https://www.ncbi.nlm.nih.gov/gene?term=CAMTA1[Gene Name] AND Homo sapiens[Organism]' target='_blank'>CAMTA1</a>	-0.525735446037793	6.5695788346563	-4.11312671754613	3.91378702512151e-05	0.000893837253569354	1.59443472081531	<a href='https://www.ncbi.nlm.nih.gov/gene?term=CAMTA1[Gene Name] AND Homo sapiens[Organism]' target='_blank'>CAMTA1</a>
227804_at	<a href='https://www.ncbi.nlm.nih.gov/gene?term=TLCD1[Gene Name] AND Homo sapiens[Organism]' target='_blank'>TLCD1</a>	0.531392009441218	6.47930923466782	4.08903034290482	4.34311825919011e-05	0.000966962304419212	1.49693865059265	<a href='https://www.ncbi.nlm.nih.gov/gene?term=TLCD1[Gene Name] AND Homo sapiens[Organism]' target='_blank'>TLCD1</a>
205706_s_at	<a href='https://www.ncbi.nlm.nih.gov/gene?term=ANKRD26[Gene Name] AND Homo sapiens[Organism]' target='_blank'>ANKRD26</a>	0.512634510036521	6.55593738825509	4.00063192134161	6.33254615979476e-05	0.00132487493712405	1.14417630320518	<a href='https://www.ncbi.nlm.nih.gov/gene?term=ANKRD26[Gene Name] AND Homo sapiens[Organism]' target='_blank'>ANKRD26</a>
207144_s_at	<a href='https://www.ncbi.nlm.nih.gov/gene?term=CITED1[Gene Name] AND Homo sapiens[Organism]' target='_blank'>CITED1</a>	0.50194569400618	6.57497054127756	3.93088227738266	8.48251095877007e-05	0.0017055091590355	0.871275116614245	<a href='https://www.ncbi.nlm.nih.gov/gene?term=CITED1[Gene Name] AND Homo sapiens[Organism]' target='_blank'>CITED1</a>
214041_x_at	<a href='https://www.ncbi.nlm.nih.gov/gene?term=RPL37A[Gene Name] AND Homo sapiens[Organism]' target='_blank'>RPL37A</a>	-0.500019068429477	8.29241516213181	-3.52513137224385	0.00186085726219668	0.0209140223780617	-1.67189213955656	<a href='https://www.ncbi.nlm.nih.gov/gene?term=RPL37A[Gene Name] AND Homo sapiens[Organism]' target='_blank'>RPL37A</a>
