probeID	gene_symbol	logFC	AveExpr	t	P.Value	adj.P.Val	B	url
209806_at	<a href='https://www.ncbi.nlm.nih.gov/gene?term=H2BC12[Gene Name] AND Homo sapiens[Organism]' target='_blank'>H2BC12</a>	-0.985811130260062	10.4520205922274	-25.5788196367151	2.37779346650854e-11	3.07187137938238e-07	14.3895351695782	<a href='https://www.ncbi.nlm.nih.gov/gene?term=H2BC12[Gene Name] AND Homo sapiens[Organism]' target='_blank'>H2BC12</a>
201631_s_at	<a href='https://www.ncbi.nlm.nih.gov/gene?term=IER3[Gene Name] AND Homo sapiens[Organism]' target='_blank'>IER3</a>	-0.678069976160462	10.2201083417582	-15.9454181668978	4.2977049308485e-09	8.47976135463941e-06	10.8654408861389	<a href='https://www.ncbi.nlm.nih.gov/gene?term=IER3[Gene Name] AND Homo sapiens[Organism]' target='_blank'>IER3</a>
202887_s_at	<a href='https://www.ncbi.nlm.nih.gov/gene?term=DDIT4[Gene Name] AND Homo sapiens[Organism]' target='_blank'>DDIT4</a>	-1.02704206390746	8.42795748939894	-15.8474527439906	4.59465357090145e-09	8.47976135463941e-06	10.8127100836284	<a href='https://www.ncbi.nlm.nih.gov/gene?term=DDIT4[Gene Name] AND Homo sapiens[Organism]' target='_blank'>DDIT4</a>
209911_x_at	<a href='https://www.ncbi.nlm.nih.gov/gene?term=H2BC5[Gene Name] AND Homo sapiens[Organism]' target='_blank'>H2BC5</a>	-1.06198072843837	8.17471381408975	-16.3142097559315	3.35320214238441e-09	8.47976135463941e-06	11.0598251157936	<a href='https://www.ncbi.nlm.nih.gov/gene?term=H2BC5[Gene Name] AND Homo sapiens[Organism]' target='_blank'>H2BC5</a>
208527_x_at	<a href='https://www.ncbi.nlm.nih.gov/gene?term=H2BC6[Gene Name] AND Homo sapiens[Organism]' target='_blank'>H2BC6</a>	-0.935135554769303	7.84229900170131	-14.142197614976	1.56872599688811e-08	2.42727035585944e-05	9.81484095794421	<a href='https://www.ncbi.nlm.nih.gov/gene?term=H2BC6[Gene Name] AND Homo sapiens[Organism]' target='_blank'>H2BC6</a>
215071_s_at	<a href='https://www.ncbi.nlm.nih.gov/gene?term=H2AC6[Gene Name] AND Homo sapiens[Organism]' target='_blank'>H2AC6</a>	-1.08638118862358	7.08121514116088	-13.5949369742973	2.3938012071203e-08	2.57712648289893e-05	9.45947955404036	<a href='https://www.ncbi.nlm.nih.gov/gene?term=H2AC6[Gene Name] AND Homo sapiens[Organism]' target='_blank'>H2AC6</a>
209398_at	<a href='https://www.ncbi.nlm.nih.gov/gene?term=H1-2[Gene Name] AND Homo sapiens[Organism]' target='_blank'>H1-2</a>	-0.837138347579015	8.35297987596611	-13.2108384058542	3.25010504779335e-08	3.22985439326479e-05	9.19878062869666	<a href='https://www.ncbi.nlm.nih.gov/gene?term=H1-2[Gene Name] AND Homo sapiens[Organism]' target='_blank'>H1-2</a>
209383_at	<a href='https://www.ncbi.nlm.nih.gov/gene?term=DDIT3[Gene Name] AND Homo sapiens[Organism]' target='_blank'>DDIT3</a>	-0.853395775104764	7.65269593338618	-12.7325232466374	4.81016771895011e-08	4.43875405436546e-05	8.8603653293567	<a href='https://www.ncbi.nlm.nih.gov/gene?term=DDIT3[Gene Name] AND Homo sapiens[Organism]' target='_blank'>DDIT3</a>
208490_x_at	<a href='https://www.ncbi.nlm.nih.gov/gene?term=H2BC7[Gene Name] AND Homo sapiens[Organism]' target='_blank'>H2BC7</a>	-0.845750625662731	7.37470204143497	-12.629684812554	5.24206750328273e-08	4.51481800499397e-05	8.78553155410646	<a href='https://www.ncbi.nlm.nih.gov/gene?term=H2BC7[Gene Name] AND Homo sapiens[Organism]' target='_blank'>H2BC7</a>
203455_s_at	<a href='https://www.ncbi.nlm.nih.gov/gene?term=SAT1[Gene Name] AND Homo sapiens[Organism]' target='_blank'>SAT1</a>	-0.526245963409858	9.73645228079567	-12.2387587799042	7.31022759246462e-08	5.90255189169065e-05	8.49409216491199	<a href='https://www.ncbi.nlm.nih.gov/gene?term=SAT1[Gene Name] AND Homo sapiens[Organism]' target='_blank'>SAT1</a>
205239_at	<a href='https://www.ncbi.nlm.nih.gov/gene?term=AREG[Gene Name] AND Homo sapiens[Organism]' target='_blank'>AREG</a>	-0.660059102094564	8.91133126058813	-11.9634958777163	9.29093615523019e-08	7.06056495231876e-05	8.28204695974273	<a href='https://www.ncbi.nlm.nih.gov/gene?term=AREG[Gene Name] AND Homo sapiens[Organism]' target='_blank'>AREG</a>
202393_s_at	<a href='https://www.ncbi.nlm.nih.gov/gene?term=KLF10[Gene Name] AND Homo sapiens[Organism]' target='_blank'>KLF10</a>	-0.521068213308162	9.93249288373828	-11.4612755613101	1.45711697471691e-07	0.000104580523313155	7.87989398671144	<a href='https://www.ncbi.nlm.nih.gov/gene?term=KLF10[Gene Name] AND Homo sapiens[Organism]' target='_blank'>KLF10</a>
222408_s_at	<a href='https://www.ncbi.nlm.nih.gov/gene?term=YPEL5[Gene Name] AND Homo sapiens[Organism]' target='_blank'>YPEL5</a>	-0.724206783665375	7.52693545726772	-10.9580621396137	2.32699052250131e-07	0.00015822310821155	7.45606286734141	<a href='https://www.ncbi.nlm.nih.gov/gene?term=YPEL5[Gene Name] AND Homo sapiens[Organism]' target='_blank'>YPEL5</a>
202672_s_at	<a href='https://www.ncbi.nlm.nih.gov/gene?term=ATF3[Gene Name] AND Homo sapiens[Organism]' target='_blank'>ATF3</a>	-0.812620544444237	7.05022379833359	-10.6795412489657	3.03898259155498e-07	0.000190032478866936	7.21199367115516	<a href='https://www.ncbi.nlm.nih.gov/gene?term=ATF3[Gene Name] AND Homo sapiens[Organism]' target='_blank'>ATF3</a>
208523_x_at	<a href='https://www.ncbi.nlm.nih.gov/gene?term=H2BC10[Gene Name] AND Homo sapiens[Organism]' target='_blank'>H2BC10</a>	-0.732164671201214	7.20872072928782	-10.6627021180236	3.08900228826199e-07	0.000190032478866936	7.19701337119763	<a href='https://www.ncbi.nlm.nih.gov/gene?term=H2BC10[Gene Name] AND Homo sapiens[Organism]' target='_blank'>H2BC10</a>
202769_at	<a href='https://www.ncbi.nlm.nih.gov/gene?term=CCNG2[Gene Name] AND Homo sapiens[Organism]' target='_blank'>CCNG2</a>	-0.724025673088584	7.30081772537097	-10.3565448195716	4.17229566152554e-07	0.000234356033266298	6.92008113346912	<a href='https://www.ncbi.nlm.nih.gov/gene?term=CCNG2[Gene Name] AND Homo sapiens[Organism]' target='_blank'>CCNG2</a>
208546_x_at	<a href='https://www.ncbi.nlm.nih.gov/gene?term=H2BC9[Gene Name] AND Homo sapiens[Organism]' target='_blank'>H2BC9</a>	-0.770641982083902	6.77031449005342	-10.053334817019	5.66045365038345e-07	0.000292509602837215	6.63704272515694	<a href='https://www.ncbi.nlm.nih.gov/gene?term=H2BC9[Gene Name] AND Homo sapiens[Organism]' target='_blank'>H2BC9</a>
202146_at	<a href='https://www.ncbi.nlm.nih.gov/gene?term=IFRD1[Gene Name] AND Homo sapiens[Organism]' target='_blank'>IFRD1</a>	-0.530688450647999	8.6784799440404	-9.54614445410823	9.59164889990597e-07	0.000427291421165122	6.14312604822954	<a href='https://www.ncbi.nlm.nih.gov/gene?term=IFRD1[Gene Name] AND Homo sapiens[Organism]' target='_blank'>IFRD1</a>
206115_at	<a href='https://www.ncbi.nlm.nih.gov/gene?term=EGR3[Gene Name] AND Homo sapiens[Organism]' target='_blank'>EGR3</a>	-0.709677306069892	7.37873458929223	-9.05198145832757	1.6390121587482e-06	0.000641648426632362	5.63584461973837	<a href='https://www.ncbi.nlm.nih.gov/gene?term=EGR3[Gene Name] AND Homo sapiens[Organism]' target='_blank'>EGR3</a>
201008_s_at	<a href='https://www.ncbi.nlm.nih.gov/gene?term=TXNIP[Gene Name] AND Homo sapiens[Organism]' target='_blank'>TXNIP</a>	-0.551140217071314	8.07011939195525	-9.00710078506233	1.72268030451669e-06	0.000653070742896495	5.58844143996586	<a href='https://www.ncbi.nlm.nih.gov/gene?term=TXNIP[Gene Name] AND Homo sapiens[Organism]' target='_blank'>TXNIP</a>
209921_at	<a href='https://www.ncbi.nlm.nih.gov/gene?term=SLC7A11[Gene Name] AND Homo sapiens[Organism]' target='_blank'>SLC7A11</a>	-0.522350857298479	8.43345534224279	-8.98310556794254	1.76929143133194e-06	0.000653070742896495	5.56300447922975	<a href='https://www.ncbi.nlm.nih.gov/gene?term=SLC7A11[Gene Name] AND Homo sapiens[Organism]' target='_blank'>SLC7A11</a>
224990_at	<a href='https://www.ncbi.nlm.nih.gov/gene?term=SMIM14[Gene Name] AND Homo sapiens[Organism]' target='_blank'>SMIM14</a>	-0.574024818558627	7.6403426914075	-8.77987402361031	2.22317650694558e-06	0.000776249116033242	5.34493069434408	<a href='https://www.ncbi.nlm.nih.gov/gene?term=SMIM14[Gene Name] AND Homo sapiens[Organism]' target='_blank'>SMIM14</a>
201693_s_at	<a href='https://www.ncbi.nlm.nih.gov/gene?term=EGR1[Gene Name] AND Homo sapiens[Organism]' target='_blank'>EGR1</a>	-0.843162540139756	6.97599558621865	-8.88024203733939	2.4535673945128e-06	0.000792440929242771	5.26602221305166	<a href='https://www.ncbi.nlm.nih.gov/gene?term=EGR1[Gene Name] AND Homo sapiens[Organism]' target='_blank'>EGR1</a>
224797_at	<a href='https://www.ncbi.nlm.nih.gov/gene?term=ARRDC3[Gene Name] AND Homo sapiens[Organism]' target='_blank'>ARRDC3</a>	-0.820415687423255	6.44499104833419	-8.50346067000859	3.05292563827121e-06	0.000961969422459166	5.04061673130093	<a href='https://www.ncbi.nlm.nih.gov/gene?term=ARRDC3[Gene Name] AND Homo sapiens[Organism]' target='_blank'>ARRDC3</a>
203665_at	<a href='https://www.ncbi.nlm.nih.gov/gene?term=HMOX1[Gene Name] AND Homo sapiens[Organism]' target='_blank'>HMOX1</a>	-0.646594680222841	7.13745838821443	-8.46403532194084	3.19622594737287e-06	0.000983143881288335	4.99647176531219	<a href='https://www.ncbi.nlm.nih.gov/gene?term=HMOX1[Gene Name] AND Homo sapiens[Organism]' target='_blank'>HMOX1</a>
221577_x_at	<a href='https://www.ncbi.nlm.nih.gov/gene?term=GDF15[Gene Name] AND Homo sapiens[Organism]' target='_blank'>GDF15</a>	-0.500833392047369	9.06102362817829	-8.42470215956489	3.34642922989684e-06	0.00100540742374505	4.95224321902285	<a href='https://www.ncbi.nlm.nih.gov/gene?term=GDF15[Gene Name] AND Homo sapiens[Organism]' target='_blank'>GDF15</a>
209904_at	<a href='https://www.ncbi.nlm.nih.gov/gene?term=TNNC1[Gene Name] AND Homo sapiens[Organism]' target='_blank'>TNNC1</a>	0.559694457821388	7.9034465304839	8.1069171375738	4.8787726282518e-06	0.00137019268661707	4.58795318558086	<a href='https://www.ncbi.nlm.nih.gov/gene?term=TNNC1[Gene Name] AND Homo sapiens[Organism]' target='_blank'>TNNC1</a>
1554464_a_at	<a href='https://www.ncbi.nlm.nih.gov/gene?term=CRTAP[Gene Name] AND Homo sapiens[Organism]' target='_blank'>CRTAP</a>	0.579794019773153	7.34663046317083	7.99667602877375	5.57456262476345e-06	0.00147093754804472	4.45863384649787	<a href='https://www.ncbi.nlm.nih.gov/gene?term=CRTAP[Gene Name] AND Homo sapiens[Organism]' target='_blank'>CRTAP</a>
225283_at	<a href='https://www.ncbi.nlm.nih.gov/gene?term=ARRDC4[Gene Name] AND Homo sapiens[Organism]' target='_blank'>ARRDC4</a>	-0.510652743627723	8.21766654931706	-7.84921629951799	6.67682083902363e-06	0.00172515696838693	4.28322903532194	<a href='https://www.ncbi.nlm.nih.gov/gene?term=ARRDC4[Gene Name] AND Homo sapiens[Organism]' target='_blank'>ARRDC4</a>
209815_at	<a href='https://www.ncbi.nlm.nih.gov/gene?term=PTCH1[Gene Name] AND Homo sapiens[Organism]' target='_blank'>PTCH1</a>	0.515317187160826	7.49355087485759	7.55669191317374	9.62005341890543e-06	0.00221931196640784	3.92687893295204	<a href='https://www.ncbi.nlm.nih.gov/gene?term=PTCH1[Gene Name] AND Homo sapiens[Organism]' target='_blank'>PTCH1</a>
236192_at	<a href='https://www.ncbi.nlm.nih.gov/gene?term=HOOK3[Gene Name] AND Homo sapiens[Organism]' target='_blank'>HOOK3</a>	0.544251756895033	8.44150504978541	7.26495853015187	1.81553039913667e-05	0.00344924076859509	3.33636389774859	<a href='https://www.ncbi.nlm.nih.gov/gene?term=HOOK3[Gene Name] AND Homo sapiens[Organism]' target='_blank'>HOOK3</a>
227475_at	<a href='https://www.ncbi.nlm.nih.gov/gene?term=FOXQ1[Gene Name] AND Homo sapiens[Organism]' target='_blank'>FOXQ1</a>	0.560687608339845	6.86747775750358	6.99932935031634	1.98399360125154e-05	0.00371466859921284	3.21589923205596	<a href='https://www.ncbi.nlm.nih.gov/gene?term=FOXQ1[Gene Name] AND Homo sapiens[Organism]' target='_blank'>FOXQ1</a>
239680_at	<a href='https://www.ncbi.nlm.nih.gov/gene?term=WDR76[Gene Name] AND Homo sapiens[Organism]' target='_blank'>WDR76</a>	0.503590380512307	7.39473350674641	6.93946391891766	2.14926860652389e-05	0.00396662873252601	3.13696006070942	<a href='https://www.ncbi.nlm.nih.gov/gene?term=WDR76[Gene Name] AND Homo sapiens[Organism]' target='_blank'>WDR76</a>
200920_s_at	<a href='https://www.ncbi.nlm.nih.gov/gene?term=BTG1[Gene Name] AND Homo sapiens[Organism]' target='_blank'>BTG1</a>	-0.516213469739728	7.43704026695542	-6.88290921472622	2.31899418021481e-05	0.00399454477522601	3.06191815780967	<a href='https://www.ncbi.nlm.nih.gov/gene?term=BTG1[Gene Name] AND Homo sapiens[Organism]' target='_blank'>BTG1</a>
224833_at	<a href='https://www.ncbi.nlm.nih.gov/gene?term=ETS1[Gene Name] AND Homo sapiens[Organism]' target='_blank'>ETS1</a>	-0.606983265572284	6.60854792670872	-6.73325664520757	2.84119054130821e-05	0.0044223301931519	2.86113409953952	<a href='https://www.ncbi.nlm.nih.gov/gene?term=ETS1[Gene Name] AND Homo sapiens[Organism]' target='_blank'>ETS1</a>
1554283_at	<a href='https://www.ncbi.nlm.nih.gov/gene?term=NOCT[Gene Name] AND Homo sapiens[Organism]' target='_blank'>NOCT</a>	-0.544003784026125	6.47876462382468	-6.66404875245088	3.12401281347784e-05	0.00472702665444253	2.76718650002521	<a href='https://www.ncbi.nlm.nih.gov/gene?term=NOCT[Gene Name] AND Homo sapiens[Organism]' target='_blank'>NOCT</a>
204149_s_at	<a href='https://www.ncbi.nlm.nih.gov/gene?term=GSTM4[Gene Name] AND Homo sapiens[Organism]' target='_blank'>GSTM4</a>	0.600490101728351	6.83844128755104	6.57654785546352	3.52538109420598e-05	0.00500487894022495	2.64740892466948	<a href='https://www.ncbi.nlm.nih.gov/gene?term=GSTM4[Gene Name] AND Homo sapiens[Organism]' target='_blank'>GSTM4</a>
226939_at	<a href='https://www.ncbi.nlm.nih.gov/gene?term=CPEB2[Gene Name] AND Homo sapiens[Organism]' target='_blank'>CPEB2</a>	-0.563910444302388	6.65534463161501	-6.00976788886875	7.90609066594102e-05	0.00844122192671835	1.84415584201157	<a href='https://www.ncbi.nlm.nih.gov/gene?term=CPEB2[Gene Name] AND Homo sapiens[Organism]' target='_blank'>CPEB2</a>
215731_s_at	<a href='https://www.ncbi.nlm.nih.gov/gene?term=MPHOSPH9[Gene Name] AND Homo sapiens[Organism]' target='_blank'>MPHOSPH9</a>	0.513112488502165	6.66590911816865	5.72931308800457	0.000119835814700645	0.0110166399442223	1.42888032855043	<a href='https://www.ncbi.nlm.nih.gov/gene?term=MPHOSPH9[Gene Name] AND Homo sapiens[Organism]' target='_blank'>MPHOSPH9</a>
228697_at	<a href='https://www.ncbi.nlm.nih.gov/gene?term=HINT3[Gene Name] AND Homo sapiens[Organism]' target='_blank'>HINT3</a>	-0.543255916002885	7.14549117556569	-5.2760005103485	0.00035615218934074	0.0209699236152385	0.420330876029352	<a href='https://www.ncbi.nlm.nih.gov/gene?term=HINT3[Gene Name] AND Homo sapiens[Organism]' target='_blank'>HINT3</a>
202388_at	<a href='https://www.ncbi.nlm.nih.gov/gene?term=RGS2[Gene Name] AND Homo sapiens[Organism]' target='_blank'>RGS2</a>	-0.505197940955636	7.17628800933122	-4.72411131127118	0.000884626730246191	0.0333192207814885	-0.474232109197273	<a href='https://www.ncbi.nlm.nih.gov/gene?term=RGS2[Gene Name] AND Homo sapiens[Organism]' target='_blank'>RGS2</a>
