probeID	gene_symbol	logFC	AveExpr	t	P.Value	adj.P.Val	B	url
214805_at	<a href='https://www.ncbi.nlm.nih.gov/gene?term=EIF4A1[Gene Name] AND Homo sapiens[Organism]' target='_blank'>EIF4A1</a>	-1.77745546361435	7.44360359959363	-25.7106071347775	1.49472898468506e-09	1.12816687224676e-05	12.1091014490717	<a href='https://www.ncbi.nlm.nih.gov/gene?term=EIF4A1[Gene Name] AND Homo sapiens[Organism]' target='_blank'>EIF4A1</a>
202779_s_at	<a href='https://www.ncbi.nlm.nih.gov/gene?term=UBE2S[Gene Name] AND Homo sapiens[Organism]' target='_blank'>UBE2S</a>	-0.707541763991673	10.0861646576798	-22.0924547682041	5.5373432302373e-09	1.95879349211128e-05	11.0875920779966	<a href='https://www.ncbi.nlm.nih.gov/gene?term=UBE2S[Gene Name] AND Homo sapiens[Organism]' target='_blank'>UBE2S</a>
203554_x_at	<a href='https://www.ncbi.nlm.nih.gov/gene?term=PTTG1[Gene Name] AND Homo sapiens[Organism]' target='_blank'>PTTG1</a>	-0.649949526301667	10.6936136562037	-22.0899711240496	5.54270937213152e-09	1.95879349211128e-05	11.086803677262	<a href='https://www.ncbi.nlm.nih.gov/gene?term=PTTG1[Gene Name] AND Homo sapiens[Organism]' target='_blank'>PTTG1</a>
1555758_a_at	<a href='https://www.ncbi.nlm.nih.gov/gene?term=CDKN3[Gene Name] AND Homo sapiens[Organism]' target='_blank'>CDKN3</a>	-0.612516438212188	10.313348741073	-21.4747983831979	7.06889564013847e-09	1.99851817537995e-05	10.887378196248	<a href='https://www.ncbi.nlm.nih.gov/gene?term=CDKN3[Gene Name] AND Homo sapiens[Organism]' target='_blank'>CDKN3</a>
214710_s_at	<a href='https://www.ncbi.nlm.nih.gov/gene?term=CCNB1[Gene Name] AND Homo sapiens[Organism]' target='_blank'>CCNB1</a>	-0.739275994782247	10.174538926275	-20.8237103938485	9.21257950225722e-09	2.1704837307318e-05	10.6669679378309	<a href='https://www.ncbi.nlm.nih.gov/gene?term=CCNB1[Gene Name] AND Homo sapiens[Organism]' target='_blank'>CCNB1</a>
201291_s_at	<a href='https://www.ncbi.nlm.nih.gov/gene?term=TOP2A[Gene Name] AND Homo sapiens[Organism]' target='_blank'>TOP2A</a>	-0.574052345438712	10.6379004471019	-20.0349484571997	1.28372238183045e-08	2.59238565565074e-05	10.3862667399611	<a href='https://www.ncbi.nlm.nih.gov/gene?term=TOP2A[Gene Name] AND Homo sapiens[Organism]' target='_blank'>TOP2A</a>
203764_at	<a href='https://www.ncbi.nlm.nih.gov/gene?term=DLGAP5[Gene Name] AND Homo sapiens[Organism]' target='_blank'>DLGAP5</a>	-0.690166879530816	9.60295529849223	-19.1782659166176	1.86758701392814e-08	2.64002100288883e-05	10.0631723125678	<a href='https://www.ncbi.nlm.nih.gov/gene?term=DLGAP5[Gene Name] AND Homo sapiens[Organism]' target='_blank'>DLGAP5</a>
204709_s_at	<a href='https://www.ncbi.nlm.nih.gov/gene?term=KIF23[Gene Name] AND Homo sapiens[Organism]' target='_blank'>KIF23</a>	-0.768345606235593	8.64900893597665	-19.3748422699579	1.71125247682737e-08	2.64002100288883e-05	10.1390643060407	<a href='https://www.ncbi.nlm.nih.gov/gene?term=KIF23[Gene Name] AND Homo sapiens[Organism]' target='_blank'>KIF23</a>
238756_at	<a href='https://www.ncbi.nlm.nih.gov/gene?term=GAS2L3[Gene Name] AND Homo sapiens[Organism]' target='_blank'>GAS2L3</a>	-0.807776462642192	8.51968769900471	-18.8739552393315	2.14188850129235e-08	2.75252144129715e-05	9.94355044012791	<a href='https://www.ncbi.nlm.nih.gov/gene?term=GAS2L3[Gene Name] AND Homo sapiens[Organism]' target='_blank'>GAS2L3</a>
242550_at	<a href='https://www.ncbi.nlm.nih.gov/gene?term=EIF3B[Gene Name] AND Homo sapiens[Organism]' target='_blank'>EIF3B</a>	-1.26253177913053	7.64962493114786	-18.5532288347025	2.48041995360577e-08	2.9219347053476e-05	9.81459028825029	<a href='https://www.ncbi.nlm.nih.gov/gene?term=EIF3B[Gene Name] AND Homo sapiens[Organism]' target='_blank'>EIF3B</a>
202870_s_at	<a href='https://www.ncbi.nlm.nih.gov/gene?term=CDC20[Gene Name] AND Homo sapiens[Organism]' target='_blank'>CDC20</a>	-0.757599392960545	9.80787888677764	-18.3631003192946	2.70895914259847e-08	2.94568049536708e-05	9.73670674149651	<a href='https://www.ncbi.nlm.nih.gov/gene?term=CDC20[Gene Name] AND Homo sapiens[Organism]' target='_blank'>CDC20</a>
204962_s_at	<a href='https://www.ncbi.nlm.nih.gov/gene?term=CENPA[Gene Name] AND Homo sapiens[Organism]' target='_blank'>CENPA</a>	-0.64559574487174	9.61770343161647	-17.733648858538	3.64987887777286e-08	3.41880545879551e-05	9.47094761550504	<a href='https://www.ncbi.nlm.nih.gov/gene?term=CENPA[Gene Name] AND Homo sapiens[Organism]' target='_blank'>CENPA</a>
207165_at	<a href='https://www.ncbi.nlm.nih.gov/gene?term=HMMR[Gene Name] AND Homo sapiens[Organism]' target='_blank'>HMMR</a>	-0.790558758639797	9.50904630363723	-17.786153695244	3.55887267857793e-08	3.41880545879551e-05	9.49359207658465	<a href='https://www.ncbi.nlm.nih.gov/gene?term=HMMR[Gene Name] AND Homo sapiens[Organism]' target='_blank'>HMMR</a>
207828_s_at	<a href='https://www.ncbi.nlm.nih.gov/gene?term=CENPF[Gene Name] AND Homo sapiens[Organism]' target='_blank'>CENPF</a>	-0.55464104787235	9.81773199264563	-17.6126503964972	3.8696156862428e-08	3.41880545879551e-05	9.41842442978037	<a href='https://www.ncbi.nlm.nih.gov/gene?term=CENPF[Gene Name] AND Homo sapiens[Organism]' target='_blank'>CENPF</a>
204641_at	<a href='https://www.ncbi.nlm.nih.gov/gene?term=NEK2[Gene Name] AND Homo sapiens[Organism]' target='_blank'>NEK2</a>	-0.678664398725422	9.4908487885263	-16.8503824244574	5.64323895781879e-08	4.21611601124655e-05	9.07632930582326	<a href='https://www.ncbi.nlm.nih.gov/gene?term=NEK2[Gene Name] AND Homo sapiens[Organism]' target='_blank'>NEK2</a>
219918_s_at	<a href='https://www.ncbi.nlm.nih.gov/gene?term=ASPM[Gene Name] AND Homo sapiens[Organism]' target='_blank'>ASPM</a>	-0.598658328577049	10.8331232444282	-16.8421342791089	5.6668225957615e-08	4.21611601124655e-05	9.07251859203392	<a href='https://www.ncbi.nlm.nih.gov/gene?term=ASPM[Gene Name] AND Homo sapiens[Organism]' target='_blank'>ASPM</a>
202705_at	<a href='https://www.ncbi.nlm.nih.gov/gene?term=CCNB2[Gene Name] AND Homo sapiens[Organism]' target='_blank'>CCNB2</a>	-0.583905604061489	10.5580930207526	-16.6971773626935	6.09968985743375e-08	4.31126079123418e-05	9.00515401068633	<a href='https://www.ncbi.nlm.nih.gov/gene?term=CCNB2[Gene Name] AND Homo sapiens[Organism]' target='_blank'>CCNB2</a>
1552619_a_at	<a href='https://www.ncbi.nlm.nih.gov/gene?term=ANLN[Gene Name] AND Homo sapiens[Organism]' target='_blank'>ANLN</a>	-0.559996385639343	9.51143687204539	-16.4543450905779	6.90960199375949e-08	4.65114922779924e-05	8.89061400333568	<a href='https://www.ncbi.nlm.nih.gov/gene?term=ANLN[Gene Name] AND Homo sapiens[Organism]' target='_blank'>ANLN</a>
219392_x_at	<a href='https://www.ncbi.nlm.nih.gov/gene?term=PRR11[Gene Name] AND Homo sapiens[Organism]' target='_blank'>PRR11</a>	-0.538282399271003	10.8889453907972	-16.1185813537264	8.23330776738059e-08	5.28438370165824e-05	8.72866202768991	<a href='https://www.ncbi.nlm.nih.gov/gene?term=PRR11[Gene Name] AND Homo sapiens[Organism]' target='_blank'>PRR11</a>
223381_at	<a href='https://www.ncbi.nlm.nih.gov/gene?term=NUF2[Gene Name] AND Homo sapiens[Organism]' target='_blank'>NUF2</a>	-0.550557790406231	9.74566193171202	-15.9541151155535	8.98270069676866e-08	5.29081071039674e-05	8.64777805529068	<a href='https://www.ncbi.nlm.nih.gov/gene?term=NUF2[Gene Name] AND Homo sapiens[Organism]' target='_blank'>NUF2</a>
222039_at	<a href='https://www.ncbi.nlm.nih.gov/gene?term=KIF18B[Gene Name] AND Homo sapiens[Organism]' target='_blank'>KIF18B</a>	-0.659330354565364	8.57496398689522	-15.5563260796583	1.112878565559e-07	5.95788872418631e-05	8.4477796046312	<a href='https://www.ncbi.nlm.nih.gov/gene?term=KIF18B[Gene Name] AND Homo sapiens[Organism]' target='_blank'>KIF18B</a>
204170_s_at	<a href='https://www.ncbi.nlm.nih.gov/gene?term=CKS2[Gene Name] AND Homo sapiens[Organism]' target='_blank'>CKS2</a>	-0.507059631688055	11.2828889962314	-14.9362166120826	1.6309142775752e-07	7.43696910574292e-05	8.08862170543144	<a href='https://www.ncbi.nlm.nih.gov/gene?term=CKS2[Gene Name] AND Homo sapiens[Organism]' target='_blank'>CKS2</a>
218662_s_at	<a href='https://www.ncbi.nlm.nih.gov/gene?term=NCAPG[Gene Name] AND Homo sapiens[Organism]' target='_blank'>NCAPG</a>	-0.561867148002353	9.31929045259085	-14.888563998737	1.61346913259197e-07	7.43696910574292e-05	8.09751211152093	<a href='https://www.ncbi.nlm.nih.gov/gene?term=NCAPG[Gene Name] AND Homo sapiens[Organism]' target='_blank'>NCAPG</a>
203418_at	<a href='https://www.ncbi.nlm.nih.gov/gene?term=CCNA2[Gene Name] AND Homo sapiens[Organism]' target='_blank'>CCNA2</a>	-0.642636014695309	8.86928442693538	-14.6505052862452	1.84886137558633e-07	7.51488501728049e-05	7.96801883781977	<a href='https://www.ncbi.nlm.nih.gov/gene?term=CCNA2[Gene Name] AND Homo sapiens[Organism]' target='_blank'>CCNA2</a>
209642_at	<a href='https://www.ncbi.nlm.nih.gov/gene?term=BUB1[Gene Name] AND Homo sapiens[Organism]' target='_blank'>BUB1</a>	-0.636224584891755	8.87113040297679	-14.7363586113566	1.75983699848655e-07	7.51488501728049e-05	8.01500798903026	<a href='https://www.ncbi.nlm.nih.gov/gene?term=BUB1[Gene Name] AND Homo sapiens[Organism]' target='_blank'>BUB1</a>
218755_at	<a href='https://www.ncbi.nlm.nih.gov/gene?term=KIF20A[Gene Name] AND Homo sapiens[Organism]' target='_blank'>KIF20A</a>	-0.594603458117389	8.93224145271554	-14.5907180847951	1.91380772935836e-07	7.51488501728049e-05	7.93510154858397	<a href='https://www.ncbi.nlm.nih.gov/gene?term=KIF20A[Gene Name] AND Homo sapiens[Organism]' target='_blank'>KIF20A</a>
220295_x_at	<a href='https://www.ncbi.nlm.nih.gov/gene?term=DEPDC1[Gene Name] AND Homo sapiens[Organism]' target='_blank'>DEPDC1</a>	-0.788219734801253	8.20267761937322	-14.6102996762965	1.89226165225443e-07	7.51488501728049e-05	7.94590034864418	<a href='https://www.ncbi.nlm.nih.gov/gene?term=DEPDC1[Gene Name] AND Homo sapiens[Organism]' target='_blank'>DEPDC1</a>
1552729_at	<a href='https://www.ncbi.nlm.nih.gov/gene?term=SNHG7[Gene Name] AND Homo sapiens[Organism]' target='_blank'>SNHG7</a>	-1.0791127626961	6.31512525341323	-14.2484239069147	2.33805660257236e-07	8.68703552972441e-05	7.74350893370451	<a href='https://www.ncbi.nlm.nih.gov/gene?term=SNHG7[Gene Name] AND Homo sapiens[Organism]' target='_blank'>SNHG7</a>
226980_at	<a href='https://www.ncbi.nlm.nih.gov/gene?term=DEPDC1B[Gene Name] AND Homo sapiens[Organism]' target='_blank'>DEPDC1B</a>	-0.731851220507902	8.1956119208139	-14.2728789222464	2.30451000369378e-07	8.68703552972441e-05	7.75737675799734	<a href='https://www.ncbi.nlm.nih.gov/gene?term=DEPDC1B[Gene Name] AND Homo sapiens[Organism]' target='_blank'>DEPDC1B</a>
228241_at	<a href='https://www.ncbi.nlm.nih.gov/gene?term=AGR3[Gene Name] AND Homo sapiens[Organism]' target='_blank'>AGR3</a>	0.522083673793562	9.55584909208963	14.1059197851863	2.54465169383422e-07	8.69457637374916e-05	7.66213829076933	<a href='https://www.ncbi.nlm.nih.gov/gene?term=AGR3[Gene Name] AND Homo sapiens[Organism]' target='_blank'>AGR3</a>
225300_at	<a href='https://www.ncbi.nlm.nih.gov/gene?term=KNSTRN[Gene Name] AND Homo sapiens[Organism]' target='_blank'>KNSTRN</a>	-0.595453200184846	8.33236468465026	-13.8238378827199	3.01607807377878e-07	9.2685390545515e-05	7.49819829347259	<a href='https://www.ncbi.nlm.nih.gov/gene?term=KNSTRN[Gene Name] AND Homo sapiens[Organism]' target='_blank'>KNSTRN</a>
202887_s_at	<a href='https://www.ncbi.nlm.nih.gov/gene?term=DDIT4[Gene Name] AND Homo sapiens[Organism]' target='_blank'>DDIT4</a>	0.705716588942956	8.59207861258873	13.6806562032913	3.2918678478613e-07	9.64338530075553e-05	7.4134922805979	<a href='https://www.ncbi.nlm.nih.gov/gene?term=DDIT4[Gene Name] AND Homo sapiens[Organism]' target='_blank'>DDIT4</a>
209408_at	<a href='https://www.ncbi.nlm.nih.gov/gene?term=KIF2C[Gene Name] AND Homo sapiens[Organism]' target='_blank'>KIF2C</a>	-0.544935766616513	9.61218622484164	-13.6170035447868	3.42336404485512e-07	9.66932097435056e-05	7.37550662351016	<a href='https://www.ncbi.nlm.nih.gov/gene?term=KIF2C[Gene Name] AND Homo sapiens[Organism]' target='_blank'>KIF2C</a>
225328_at	<a href='https://www.ncbi.nlm.nih.gov/gene?term=FBXO32[Gene Name] AND Homo sapiens[Organism]' target='_blank'>FBXO32</a>	0.892313680482736	7.20973843015062	13.5387002388595	3.59318445439311e-07	9.66932097435056e-05	7.32849714675558	<a href='https://www.ncbi.nlm.nih.gov/gene?term=FBXO32[Gene Name] AND Homo sapiens[Organism]' target='_blank'>FBXO32</a>
229228_at	<a href='https://www.ncbi.nlm.nih.gov/gene?term=CREB5[Gene Name] AND Homo sapiens[Organism]' target='_blank'>CREB5</a>	-0.914974936375895	7.01015073304859	-13.3796039439708	3.9677719677958e-07	0.000100157900958503	7.23201768661575	<a href='https://www.ncbi.nlm.nih.gov/gene?term=CREB5[Gene Name] AND Homo sapiens[Organism]' target='_blank'>CREB5</a>
206364_at	<a href='https://www.ncbi.nlm.nih.gov/gene?term=KIF14[Gene Name] AND Homo sapiens[Organism]' target='_blank'>KIF14</a>	-0.69477518770414	8.218676790817	-13.2544271344639	4.29301956712465e-07	0.000106466885264691	7.15518439616601	<a href='https://www.ncbi.nlm.nih.gov/gene?term=KIF14[Gene Name] AND Homo sapiens[Organism]' target='_blank'>KIF14</a>
204822_at	<a href='https://www.ncbi.nlm.nih.gov/gene?term=TTK[Gene Name] AND Homo sapiens[Organism]' target='_blank'>TTK</a>	-0.542595884825536	9.30856151818462	-13.1039338539507	4.72380865348506e-07	0.000115130619182181	7.06171627107295	<a href='https://www.ncbi.nlm.nih.gov/gene?term=TTK[Gene Name] AND Homo sapiens[Organism]' target='_blank'>TTK</a>
205240_at	<a href='https://www.ncbi.nlm.nih.gov/gene?term=GPSM2[Gene Name] AND Homo sapiens[Organism]' target='_blank'>GPSM2</a>	-0.570475243533028	8.78901321675543	-13.0372321359023	4.92990298940861e-07	0.000118054830866594	7.01990129886694	<a href='https://www.ncbi.nlm.nih.gov/gene?term=GPSM2[Gene Name] AND Homo sapiens[Organism]' target='_blank'>GPSM2</a>
212845_at	<a href='https://www.ncbi.nlm.nih.gov/gene?term=SAMD4A[Gene Name] AND Homo sapiens[Organism]' target='_blank'>SAMD4A</a>	-0.780451175140499	7.3842026684309	-12.7338905790677	6.00186258139652e-07	0.000126630342463614	6.82666679634401	<a href='https://www.ncbi.nlm.nih.gov/gene?term=SAMD4A[Gene Name] AND Homo sapiens[Organism]' target='_blank'>SAMD4A</a>
219544_at	<a href='https://www.ncbi.nlm.nih.gov/gene?term=BORA[Gene Name] AND Homo sapiens[Organism]' target='_blank'>BORA</a>	-0.677294205819865	8.03557246155072	-12.777834884009	5.83167893207748e-07	0.000126630342463614	6.85497628859997	<a href='https://www.ncbi.nlm.nih.gov/gene?term=BORA[Gene Name] AND Homo sapiens[Organism]' target='_blank'>BORA</a>
242111_at	<a href='https://www.ncbi.nlm.nih.gov/gene?term=METTL3[Gene Name] AND Homo sapiens[Organism]' target='_blank'>METTL3</a>	-1.44524181129425	7.00824296490789	-14.1386890023654	6.15120918805262e-07	0.000127872783944576	6.86135848633261	<a href='https://www.ncbi.nlm.nih.gov/gene?term=METTL3[Gene Name] AND Homo sapiens[Organism]' target='_blank'>METTL3</a>
1559993_at	<a href='https://www.ncbi.nlm.nih.gov/gene?term=SFXN3[Gene Name] AND Homo sapiens[Organism]' target='_blank'>SFXN3</a>	-0.963505299701436	6.45710349937899	-12.5479298363355	6.78558462345624e-07	0.000134987112636929	6.70565849231436	<a href='https://www.ncbi.nlm.nih.gov/gene?term=SFXN3[Gene Name] AND Homo sapiens[Organism]' target='_blank'>SFXN3</a>
218542_at	<a href='https://www.ncbi.nlm.nih.gov/gene?term=CEP55[Gene Name] AND Homo sapiens[Organism]' target='_blank'>CEP55</a>	-0.531222178157018	10.0504840986359	-12.5776089279941	6.87540471834952e-07	0.000134987112636929	6.69544794284306	<a href='https://www.ncbi.nlm.nih.gov/gene?term=CEP55[Gene Name] AND Homo sapiens[Organism]' target='_blank'>CEP55</a>
221258_s_at	<a href='https://www.ncbi.nlm.nih.gov/gene?term=KIF18A[Gene Name] AND Homo sapiens[Organism]' target='_blank'>KIF18A</a>	-0.761134971017555	7.71407673280076	-12.4858421128819	7.07200502575536e-07	0.0001369450178686	6.66481556490124	<a href='https://www.ncbi.nlm.nih.gov/gene?term=KIF18A[Gene Name] AND Homo sapiens[Organism]' target='_blank'>KIF18A</a>
218976_at	<a href='https://www.ncbi.nlm.nih.gov/gene?term=DNAJC12[Gene Name] AND Homo sapiens[Organism]' target='_blank'>DNAJC12</a>	0.567932541568715	8.10759293474969	12.3222605711824	7.8929284479776e-07	0.000143826895595577	6.55613124551228	<a href='https://www.ncbi.nlm.nih.gov/gene?term=DNAJC12[Gene Name] AND Homo sapiens[Organism]' target='_blank'>DNAJC12</a>
235174_s_at	<a href='https://www.ncbi.nlm.nih.gov/gene?term=LINC01003[Gene Name] AND Homo sapiens[Organism]' target='_blank'>LINC01003</a>	0.550755952596717	8.71360531899964	12.1151262032728	9.08778545949987e-07	0.000157993528901109	6.41623025821752	<a href='https://www.ncbi.nlm.nih.gov/gene?term=LINC01003[Gene Name] AND Homo sapiens[Organism]' target='_blank'>LINC01003</a>
215978_x_at	<a href='https://www.ncbi.nlm.nih.gov/gene?term=ZNF721[Gene Name] AND Homo sapiens[Organism]' target='_blank'>ZNF721</a>	-0.521084733906504	9.45497821092876	-11.9649230139201	1.00795853225025e-06	0.000165839491297483	6.31315173891761	<a href='https://www.ncbi.nlm.nih.gov/gene?term=ZNF721[Gene Name] AND Homo sapiens[Organism]' target='_blank'>ZNF721</a>
226840_at	<a href='https://www.ncbi.nlm.nih.gov/gene?term=MACROH2A1[Gene Name] AND Homo sapiens[Organism]' target='_blank'>MACROH2A1</a>	-1.29038312980103	6.62623374305753	-12.3390791684982	1.00892729566946e-06	0.000165839491297483	6.33600845711633	<a href='https://www.ncbi.nlm.nih.gov/gene?term=MACROH2A1[Gene Name] AND Homo sapiens[Organism]' target='_blank'>MACROH2A1</a>
227803_at	<a href='https://www.ncbi.nlm.nih.gov/gene?term=ENPP5[Gene Name] AND Homo sapiens[Organism]' target='_blank'>ENPP5</a>	0.61769678340838	7.69374700153547	12.004002105391	9.81048033414594e-07	0.000165839491297483	6.34010382965499	<a href='https://www.ncbi.nlm.nih.gov/gene?term=ENPP5[Gene Name] AND Homo sapiens[Organism]' target='_blank'>ENPP5</a>
218355_at	<a href='https://www.ncbi.nlm.nih.gov/gene?term=KIF4A[Gene Name] AND Homo sapiens[Organism]' target='_blank'>KIF4A</a>	-0.519651238451155	8.67293749172452	-11.7777421520611	1.14872236201316e-06	0.000184526583061568	6.18273410336502	<a href='https://www.ncbi.nlm.nih.gov/gene?term=KIF4A[Gene Name] AND Homo sapiens[Organism]' target='_blank'>KIF4A</a>
203221_at	<a href='https://www.ncbi.nlm.nih.gov/gene?term=TLE1[Gene Name] AND Homo sapiens[Organism]' target='_blank'>TLE1</a>	-0.513759346385438	9.49242592472122	-11.6632192161788	1.245514515156e-06	0.000193479046002694	6.10184545900692	<a href='https://www.ncbi.nlm.nih.gov/gene?term=TLE1[Gene Name] AND Homo sapiens[Organism]' target='_blank'>TLE1</a>
201694_s_at	<a href='https://www.ncbi.nlm.nih.gov/gene?term=EGR1[Gene Name] AND Homo sapiens[Organism]' target='_blank'>EGR1</a>	-0.904464495212164	7.12929050358957	-11.4315719930064	1.47015498816756e-06	0.000209920312249865	5.93562902121977	<a href='https://www.ncbi.nlm.nih.gov/gene?term=EGR1[Gene Name] AND Homo sapiens[Organism]' target='_blank'>EGR1</a>
227020_at	<a href='https://www.ncbi.nlm.nih.gov/gene?term=YPEL2[Gene Name] AND Homo sapiens[Organism]' target='_blank'>YPEL2</a>	0.539410571539106	9.29884710561861	11.41750206606	1.48921387553774e-06	0.000210515273446015	5.92299014325636	<a href='https://www.ncbi.nlm.nih.gov/gene?term=YPEL2[Gene Name] AND Homo sapiens[Organism]' target='_blank'>YPEL2</a>
218414_s_at	<a href='https://www.ncbi.nlm.nih.gov/gene?term=NDE1[Gene Name] AND Homo sapiens[Organism]' target='_blank'>NDE1</a>	-0.517247421009094	8.05740058734101	-11.3743549226306	1.53232219361858e-06	0.000214464421079132	5.89402753913805	<a href='https://www.ncbi.nlm.nih.gov/gene?term=NDE1[Gene Name] AND Homo sapiens[Organism]' target='_blank'>NDE1</a>
206023_at	<a href='https://www.ncbi.nlm.nih.gov/gene?term=NMU[Gene Name] AND Homo sapiens[Organism]' target='_blank'>NMU</a>	-0.689642955080547	7.24096832762895	-11.3085704000501	1.6074209887516e-06	0.000219183220197099	5.84592535034898	<a href='https://www.ncbi.nlm.nih.gov/gene?term=NMU[Gene Name] AND Homo sapiens[Organism]' target='_blank'>NMU</a>
204602_at	<a href='https://www.ncbi.nlm.nih.gov/gene?term=DKK1[Gene Name] AND Homo sapiens[Organism]' target='_blank'>DKK1</a>	-0.525577551577094	9.04547790075512	-11.1960691408176	1.74547900535906e-06	0.000232762796470813	5.76298347820729	<a href='https://www.ncbi.nlm.nih.gov/gene?term=DKK1[Gene Name] AND Homo sapiens[Organism]' target='_blank'>DKK1</a>
218726_at	<a href='https://www.ncbi.nlm.nih.gov/gene?term=HJURP[Gene Name] AND Homo sapiens[Organism]' target='_blank'>HJURP</a>	-0.541398929690402	8.39823086420706	-11.1707538193713	1.77832357235765e-06	0.000232762796470813	5.74420031972827	<a href='https://www.ncbi.nlm.nih.gov/gene?term=HJURP[Gene Name] AND Homo sapiens[Organism]' target='_blank'>HJURP</a>
229538_s_at	<a href='https://www.ncbi.nlm.nih.gov/gene?term=IQGAP3[Gene Name] AND Homo sapiens[Organism]' target='_blank'>IQGAP3</a>	-0.6406980259345	7.28813204191453	-11.1707739683836	1.77829716009616e-06	0.000232762796470813	5.74421528719614	<a href='https://www.ncbi.nlm.nih.gov/gene?term=IQGAP3[Gene Name] AND Homo sapiens[Organism]' target='_blank'>IQGAP3</a>
231825_x_at	<a href='https://www.ncbi.nlm.nih.gov/gene?term=ATF7IP[Gene Name] AND Homo sapiens[Organism]' target='_blank'>ATF7IP</a>	-0.518355266790186	8.92796950249961	-11.0045467821575	2.01173497496252e-06	0.000258300789650709	5.61977595546187	<a href='https://www.ncbi.nlm.nih.gov/gene?term=ATF7IP[Gene Name] AND Homo sapiens[Organism]' target='_blank'>ATF7IP</a>
1562836_at	<a href='https://www.ncbi.nlm.nih.gov/gene?term=DDX6[Gene Name] AND Homo sapiens[Organism]' target='_blank'>DDX6</a>	-0.568827725485036	8.19994012473481	-10.9723048079987	2.06083384096374e-06	0.000259201668809977	5.59541510185045	<a href='https://www.ncbi.nlm.nih.gov/gene?term=DDX6[Gene Name] AND Homo sapiens[Organism]' target='_blank'>DDX6</a>
228323_at	<a href='https://www.ncbi.nlm.nih.gov/gene?term=KNL1[Gene Name] AND Homo sapiens[Organism]' target='_blank'>KNL1</a>	-0.592650230438895	8.12004072238115	-10.9650910706692	2.07199975774812e-06	0.000259201668809977	5.58995460176996	<a href='https://www.ncbi.nlm.nih.gov/gene?term=KNL1[Gene Name] AND Homo sapiens[Organism]' target='_blank'>KNL1</a>
236022_at	<a href='https://www.ncbi.nlm.nih.gov/gene?term=MYO19[Gene Name] AND Homo sapiens[Organism]' target='_blank'>MYO19</a>	-0.844062332164088	7.320493384742	-10.9131389637534	2.21582739737199e-06	0.00027237335729783	5.52546938768588	<a href='https://www.ncbi.nlm.nih.gov/gene?term=MYO19[Gene Name] AND Homo sapiens[Organism]' target='_blank'>MYO19</a>
208116_s_at	<a href='https://www.ncbi.nlm.nih.gov/gene?term=MAN1A1[Gene Name] AND Homo sapiens[Organism]' target='_blank'>MAN1A1</a>	0.576122063478116	7.81988232699287	10.8299049741167	2.29413898021698e-06	0.000272662876814785	5.48693819488073	<a href='https://www.ncbi.nlm.nih.gov/gene?term=MAN1A1[Gene Name] AND Homo sapiens[Organism]' target='_blank'>MAN1A1</a>
205235_s_at	<a href='https://www.ncbi.nlm.nih.gov/gene?term=KIF20B[Gene Name] AND Homo sapiens[Organism]' target='_blank'>KIF20B</a>	-0.508750003318798	7.94536612843175	-10.5253677417908	2.89768916094887e-06	0.000324090723043817	5.24999896899958	<a href='https://www.ncbi.nlm.nih.gov/gene?term=KIF20B[Gene Name] AND Homo sapiens[Organism]' target='_blank'>KIF20B</a>
204284_at	<a href='https://www.ncbi.nlm.nih.gov/gene?term=PPP1R3C[Gene Name] AND Homo sapiens[Organism]' target='_blank'>PPP1R3C</a>	0.663797225300702	7.48349380183699	10.4713571455264	3.02208701220187e-06	0.000333751734410044	5.20725650818565	<a href='https://www.ncbi.nlm.nih.gov/gene?term=PPP1R3C[Gene Name] AND Homo sapiens[Organism]' target='_blank'>PPP1R3C</a>
221591_s_at	<a href='https://www.ncbi.nlm.nih.gov/gene?term=PIMREG[Gene Name] AND Homo sapiens[Organism]' target='_blank'>PIMREG</a>	-0.579652532683872	8.13000493084884	-10.372725804748	3.26478883095173e-06	0.000355008114725643	5.12863035421082	<a href='https://www.ncbi.nlm.nih.gov/gene?term=PIMREG[Gene Name] AND Homo sapiens[Organism]' target='_blank'>PIMREG</a>
227084_at	<a href='https://www.ncbi.nlm.nih.gov/gene?term=DTNA[Gene Name] AND Homo sapiens[Organism]' target='_blank'>DTNA</a>	-0.528109568583769	8.43685224180466	-10.3307699277271	3.37450056247024e-06	0.000361378332962722	5.09495813097887	<a href='https://www.ncbi.nlm.nih.gov/gene?term=DTNA[Gene Name] AND Homo sapiens[Organism]' target='_blank'>DTNA</a>
226661_at	<a href='https://www.ncbi.nlm.nih.gov/gene?term=CDCA2[Gene Name] AND Homo sapiens[Organism]' target='_blank'>CDCA2</a>	-0.505983319549096	8.20634402010689	-10.1668435230978	3.84397065014684e-06	0.000390923518780401	4.96208437303943	<a href='https://www.ncbi.nlm.nih.gov/gene?term=CDCA2[Gene Name] AND Homo sapiens[Organism]' target='_blank'>CDCA2</a>
205046_at	<a href='https://www.ncbi.nlm.nih.gov/gene?term=CENPE[Gene Name] AND Homo sapiens[Organism]' target='_blank'>CENPE</a>	-0.589494192704985	8.59114547545746	-10.1820077541302	3.90168350309063e-06	0.000393958557140637	4.95054959160574	<a href='https://www.ncbi.nlm.nih.gov/gene?term=CENPE[Gene Name] AND Homo sapiens[Organism]' target='_blank'>CENPE</a>
204214_s_at	<a href='https://www.ncbi.nlm.nih.gov/gene?term=RAB32[Gene Name] AND Homo sapiens[Organism]' target='_blank'>RAB32</a>	-0.580148992392044	8.24233387284425	-10.0579962695933	4.19544121301747e-06	0.000417653218219824	4.87268432490875	<a href='https://www.ncbi.nlm.nih.gov/gene?term=RAB32[Gene Name] AND Homo sapiens[Organism]' target='_blank'>RAB32</a>
222116_s_at	<a href='https://www.ncbi.nlm.nih.gov/gene?term=TBC1D16[Gene Name] AND Homo sapiens[Organism]' target='_blank'>TBC1D16</a>	0.516758653891427	7.73545050129861	10.0002388613613	4.39626132584542e-06	0.000428590000704489	4.82486046708751	<a href='https://www.ncbi.nlm.nih.gov/gene?term=TBC1D16[Gene Name] AND Homo sapiens[Organism]' target='_blank'>TBC1D16</a>
1555370_a_at	<a href='https://www.ncbi.nlm.nih.gov/gene?term=CAMTA1[Gene Name] AND Homo sapiens[Organism]' target='_blank'>CAMTA1</a>	-0.54205308897925	7.67920349577625	-9.96852993103134	4.51101352989649e-06	0.000436764981223403	4.79849030831293	<a href='https://www.ncbi.nlm.nih.gov/gene?term=CAMTA1[Gene Name] AND Homo sapiens[Organism]' target='_blank'>CAMTA1</a>
223254_s_at	<a href='https://www.ncbi.nlm.nih.gov/gene?term=G2E3[Gene Name] AND Homo sapiens[Organism]' target='_blank'>G2E3</a>	-0.50787728587547	8.40519920185015	-9.95947174530575	4.54439949451206e-06	0.000437004294247772	4.79094222331592	<a href='https://www.ncbi.nlm.nih.gov/gene?term=G2E3[Gene Name] AND Homo sapiens[Organism]' target='_blank'>G2E3</a>
230165_at	<a href='https://www.ncbi.nlm.nih.gov/gene?term=SGO2[Gene Name] AND Homo sapiens[Organism]' target='_blank'>SGO2</a>	-0.545979314572033	8.67851241429177	-9.94889933978374	4.58371228602028e-06	0.000437806465372856	4.78212390026822	<a href='https://www.ncbi.nlm.nih.gov/gene?term=SGO2[Gene Name] AND Homo sapiens[Organism]' target='_blank'>SGO2</a>
242201_at	<a href='https://www.ncbi.nlm.nih.gov/gene?term=PMS2P5[Gene Name] AND Homo sapiens[Organism]' target='_blank'>PMS2P5</a>	-0.726764570115569	7.08063407427199	-9.8435629719055	4.99660384727398e-06	0.000461647006438333	4.69376366218975	<a href='https://www.ncbi.nlm.nih.gov/gene?term=PMS2P5[Gene Name] AND Homo sapiens[Organism]' target='_blank'>PMS2P5</a>
242922_at	<a href='https://www.ncbi.nlm.nih.gov/gene?term=NOMO3[Gene Name] AND Homo sapiens[Organism]' target='_blank'>NOMO3</a>	-1.00593009871738	6.33139284105817	-9.64401252068235	5.89628586615521e-06	0.000527530993696013	4.52384205023519	<a href='https://www.ncbi.nlm.nih.gov/gene?term=NOMO3[Gene Name] AND Homo sapiens[Organism]' target='_blank'>NOMO3</a>
214598_at	<a href='https://www.ncbi.nlm.nih.gov/gene?term=CLDN8[Gene Name] AND Homo sapiens[Organism]' target='_blank'>CLDN8</a>	0.601285332978921	6.98625738198671	9.52016846674059	6.54392266238808e-06	0.000571017844169863	4.41668577891051	<a href='https://www.ncbi.nlm.nih.gov/gene?term=CLDN8[Gene Name] AND Homo sapiens[Organism]' target='_blank'>CLDN8</a>
215588_x_at	<a href='https://www.ncbi.nlm.nih.gov/gene?term=RIOK3[Gene Name] AND Homo sapiens[Organism]' target='_blank'>RIOK3</a>	-0.549058123908993	7.9044378975501	-9.46500568671003	6.85736839521368e-06	0.000587489452331762	4.36852926455161	<a href='https://www.ncbi.nlm.nih.gov/gene?term=RIOK3[Gene Name] AND Homo sapiens[Organism]' target='_blank'>RIOK3</a>
242301_at	<a href='https://www.ncbi.nlm.nih.gov/gene?term=CBLN2[Gene Name] AND Homo sapiens[Organism]' target='_blank'>CBLN2</a>	0.576340535886928	7.16651505246227	9.46930820395173	6.83233367841668e-06	0.000587489452331762	4.37229485381117	<a href='https://www.ncbi.nlm.nih.gov/gene?term=CBLN2[Gene Name] AND Homo sapiens[Organism]' target='_blank'>CBLN2</a>
207365_x_at	<a href='https://www.ncbi.nlm.nih.gov/gene?term=USP34[Gene Name] AND Homo sapiens[Organism]' target='_blank'>USP34</a>	-0.556612237342901	8.0041264474624	-9.39764182792113	7.26283773805779e-06	0.000618478760633644	4.30936034533683	<a href='https://www.ncbi.nlm.nih.gov/gene?term=USP34[Gene Name] AND Homo sapiens[Organism]' target='_blank'>USP34</a>
204315_s_at	<a href='https://www.ncbi.nlm.nih.gov/gene?term=GTSE1[Gene Name] AND Homo sapiens[Organism]' target='_blank'>GTSE1</a>	-0.702753065525085	6.44743524456652	-9.29081639858193	7.96120462411438e-06	0.000661997579802829	4.21470760334065	<a href='https://www.ncbi.nlm.nih.gov/gene?term=GTSE1[Gene Name] AND Homo sapiens[Organism]' target='_blank'>GTSE1</a>
204649_at	<a href='https://www.ncbi.nlm.nih.gov/gene?term=TROAP[Gene Name] AND Homo sapiens[Organism]' target='_blank'>TROAP</a>	-0.663719693211215	6.64331309070493	-9.21437007772619	8.50643778182855e-06	0.000687125739908162	4.14634526877315	<a href='https://www.ncbi.nlm.nih.gov/gene?term=TROAP[Gene Name] AND Homo sapiens[Organism]' target='_blank'>TROAP</a>
231849_at	<a href='https://www.ncbi.nlm.nih.gov/gene?term=KRT80[Gene Name] AND Homo sapiens[Organism]' target='_blank'>KRT80</a>	-0.652522865240618	6.55537519699736	-9.12244777612277	9.21731968639825e-06	0.000723866839371809	4.06344163477243	<a href='https://www.ncbi.nlm.nih.gov/gene?term=KRT80[Gene Name] AND Homo sapiens[Organism]' target='_blank'>KRT80</a>
213413_at	<a href='https://www.ncbi.nlm.nih.gov/gene?term=STON1[Gene Name] AND Homo sapiens[Organism]' target='_blank'>STON1</a>	0.565841968719315	7.08896486571545	9.0754678861297	9.60576539974665e-06	0.000746082965334168	4.02077201832539	<a href='https://www.ncbi.nlm.nih.gov/gene?term=STON1[Gene Name] AND Homo sapiens[Organism]' target='_blank'>STON1</a>
238642_at	<a href='https://www.ncbi.nlm.nih.gov/gene?term=ANKRD13D[Gene Name] AND Homo sapiens[Organism]' target='_blank'>ANKRD13D</a>	-0.699425209313606	6.56568450271755	-9.02352435588807	1.00564093094229e-05	0.000767611945012982	3.97335654050107	<a href='https://www.ncbi.nlm.nih.gov/gene?term=ANKRD13D[Gene Name] AND Homo sapiens[Organism]' target='_blank'>ANKRD13D</a>
209099_x_at	<a href='https://www.ncbi.nlm.nih.gov/gene?term=JAG1[Gene Name] AND Homo sapiens[Organism]' target='_blank'>JAG1</a>	0.672913429748965	6.50159546502491	8.90882425509432	1.11364456786459e-05	0.000825718832733431	3.86776207975584	<a href='https://www.ncbi.nlm.nih.gov/gene?term=JAG1[Gene Name] AND Homo sapiens[Organism]' target='_blank'>JAG1</a>
202094_at	<a href='https://www.ncbi.nlm.nih.gov/gene?term=BIRC5[Gene Name] AND Homo sapiens[Organism]' target='_blank'>BIRC5</a>	-0.558009317548613	7.43679495102521	-8.78273648951202	1.24736161049645e-05	0.000868606094875758	3.75024525185834	<a href='https://www.ncbi.nlm.nih.gov/gene?term=BIRC5[Gene Name] AND Homo sapiens[Organism]' target='_blank'>BIRC5</a>
218155_x_at	<a href='https://www.ncbi.nlm.nih.gov/gene?term=TSR1[Gene Name] AND Homo sapiens[Organism]' target='_blank'>TSR1</a>	-0.567047998632651	7.54511977656597	-8.77502109722993	1.25610077709978e-05	0.000870403950249139	3.74300480985543	<a href='https://www.ncbi.nlm.nih.gov/gene?term=TSR1[Gene Name] AND Homo sapiens[Organism]' target='_blank'>TSR1</a>
214715_x_at	<a href='https://www.ncbi.nlm.nih.gov/gene?term=ZNF160[Gene Name] AND Homo sapiens[Organism]' target='_blank'>ZNF160</a>	-0.542288045390737	8.35855188285694	-8.79170809766945	1.27009358922531e-05	0.00087155548433442	3.73591948066039	<a href='https://www.ncbi.nlm.nih.gov/gene?term=ZNF160[Gene Name] AND Homo sapiens[Organism]' target='_blank'>ZNF160</a>
213929_at	<a href='https://www.ncbi.nlm.nih.gov/gene?term=EXPH5[Gene Name] AND Homo sapiens[Organism]' target='_blank'>EXPH5</a>	-0.503362728415327	7.54765828588916	-8.6522135777167	1.40469513081844e-05	0.000923570714848813	3.62697882460777	<a href='https://www.ncbi.nlm.nih.gov/gene?term=EXPH5[Gene Name] AND Homo sapiens[Organism]' target='_blank'>EXPH5</a>
212022_s_at	<a href='https://www.ncbi.nlm.nih.gov/gene?term=MKI67[Gene Name] AND Homo sapiens[Organism]' target='_blank'>MKI67</a>	-0.511089358618957	7.42013272336969	-8.62377613889046	1.44180298596726e-05	0.000943579954149687	3.59990126368704	<a href='https://www.ncbi.nlm.nih.gov/gene?term=MKI67[Gene Name] AND Homo sapiens[Organism]' target='_blank'>MKI67</a>
220720_x_at	<a href='https://www.ncbi.nlm.nih.gov/gene?term=MZT2B[Gene Name] AND Homo sapiens[Organism]' target='_blank'>MZT2B</a>	-0.63005611663302	7.44191435230516	-8.57898584024394	1.50551368103466e-05	0.000971778145895247	3.55533290129695	<a href='https://www.ncbi.nlm.nih.gov/gene?term=MZT2B[Gene Name] AND Homo sapiens[Organism]' target='_blank'>MZT2B</a>
216310_at	<a href='https://www.ncbi.nlm.nih.gov/gene?term=TAOK1[Gene Name] AND Homo sapiens[Organism]' target='_blank'>TAOK1</a>	-0.657023535258126	6.94449047443156	-8.30581861607617	1.93915773285475e-05	0.00114694283312279	3.29163512036658	<a href='https://www.ncbi.nlm.nih.gov/gene?term=TAOK1[Gene Name] AND Homo sapiens[Organism]' target='_blank'>TAOK1</a>
208511_at	<a href='https://www.ncbi.nlm.nih.gov/gene?term=PTTG3P[Gene Name] AND Homo sapiens[Organism]' target='_blank'>PTTG3P</a>	-0.561463785039442	7.47912353019584	-8.16612205609132	2.21518756734024e-05	0.0012328303721229	3.15292005530265	<a href='https://www.ncbi.nlm.nih.gov/gene?term=PTTG3P[Gene Name] AND Homo sapiens[Organism]' target='_blank'>PTTG3P</a>
1554588_a_at	<a href='https://www.ncbi.nlm.nih.gov/gene?term=IFT70B[Gene Name] AND Homo sapiens[Organism]' target='_blank'>IFT70B</a>	0.638140261609308	6.51166744841376	8.15236462109886	2.24462991767547e-05	0.00123739112009567	3.13914860743968	<a href='https://www.ncbi.nlm.nih.gov/gene?term=IFT70B[Gene Name] AND Homo sapiens[Organism]' target='_blank'>IFT70B</a>
1556006_s_at	<a href='https://www.ncbi.nlm.nih.gov/gene?term=CSNK1A1[Gene Name] AND Homo sapiens[Organism]' target='_blank'>CSNK1A1</a>	-0.75162374369276	6.50844156679784	-8.15571292149408	2.2374247433708e-05	0.00123739112009567	3.14250215860978	<a href='https://www.ncbi.nlm.nih.gov/gene?term=CSNK1A1[Gene Name] AND Homo sapiens[Organism]' target='_blank'>CSNK1A1</a>
202048_s_at	<a href='https://www.ncbi.nlm.nih.gov/gene?term=CBX6[Gene Name] AND Homo sapiens[Organism]' target='_blank'>CBX6</a>	0.520641462759869	8.02886518525233	8.0657738226207	2.49052176910771e-05	0.00132852889540025	3.03447603341041	<a href='https://www.ncbi.nlm.nih.gov/gene?term=CBX6[Gene Name] AND Homo sapiens[Organism]' target='_blank'>CBX6</a>
207392_x_at	<a href='https://www.ncbi.nlm.nih.gov/gene?term=UGT2B15[Gene Name] AND Homo sapiens[Organism]' target='_blank'>UGT2B15</a>	-0.566322157235967	6.59076841127248	-8.00666771174769	2.58431786919761e-05	0.001365229481543	2.992067767721	<a href='https://www.ncbi.nlm.nih.gov/gene?term=UGT2B15[Gene Name] AND Homo sapiens[Organism]' target='_blank'>UGT2B15</a>
237475_x_at	<a href='https://www.ncbi.nlm.nih.gov/gene?term=CCDC152[Gene Name] AND Homo sapiens[Organism]' target='_blank'>CCDC152</a>	-0.544112895915736	8.40017942982849	-8.21310207996347	2.6797736133142e-05	0.00140301036288183	2.9976061260782	<a href='https://www.ncbi.nlm.nih.gov/gene?term=CCDC152[Gene Name] AND Homo sapiens[Organism]' target='_blank'>CCDC152</a>
210052_s_at	<a href='https://www.ncbi.nlm.nih.gov/gene?term=TPX2[Gene Name] AND Homo sapiens[Organism]' target='_blank'>TPX2</a>	-0.606702117572738	9.46789787416909	-9.2905421027193	2.76808044697145e-05	0.00144389613278186	3.13068137077229	<a href='https://www.ncbi.nlm.nih.gov/gene?term=TPX2[Gene Name] AND Homo sapiens[Organism]' target='_blank'>TPX2</a>
231938_at	<a href='https://www.ncbi.nlm.nih.gov/gene?term=SGO1[Gene Name] AND Homo sapiens[Organism]' target='_blank'>SGO1</a>	-0.728138257088121	6.55316838128985	-7.91223526149887	2.83453185358585e-05	0.00147312287802535	2.89551759019438	<a href='https://www.ncbi.nlm.nih.gov/gene?term=SGO1[Gene Name] AND Homo sapiens[Organism]' target='_blank'>SGO1</a>
206487_at	<a href='https://www.ncbi.nlm.nih.gov/gene?term=SUN1[Gene Name] AND Homo sapiens[Organism]' target='_blank'>SUN1</a>	-0.964817139658535	6.93669007605338	-8.67722346901359	2.88486521295861e-05	0.00148833776096288	3.00932906901931	<a href='https://www.ncbi.nlm.nih.gov/gene?term=SUN1[Gene Name] AND Homo sapiens[Organism]' target='_blank'>SUN1</a>
218308_at	<a href='https://www.ncbi.nlm.nih.gov/gene?term=TACC3[Gene Name] AND Homo sapiens[Organism]' target='_blank'>TACC3</a>	-0.501389485089424	7.08369563604199	-7.83306264858362	3.0649250563293e-05	0.00155848131641262	2.81381815528026	<a href='https://www.ncbi.nlm.nih.gov/gene?term=TACC3[Gene Name] AND Homo sapiens[Organism]' target='_blank'>TACC3</a>
203742_s_at	<a href='https://www.ncbi.nlm.nih.gov/gene?term=TDG[Gene Name] AND Homo sapiens[Organism]' target='_blank'>TDG</a>	-0.661250908437826	7.43841484126869	-8.04381343337641	3.1051855692542e-05	0.00155880741857548	2.84161743629886	<a href='https://www.ncbi.nlm.nih.gov/gene?term=TDG[Gene Name] AND Homo sapiens[Organism]' target='_blank'>TDG</a>
1552365_at	<a href='https://www.ncbi.nlm.nih.gov/gene?term=SCIN[Gene Name] AND Homo sapiens[Organism]' target='_blank'>SCIN</a>	0.538950900366107	6.60944077546146	7.78061656805663	3.22885453432402e-05	0.00157934559505898	2.7593168354018	<a href='https://www.ncbi.nlm.nih.gov/gene?term=SCIN[Gene Name] AND Homo sapiens[Organism]' target='_blank'>SCIN</a>
230104_s_at	<a href='https://www.ncbi.nlm.nih.gov/gene?term=TPPP[Gene Name] AND Homo sapiens[Organism]' target='_blank'>TPPP</a>	0.557372429919275	7.70341905703956	7.80905289655322	3.21132318282818e-05	0.00157934559505898	2.7694176016186	<a href='https://www.ncbi.nlm.nih.gov/gene?term=TPPP[Gene Name] AND Homo sapiens[Organism]' target='_blank'>TPPP</a>
204681_s_at	<a href='https://www.ncbi.nlm.nih.gov/gene?term=RAPGEF5[Gene Name] AND Homo sapiens[Organism]' target='_blank'>RAPGEF5</a>	-0.622279750460938	6.70921946394763	-7.66621504938156	3.62092994616532e-05	0.0017061821906331	2.63936515919266	<a href='https://www.ncbi.nlm.nih.gov/gene?term=RAPGEF5[Gene Name] AND Homo sapiens[Organism]' target='_blank'>RAPGEF5</a>
232266_x_at	<a href='https://www.ncbi.nlm.nih.gov/gene?term=CDK13[Gene Name] AND Homo sapiens[Organism]' target='_blank'>CDK13</a>	-0.591306940766957	8.77235737881678	-8.39147678013461	3.67164641521439e-05	0.00171295028796933	2.75759960666706	<a href='https://www.ncbi.nlm.nih.gov/gene?term=CDK13[Gene Name] AND Homo sapiens[Organism]' target='_blank'>CDK13</a>
227891_s_at	<a href='https://www.ncbi.nlm.nih.gov/gene?term=TAF15[Gene Name] AND Homo sapiens[Organism]' target='_blank'>TAF15</a>	-1.0689077064938	6.43473057520268	-8.28815401881977	3.77899838232391e-05	0.00174570137326326	2.71596631612164	<a href='https://www.ncbi.nlm.nih.gov/gene?term=TAF15[Gene Name] AND Homo sapiens[Organism]' target='_blank'>TAF15</a>
213718_at	<a href='https://www.ncbi.nlm.nih.gov/gene?term=RBM4[Gene Name] AND Homo sapiens[Organism]' target='_blank'>RBM4</a>	-0.518254540178813	7.08961053218474	-7.61038649308841	3.83103656636305e-05	0.00174695267426155	2.58029120632519	<a href='https://www.ncbi.nlm.nih.gov/gene?term=RBM4[Gene Name] AND Homo sapiens[Organism]' target='_blank'>RBM4</a>
207981_s_at	<a href='https://www.ncbi.nlm.nih.gov/gene?term=ESRRG[Gene Name] AND Homo sapiens[Organism]' target='_blank'>ESRRG</a>	0.571529765615564	7.3543091815805	7.59465688342235	3.89948477487136e-05	0.00176485748935587	2.56208829465494	<a href='https://www.ncbi.nlm.nih.gov/gene?term=ESRRG[Gene Name] AND Homo sapiens[Organism]' target='_blank'>ESRRG</a>
206953_s_at	<a href='https://www.ncbi.nlm.nih.gov/gene?term=ADGRL2[Gene Name] AND Homo sapiens[Organism]' target='_blank'>ADGRL2</a>	0.61749405102235	6.46013182989407	7.52379223930094	4.18393108031569e-05	0.00185404544675055	2.48795791707395	<a href='https://www.ncbi.nlm.nih.gov/gene?term=ADGRL2[Gene Name] AND Homo sapiens[Organism]' target='_blank'>ADGRL2</a>
235476_at	<a href='https://www.ncbi.nlm.nih.gov/gene?term=TRIM59[Gene Name] AND Homo sapiens[Organism]' target='_blank'>TRIM59</a>	-0.869732620306593	6.74610199760786	-7.95300579842135	4.39709730392529e-05	0.00192437670242377	2.52849797565878	<a href='https://www.ncbi.nlm.nih.gov/gene?term=TRIM59[Gene Name] AND Homo sapiens[Organism]' target='_blank'>TRIM59</a>
207130_at	<a href='https://www.ncbi.nlm.nih.gov/gene?term=ZMYND8[Gene Name] AND Homo sapiens[Organism]' target='_blank'>ZMYND8</a>	-1.25410849696341	7.17939604332875	-9.71767192375914	5.74713566469728e-05	0.00225045733396567	2.55241429453392	<a href='https://www.ncbi.nlm.nih.gov/gene?term=ZMYND8[Gene Name] AND Homo sapiens[Organism]' target='_blank'>ZMYND8</a>
239413_at	<a href='https://www.ncbi.nlm.nih.gov/gene?term=CEP152[Gene Name] AND Homo sapiens[Organism]' target='_blank'>CEP152</a>	-0.544151362341296	6.93730773003109	-7.12209957884386	6.36167289704591e-05	0.00239809621527043	2.0481400831656	<a href='https://www.ncbi.nlm.nih.gov/gene?term=CEP152[Gene Name] AND Homo sapiens[Organism]' target='_blank'>CEP152</a>
241365_at	<a href='https://www.ncbi.nlm.nih.gov/gene?term=SATB1[Gene Name] AND Homo sapiens[Organism]' target='_blank'>SATB1</a>	0.544982358610405	7.09832315777386	7.07799475135085	6.66828092565691e-05	0.0024871456244086	1.9986677005848	<a href='https://www.ncbi.nlm.nih.gov/gene?term=SATB1[Gene Name] AND Homo sapiens[Organism]' target='_blank'>SATB1</a>
215600_x_at	<a href='https://www.ncbi.nlm.nih.gov/gene?term=FBXW12[Gene Name] AND Homo sapiens[Organism]' target='_blank'>FBXW12</a>	-0.54138857847506	7.55645522633098	-7.08507687792891	6.9178697907704e-05	0.00253402722657527	1.96947901362326	<a href='https://www.ncbi.nlm.nih.gov/gene?term=FBXW12[Gene Name] AND Homo sapiens[Organism]' target='_blank'>FBXW12</a>
228173_at	<a href='https://www.ncbi.nlm.nih.gov/gene?term=GNAS[Gene Name] AND Homo sapiens[Organism]' target='_blank'>GNAS</a>	-1.10694052442496	6.28404754655022	-7.75423853346821	7.12277072463912e-05	0.0025817304349615	2.0831612701958	<a href='https://www.ncbi.nlm.nih.gov/gene?term=GNAS[Gene Name] AND Homo sapiens[Organism]' target='_blank'>GNAS</a>
206169_x_at	<a href='https://www.ncbi.nlm.nih.gov/gene?term=ZC3H7B[Gene Name] AND Homo sapiens[Organism]' target='_blank'>ZC3H7B</a>	-0.645733705882063	6.94121275862448	-7.05743854747695	7.43509180658285e-05	0.0026406204215228	1.90281896190825	<a href='https://www.ncbi.nlm.nih.gov/gene?term=ZC3H7B[Gene Name] AND Homo sapiens[Organism]' target='_blank'>ZC3H7B</a>
229193_at	<a href='https://www.ncbi.nlm.nih.gov/gene?term=LUC7L3[Gene Name] AND Homo sapiens[Organism]' target='_blank'>LUC7L3</a>	-0.749669021646676	6.64305716574823	-7.14787357063777	7.48726608141757e-05	0.0026406204215228	1.9173096887933	<a href='https://www.ncbi.nlm.nih.gov/gene?term=LUC7L3[Gene Name] AND Homo sapiens[Organism]' target='_blank'>LUC7L3</a>
213939_s_at	<a href='https://www.ncbi.nlm.nih.gov/gene?term=RUFY3[Gene Name] AND Homo sapiens[Organism]' target='_blank'>RUFY3</a>	-0.601863109960101	6.48991107146658	-6.89300704418874	8.14296487167307e-05	0.00280830466297274	1.78854758990893	<a href='https://www.ncbi.nlm.nih.gov/gene?term=RUFY3[Gene Name] AND Homo sapiens[Organism]' target='_blank'>RUFY3</a>
215067_x_at	<a href='https://www.ncbi.nlm.nih.gov/gene?term=PRDX2[Gene Name] AND Homo sapiens[Organism]' target='_blank'>PRDX2</a>	-0.62195873235514	6.87064324628582	-6.81777934569021	9.10796586282707e-05	0.00300818237002158	1.67722000416274	<a href='https://www.ncbi.nlm.nih.gov/gene?term=PRDX2[Gene Name] AND Homo sapiens[Organism]' target='_blank'>PRDX2</a>
207730_x_at	<a href='https://www.ncbi.nlm.nih.gov/gene?term=TNFAIP8L1[Gene Name] AND Homo sapiens[Organism]' target='_blank'>TNFAIP8L1</a>	-0.569258666404187	7.26293192310628	-6.78787755225834	0.000101600962401507	0.00320651207567874	1.57915014478482	<a href='https://www.ncbi.nlm.nih.gov/gene?term=TNFAIP8L1[Gene Name] AND Homo sapiens[Organism]' target='_blank'>TNFAIP8L1</a>
203372_s_at	<a href='https://www.ncbi.nlm.nih.gov/gene?term=SOCS2[Gene Name] AND Homo sapiens[Organism]' target='_blank'>SOCS2</a>	0.502947385080495	6.48236169749893	6.66314039956807	0.000104946720462963	0.00327489368755948	1.52143854559471	<a href='https://www.ncbi.nlm.nih.gov/gene?term=SOCS2[Gene Name] AND Homo sapiens[Organism]' target='_blank'>SOCS2</a>
232597_x_at	<a href='https://www.ncbi.nlm.nih.gov/gene?term=SCAF11[Gene Name] AND Homo sapiens[Organism]' target='_blank'>SCAF11</a>	-0.599631367446281	6.73300554786085	-6.65446838212206	0.000105968862910699	0.003286933556119	1.51122872290758	<a href='https://www.ncbi.nlm.nih.gov/gene?term=SCAF11[Gene Name] AND Homo sapiens[Organism]' target='_blank'>SCAF11</a>
1557675_at	<a href='https://www.ncbi.nlm.nih.gov/gene?term=RAF1[Gene Name] AND Homo sapiens[Organism]' target='_blank'>RAF1</a>	-0.914829320586722	6.37527467971311	-7.07691579210415	0.000113655503390796	0.00342565926638014	1.5532354874233	<a href='https://www.ncbi.nlm.nih.gov/gene?term=RAF1[Gene Name] AND Homo sapiens[Organism]' target='_blank'>RAF1</a>
234762_x_at	<a href='https://www.ncbi.nlm.nih.gov/gene?term=NLN[Gene Name] AND Homo sapiens[Organism]' target='_blank'>NLN</a>	-0.637031237673523	7.93294914010068	-7.25530337019334	0.000114741169667166	0.00344007965378746	1.58400208517509	<a href='https://www.ncbi.nlm.nih.gov/gene?term=NLN[Gene Name] AND Homo sapiens[Organism]' target='_blank'>NLN</a>
212444_at	<a href='https://www.ncbi.nlm.nih.gov/gene?term=GPRC5A[Gene Name] AND Homo sapiens[Organism]' target='_blank'>GPRC5A</a>	-0.600042472410473	6.59062861461557	-6.47541370396153	0.000129706745844909	0.0036645132655698	1.29822748677069	<a href='https://www.ncbi.nlm.nih.gov/gene?term=GPRC5A[Gene Name] AND Homo sapiens[Organism]' target='_blank'>GPRC5A</a>
232169_x_at	<a href='https://www.ncbi.nlm.nih.gov/gene?term=NDUFS8[Gene Name] AND Homo sapiens[Organism]' target='_blank'>NDUFS8</a>	-0.556594094823806	7.48569813518534	-6.56958375078895	0.000149292546731445	0.00399696863749187	1.20697668686726	<a href='https://www.ncbi.nlm.nih.gov/gene?term=NDUFS8[Gene Name] AND Homo sapiens[Organism]' target='_blank'>NDUFS8</a>
236841_at	<a href='https://www.ncbi.nlm.nih.gov/gene?term=WASHC1[Gene Name] AND Homo sapiens[Organism]' target='_blank'>WASHC1</a>	-0.612735102050488	6.48225509104924	-6.3342186739158	0.000152537534890139	0.00406843508152264	1.12727248912866	<a href='https://www.ncbi.nlm.nih.gov/gene?term=WASHC1[Gene Name] AND Homo sapiens[Organism]' target='_blank'>WASHC1</a>
242912_at	<a href='https://www.ncbi.nlm.nih.gov/gene?term=POTEM[Gene Name] AND Homo sapiens[Organism]' target='_blank'>POTEM</a>	-0.815787861982195	6.83625037306391	-6.76907578314306	0.000196253673123386	0.00468462307448116	1.03143672415095	<a href='https://www.ncbi.nlm.nih.gov/gene?term=POTEM[Gene Name] AND Homo sapiens[Organism]' target='_blank'>POTEM</a>
226934_at	<a href='https://www.ncbi.nlm.nih.gov/gene?term=CPSF6[Gene Name] AND Homo sapiens[Organism]' target='_blank'>CPSF6</a>	-0.561955232503326	6.78923681540218	-6.09789562030509	0.000204556299005463	0.00483546461996859	0.821729237943364	<a href='https://www.ncbi.nlm.nih.gov/gene?term=CPSF6[Gene Name] AND Homo sapiens[Organism]' target='_blank'>CPSF6</a>
215224_at	<a href='https://www.ncbi.nlm.nih.gov/gene?term=SNORA21[Gene Name] AND Homo sapiens[Organism]' target='_blank'>SNORA21</a>	-1.30038254608318	8.36173412652055	-9.70249722886858	0.000262637938674492	0.00554395377913955	1.26000198530171	<a href='https://www.ncbi.nlm.nih.gov/gene?term=SNORA21[Gene Name] AND Homo sapiens[Organism]' target='_blank'>SNORA21</a>
236019_at	<a href='https://www.ncbi.nlm.nih.gov/gene?term=RAB12[Gene Name] AND Homo sapiens[Organism]' target='_blank'>RAB12</a>	-0.587224243155252	6.45106030038938	-5.86410050606294	0.000266495597362931	0.00557579731246364	0.538496894321484	<a href='https://www.ncbi.nlm.nih.gov/gene?term=RAB12[Gene Name] AND Homo sapiens[Organism]' target='_blank'>RAB12</a>
232168_x_at	<a href='https://www.ncbi.nlm.nih.gov/gene?term=MACF1[Gene Name] AND Homo sapiens[Organism]' target='_blank'>MACF1</a>	-0.549413816863502	6.45698920742113	-5.80509537535418	0.000286407314573257	0.0058254011493634	0.462425408473259	<a href='https://www.ncbi.nlm.nih.gov/gene?term=MACF1[Gene Name] AND Homo sapiens[Organism]' target='_blank'>MACF1</a>
220940_at	<a href='https://www.ncbi.nlm.nih.gov/gene?term=ANKRD36B[Gene Name] AND Homo sapiens[Organism]' target='_blank'>ANKRD36B</a>	-0.656903735790254	7.33176194864308	-6.33749385526662	0.000298506390627038	0.00597689282989208	0.582026187594106	<a href='https://www.ncbi.nlm.nih.gov/gene?term=ANKRD36B[Gene Name] AND Homo sapiens[Organism]' target='_blank'>ANKRD36B</a>
214782_at	<a href='https://www.ncbi.nlm.nih.gov/gene?term=CTTN[Gene Name] AND Homo sapiens[Organism]' target='_blank'>CTTN</a>	-1.4465079674303	6.97098577710045	-8.46646757246901	0.000339014865977903	0.00639930441766966	0.89621816679413	<a href='https://www.ncbi.nlm.nih.gov/gene?term=CTTN[Gene Name] AND Homo sapiens[Organism]' target='_blank'>CTTN</a>
214722_at	<a href='https://www.ncbi.nlm.nih.gov/gene?term=NOTCH2NLA[Gene Name] AND Homo sapiens[Organism]' target='_blank'>NOTCH2NLA</a>	-0.621971338123883	8.91118096778674	-7.19569789953978	0.000347932557250281	0.00648862088296831	0.656888801089241	<a href='https://www.ncbi.nlm.nih.gov/gene?term=NOTCH2NLA[Gene Name] AND Homo sapiens[Organism]' target='_blank'>NOTCH2NLA</a>
232175_at	<a href='https://www.ncbi.nlm.nih.gov/gene?term=ARF1[Gene Name] AND Homo sapiens[Organism]' target='_blank'>ARF1</a>	-0.662165002597792	6.41016398869042	-5.71246524754211	0.000377902078861341	0.00679646792211694	0.212157547452461	<a href='https://www.ncbi.nlm.nih.gov/gene?term=ARF1[Gene Name] AND Homo sapiens[Organism]' target='_blank'>ARF1</a>
229520_s_at	<a href='https://www.ncbi.nlm.nih.gov/gene?term=GPATCH2L[Gene Name] AND Homo sapiens[Organism]' target='_blank'>GPATCH2L</a>	-0.730436881268696	6.48503072937874	-5.79679779247663	0.000436475350381153	0.00738924018321913	0.124064305976439	<a href='https://www.ncbi.nlm.nih.gov/gene?term=GPATCH2L[Gene Name] AND Homo sapiens[Organism]' target='_blank'>GPATCH2L</a>
230885_at	<a href='https://www.ncbi.nlm.nih.gov/gene?term=SPG7[Gene Name] AND Homo sapiens[Organism]' target='_blank'>SPG7</a>	-0.597134351595433	6.65296271792299	-5.13167487502882	0.000913263154551567	0.0119983065787567	-0.674350043070001	<a href='https://www.ncbi.nlm.nih.gov/gene?term=SPG7[Gene Name] AND Homo sapiens[Organism]' target='_blank'>SPG7</a>
235060_at	<a href='https://www.ncbi.nlm.nih.gov/gene?term=LOC100190986[Gene Name] AND Homo sapiens[Organism]' target='_blank'>LOC100190986</a>	-1.29778530363462	7.02490756751823	-7.06687460536558	0.00108639607264233	0.0132736003949098	-0.285021098637141	<a href='https://www.ncbi.nlm.nih.gov/gene?term=LOC100190986[Gene Name] AND Homo sapiens[Organism]' target='_blank'>LOC100190986</a>
235623_at	<a href='https://www.ncbi.nlm.nih.gov/gene?term=ELP2[Gene Name] AND Homo sapiens[Organism]' target='_blank'>ELP2</a>	-0.520514730272191	6.8460736727172	-4.90709350124807	0.0011616279522682	0.0138673959029121	-0.94209261490166	<a href='https://www.ncbi.nlm.nih.gov/gene?term=ELP2[Gene Name] AND Homo sapiens[Organism]' target='_blank'>ELP2</a>
1554251_at	<a href='https://www.ncbi.nlm.nih.gov/gene?term=HP1BP3[Gene Name] AND Homo sapiens[Organism]' target='_blank'>HP1BP3</a>	-0.564140650563933	7.8547545808827	-5.41581889745339	0.00124246408198616	0.0144674400848075	-0.811267608134843	<a href='https://www.ncbi.nlm.nih.gov/gene?term=HP1BP3[Gene Name] AND Homo sapiens[Organism]' target='_blank'>HP1BP3</a>
223494_at	<a href='https://www.ncbi.nlm.nih.gov/gene?term=OGA[Gene Name] AND Homo sapiens[Organism]' target='_blank'>OGA</a>	-1.32493619590498	7.01552552380555	-6.8286734540429	0.00138879402042316	0.0155316394562514	-0.527130436767417	<a href='https://www.ncbi.nlm.nih.gov/gene?term=OGA[Gene Name] AND Homo sapiens[Organism]' target='_blank'>OGA</a>
231108_at	<a href='https://www.ncbi.nlm.nih.gov/gene?term=FUS[Gene Name] AND Homo sapiens[Organism]' target='_blank'>FUS</a>	-1.03613319797444	6.54790538140292	-5.44451796368509	0.00252600833700817	0.022481718374457	-1.33765920191806	<a href='https://www.ncbi.nlm.nih.gov/gene?term=FUS[Gene Name] AND Homo sapiens[Organism]' target='_blank'>FUS</a>
242438_at	<a href='https://www.ncbi.nlm.nih.gov/gene?term=ASXL1[Gene Name] AND Homo sapiens[Organism]' target='_blank'>ASXL1</a>	-0.756012515564329	6.60847422506814	-4.82642012924814	0.00278856634707663	0.0241594516709367	-1.62203887886159	<a href='https://www.ncbi.nlm.nih.gov/gene?term=ASXL1[Gene Name] AND Homo sapiens[Organism]' target='_blank'>ASXL1</a>
213517_at	<a href='https://www.ncbi.nlm.nih.gov/gene?term=PCBP2[Gene Name] AND Homo sapiens[Organism]' target='_blank'>PCBP2</a>	-0.54323880530382	6.56800868514112	-4.26293885433227	0.00301240437389345	0.02510810626731	-1.91515504453428	<a href='https://www.ncbi.nlm.nih.gov/gene?term=PCBP2[Gene Name] AND Homo sapiens[Organism]' target='_blank'>PCBP2</a>
236107_at	<a href='https://www.ncbi.nlm.nih.gov/gene?term=UBE2Z[Gene Name] AND Homo sapiens[Organism]' target='_blank'>UBE2Z</a>	-0.852688674959675	6.34363806027039	-4.70022394669246	0.00356487536570078	0.0277901228617892	-1.84785587597036	<a href='https://www.ncbi.nlm.nih.gov/gene?term=UBE2Z[Gene Name] AND Homo sapiens[Organism]' target='_blank'>UBE2Z</a>
1557828_a_at	<a href='https://www.ncbi.nlm.nih.gov/gene?term=TMEM267[Gene Name] AND Homo sapiens[Organism]' target='_blank'>TMEM267</a>	-0.685661579949373	6.77151343391642	-4.48016658642706	0.00428193620397176	0.0312975440430945	-2.0667861668435	<a href='https://www.ncbi.nlm.nih.gov/gene?term=TMEM267[Gene Name] AND Homo sapiens[Organism]' target='_blank'>TMEM267</a>
224565_at	<a href='https://www.ncbi.nlm.nih.gov/gene?term=NEAT1[Gene Name] AND Homo sapiens[Organism]' target='_blank'>NEAT1</a>	-0.531364918335226	10.5440524278905	-5.54508048879364	0.00436992962276511	0.0316299667933475	-1.71232054534925	<a href='https://www.ncbi.nlm.nih.gov/gene?term=NEAT1[Gene Name] AND Homo sapiens[Organism]' target='_blank'>NEAT1</a>
221899_at	<a href='https://www.ncbi.nlm.nih.gov/gene?term=N4BP2L2[Gene Name] AND Homo sapiens[Organism]' target='_blank'>N4BP2L2</a>	-0.84174536671285	7.46722211987264	-5.01585670196339	0.00485555569990331	0.0338285536588631	-1.95376763645585	<a href='https://www.ncbi.nlm.nih.gov/gene?term=N4BP2L2[Gene Name] AND Homo sapiens[Organism]' target='_blank'>N4BP2L2</a>
228157_at	<a href='https://www.ncbi.nlm.nih.gov/gene?term=ZNF207[Gene Name] AND Homo sapiens[Organism]' target='_blank'>ZNF207</a>	-0.640556768992387	7.57411742884448	-4.62604741741063	0.00519098731295541	0.0352787483922777	-2.1429321556006	<a href='https://www.ncbi.nlm.nih.gov/gene?term=ZNF207[Gene Name] AND Homo sapiens[Organism]' target='_blank'>ZNF207</a>
228723_at	<a href='https://www.ncbi.nlm.nih.gov/gene?term=NPTN-IT1[Gene Name] AND Homo sapiens[Organism]' target='_blank'>NPTN-IT1</a>	-0.808459851262776	6.5293331121932	-4.39243135499941	0.00600275553539511	0.038977929374527	-2.33833881350363	<a href='https://www.ncbi.nlm.nih.gov/gene?term=NPTN-IT1[Gene Name] AND Homo sapiens[Organism]' target='_blank'>NPTN-IT1</a>
228613_at	<a href='https://www.ncbi.nlm.nih.gov/gene?term=RAB11FIP3[Gene Name] AND Homo sapiens[Organism]' target='_blank'>RAB11FIP3</a>	-1.42076993923687	7.83110382195059	-6.17391878702852	0.00603101993198645	0.0390717221624934	-1.78663088510976	<a href='https://www.ncbi.nlm.nih.gov/gene?term=RAB11FIP3[Gene Name] AND Homo sapiens[Organism]' target='_blank'>RAB11FIP3</a>
239392_s_at	<a href='https://www.ncbi.nlm.nih.gov/gene?term=POGK[Gene Name] AND Homo sapiens[Organism]' target='_blank'>POGK</a>	-0.667921221783239	7.65373024565603	-4.53661531495669	0.00627605746982553	0.0400607906509674	-2.31007687695691	<a href='https://www.ncbi.nlm.nih.gov/gene?term=POGK[Gene Name] AND Homo sapiens[Organism]' target='_blank'>POGK</a>
235927_at	<a href='https://www.ncbi.nlm.nih.gov/gene?term=XPO1[Gene Name] AND Homo sapiens[Organism]' target='_blank'>XPO1</a>	-0.801292143539999	6.47188650293078	-4.31924058982011	0.00628706346607473	0.040105563698751	-2.40121752988193	<a href='https://www.ncbi.nlm.nih.gov/gene?term=XPO1[Gene Name] AND Homo sapiens[Organism]' target='_blank'>XPO1</a>
224559_at	<a href='https://www.ncbi.nlm.nih.gov/gene?term=MALAT1[Gene Name] AND Homo sapiens[Organism]' target='_blank'>MALAT1</a>	-1.97453669010515	10.0369595182268	-7.31105662227761	0.00673687762954031	0.0420087584143718	-1.64865362163886	<a href='https://www.ncbi.nlm.nih.gov/gene?term=MALAT1[Gene Name] AND Homo sapiens[Organism]' target='_blank'>MALAT1</a>
223802_s_at	<a href='https://www.ncbi.nlm.nih.gov/gene?term=RBBP6[Gene Name] AND Homo sapiens[Organism]' target='_blank'>RBBP6</a>	-0.510253545603448	7.82450671909789	-4.18010125635126	0.006846507219935	0.0423184197905558	-2.52053437830105	<a href='https://www.ncbi.nlm.nih.gov/gene?term=RBBP6[Gene Name] AND Homo sapiens[Organism]' target='_blank'>RBBP6</a>
