probeID	gene_symbol	logFC	AveExpr	t	P.Value	adj.P.Val	B	url
225762_x_at	<a href='https://www.ncbi.nlm.nih.gov/gene?term=RNA45SN5[Gene Name] AND Homo sapiens[Organism]' target='_blank'>RNA45SN5</a>	-1.20245007401813	6.56866105766094	-17.996595145716	6.20711817959338e-07	0.00176049389368717	6.2964048930483	<a href='https://www.ncbi.nlm.nih.gov/gene?term=RNA45SN5[Gene Name] AND Homo sapiens[Organism]' target='_blank'>RNA45SN5</a>
209911_x_at	<a href='https://www.ncbi.nlm.nih.gov/gene?term=H2BC5[Gene Name] AND Homo sapiens[Organism]' target='_blank'>H2BC5</a>	-0.974375082234012	7.92057070172664	-17.1341269731754	8.57907294447248e-07	0.00194659165110081	6.07524756243162	<a href='https://www.ncbi.nlm.nih.gov/gene?term=H2BC5[Gene Name] AND Homo sapiens[Organism]' target='_blank'>H2BC5</a>
202870_s_at	<a href='https://www.ncbi.nlm.nih.gov/gene?term=CDC20[Gene Name] AND Homo sapiens[Organism]' target='_blank'>CDC20</a>	-0.556371216026561	9.18260892721863	-12.9677437733214	5.30602285378627e-06	0.00550927063371461	4.67931344508919	<a href='https://www.ncbi.nlm.nih.gov/gene?term=CDC20[Gene Name] AND Homo sapiens[Organism]' target='_blank'>CDC20</a>
221582_at	<a href='https://www.ncbi.nlm.nih.gov/gene?term=H2AC25[Gene Name] AND Homo sapiens[Organism]' target='_blank'>H2AC25</a>	-0.765559855654247	7.89946158413942	-12.9543433622754	5.34173441788107e-06	0.00550927063371461	4.673735641154	<a href='https://www.ncbi.nlm.nih.gov/gene?term=H2AC25[Gene Name] AND Homo sapiens[Organism]' target='_blank'>H2AC25</a>
214805_at	<a href='https://www.ncbi.nlm.nih.gov/gene?term=EIF4A1[Gene Name] AND Homo sapiens[Organism]' target='_blank'>EIF4A1</a>	-0.892625622148519	6.9182095647167	-12.3408029671096	7.31405482867238e-06	0.00553186346875254	4.40914583620776	<a href='https://www.ncbi.nlm.nih.gov/gene?term=EIF4A1[Gene Name] AND Homo sapiens[Organism]' target='_blank'>EIF4A1</a>
228729_at	<a href='https://www.ncbi.nlm.nih.gov/gene?term=CCNB1[Gene Name] AND Homo sapiens[Organism]' target='_blank'>CCNB1</a>	-0.534888334880806	9.72926300427979	-11.404628154396	1.21615853438878e-05	0.0067104147335933	3.96797880435542	<a href='https://www.ncbi.nlm.nih.gov/gene?term=CCNB1[Gene Name] AND Homo sapiens[Organism]' target='_blank'>CCNB1</a>
215071_s_at	<a href='https://www.ncbi.nlm.nih.gov/gene?term=H2AC6[Gene Name] AND Homo sapiens[Organism]' target='_blank'>H2AC6</a>	-0.665532968833634	6.71085417279613	-10.4848495451305	2.08306556654375e-05	0.00761916021734382	3.48484422608498	<a href='https://www.ncbi.nlm.nih.gov/gene?term=H2AC6[Gene Name] AND Homo sapiens[Organism]' target='_blank'>H2AC6</a>
218755_at	<a href='https://www.ncbi.nlm.nih.gov/gene?term=KIF20A[Gene Name] AND Homo sapiens[Organism]' target='_blank'>KIF20A</a>	-0.517411150934382	8.14321504271016	-10.3833530137153	2.21623875868088e-05	0.00761916021734382	3.42820791314559	<a href='https://www.ncbi.nlm.nih.gov/gene?term=KIF20A[Gene Name] AND Homo sapiens[Organism]' target='_blank'>KIF20A</a>
223679_at	<a href='https://www.ncbi.nlm.nih.gov/gene?term=CTNNB1[Gene Name] AND Homo sapiens[Organism]' target='_blank'>CTNNB1</a>	-0.675500193775804	7.95853397328325	-9.53372645126729	3.80711769903771e-05	0.0116734460258332	2.92560243762489	<a href='https://www.ncbi.nlm.nih.gov/gene?term=CTNNB1[Gene Name] AND Homo sapiens[Organism]' target='_blank'>CTNNB1</a>
1570444_at	<a href='https://www.ncbi.nlm.nih.gov/gene?term=CEP192P1[Gene Name] AND Homo sapiens[Organism]' target='_blank'>CEP192P1</a>	-0.563737462447815	6.73010320791015	-8.95639149199835	5.63674514667705e-05	0.0149708300937962	2.55258176501223	<a href='https://www.ncbi.nlm.nih.gov/gene?term=CEP192P1[Gene Name] AND Homo sapiens[Organism]' target='_blank'>CEP192P1</a>
208527_x_at	<a href='https://www.ncbi.nlm.nih.gov/gene?term=H2BC6[Gene Name] AND Homo sapiens[Organism]' target='_blank'>H2BC6</a>	-0.631025154475169	6.73147803382977	-9.00387906096126	5.45324115101026e-05	0.0149708300937962	2.58429772361765	<a href='https://www.ncbi.nlm.nih.gov/gene?term=H2BC6[Gene Name] AND Homo sapiens[Organism]' target='_blank'>H2BC6</a>
208490_x_at	<a href='https://www.ncbi.nlm.nih.gov/gene?term=H2BC7[Gene Name] AND Homo sapiens[Organism]' target='_blank'>H2BC7</a>	-0.50491397651498	6.71209623920877	-8.44905544480011	8.10632282126382e-05	0.0176858139244689	2.20148133235764	<a href='https://www.ncbi.nlm.nih.gov/gene?term=H2BC7[Gene Name] AND Homo sapiens[Organism]' target='_blank'>H2BC7</a>
226840_at	<a href='https://www.ncbi.nlm.nih.gov/gene?term=MACROH2A1[Gene Name] AND Homo sapiens[Organism]' target='_blank'>MACROH2A1</a>	-0.5903488402293	6.84653681115993	-6.53446166144154	0.000385198041264592	0.0416197312204457	0.644501892070187	<a href='https://www.ncbi.nlm.nih.gov/gene?term=MACROH2A1[Gene Name] AND Homo sapiens[Organism]' target='_blank'>MACROH2A1</a>
224558_s_at	<a href='https://www.ncbi.nlm.nih.gov/gene?term=MALAT1[Gene Name] AND Homo sapiens[Organism]' target='_blank'>MALAT1</a>	-0.562717439457177	7.82494960722722	-6.4945686512948	0.000399373608070333	0.0423447998463358	0.607601265015807	<a href='https://www.ncbi.nlm.nih.gov/gene?term=MALAT1[Gene Name] AND Homo sapiens[Organism]' target='_blank'>MALAT1</a>
238756_at	<a href='https://www.ncbi.nlm.nih.gov/gene?term=GAS2L3[Gene Name] AND Homo sapiens[Organism]' target='_blank'>GAS2L3</a>	-0.505814486430634	8.9189864984491	-6.41313433585548	0.00043017665338831	0.0435745904704498	0.531646582818802	<a href='https://www.ncbi.nlm.nih.gov/gene?term=GAS2L3[Gene Name] AND Homo sapiens[Organism]' target='_blank'>GAS2L3</a>
