probeID	gene_symbol	logFC	AveExpr	t	P.Value	adj.P.Val	B	url
239937_at	<a href='https://www.ncbi.nlm.nih.gov/gene?term=ZNF207[Gene Name] AND Homo sapiens[Organism]' target='_blank'>ZNF207</a>	-1.70952243480431	6.04897122989921	-18.9848229822345	3.20922518578032e-07	0.0020992226560046	6.6894109344363	<a href='https://www.ncbi.nlm.nih.gov/gene?term=ZNF207[Gene Name] AND Homo sapiens[Organism]' target='_blank'>ZNF207</a>
209026_x_at	<a href='https://www.ncbi.nlm.nih.gov/gene?term=TUBB[Gene Name] AND Homo sapiens[Organism]' target='_blank'>TUBB</a>	0.587233827618826	10.68936560632	16.0889066971356	9.85002344495123e-07	0.00226353538764979	5.9430951546893	<a href='https://www.ncbi.nlm.nih.gov/gene?term=TUBB[Gene Name] AND Homo sapiens[Organism]' target='_blank'>TUBB</a>
221922_at	<a href='https://www.ncbi.nlm.nih.gov/gene?term=GPSM2[Gene Name] AND Homo sapiens[Organism]' target='_blank'>GPSM2</a>	-0.571979528145961	9.83742276625644	-13.4958112712853	3.20993094087482e-06	0.00368821065106517	5.05300219679988	<a href='https://www.ncbi.nlm.nih.gov/gene?term=GPSM2[Gene Name] AND Homo sapiens[Organism]' target='_blank'>GPSM2</a>
224558_s_at	<a href='https://www.ncbi.nlm.nih.gov/gene?term=MALAT1[Gene Name] AND Homo sapiens[Organism]' target='_blank'>MALAT1</a>	-0.65368538579045	9.58678064003349	-13.5939606443402	3.05805181594728e-06	0.00368821065106517	5.091485250406	<a href='https://www.ncbi.nlm.nih.gov/gene?term=MALAT1[Gene Name] AND Homo sapiens[Organism]' target='_blank'>MALAT1</a>
1559529_at	<a href='https://www.ncbi.nlm.nih.gov/gene?term=PTK2[Gene Name] AND Homo sapiens[Organism]' target='_blank'>PTK2</a>	-1.06663999610291	6.34927537007967	-11.9191970335431	7.34067319472396e-06	0.00674754680059026	4.37238745919987	<a href='https://www.ncbi.nlm.nih.gov/gene?term=PTK2[Gene Name] AND Homo sapiens[Organism]' target='_blank'>PTK2</a>
209969_s_at	<a href='https://www.ncbi.nlm.nih.gov/gene?term=STAT1[Gene Name] AND Homo sapiens[Organism]' target='_blank'>STAT1</a>	-0.543781118491935	9.43777143085092	-11.5251113486575	9.16997574692567e-06	0.00740273859742146	4.18199456613788	<a href='https://www.ncbi.nlm.nih.gov/gene?term=STAT1[Gene Name] AND Homo sapiens[Organism]' target='_blank'>STAT1</a>
222958_s_at	<a href='https://www.ncbi.nlm.nih.gov/gene?term=DEPDC1[Gene Name] AND Homo sapiens[Organism]' target='_blank'>DEPDC1</a>	-0.523793733358326	9.80366073453588	-11.4870028781486	9.37286046161055e-06	0.00740273859742146	4.16311058547838	<a href='https://www.ncbi.nlm.nih.gov/gene?term=DEPDC1[Gene Name] AND Homo sapiens[Organism]' target='_blank'>DEPDC1</a>
204439_at	<a href='https://www.ncbi.nlm.nih.gov/gene?term=IFI44L[Gene Name] AND Homo sapiens[Organism]' target='_blank'>IFI44L</a>	-0.69864516338748	8.25712352528683	-11.1359447488586	1.15026945273607e-05	0.00792941971312883	3.98507382186034	<a href='https://www.ncbi.nlm.nih.gov/gene?term=IFI44L[Gene Name] AND Homo sapiens[Organism]' target='_blank'>IFI44L</a>
214805_at	<a href='https://www.ncbi.nlm.nih.gov/gene?term=EIF4A1[Gene Name] AND Homo sapiens[Organism]' target='_blank'>EIF4A1</a>	-0.93816026413316	6.23926703908789	-11.0538602940907	1.20770100069412e-05	0.00792941971312883	3.94235935092119	<a href='https://www.ncbi.nlm.nih.gov/gene?term=EIF4A1[Gene Name] AND Homo sapiens[Organism]' target='_blank'>EIF4A1</a>
206683_at	<a href='https://www.ncbi.nlm.nih.gov/gene?term=ZNF165[Gene Name] AND Homo sapiens[Organism]' target='_blank'>ZNF165</a>	-0.576055923275186	8.63974308595861	-9.97458767454832	2.36687565815804e-05	0.0102298430109628	3.33939680326021	<a href='https://www.ncbi.nlm.nih.gov/gene?term=ZNF165[Gene Name] AND Homo sapiens[Organism]' target='_blank'>ZNF165</a>
238756_at	<a href='https://www.ncbi.nlm.nih.gov/gene?term=GAS2L3[Gene Name] AND Homo sapiens[Organism]' target='_blank'>GAS2L3</a>	-0.549943215259281	9.0352310640315	-9.96985541089639	2.3742020332957e-05	0.0102298430109628	3.33657346401884	<a href='https://www.ncbi.nlm.nih.gov/gene?term=GAS2L3[Gene Name] AND Homo sapiens[Organism]' target='_blank'>GAS2L3</a>
212242_at	<a href='https://www.ncbi.nlm.nih.gov/gene?term=TUBA4A[Gene Name] AND Homo sapiens[Organism]' target='_blank'>TUBA4A</a>	0.610329878462691	9.2087940461393	9.78252376827832	2.68601801157949e-05	0.0102874489843494	3.22346493060628	<a href='https://www.ncbi.nlm.nih.gov/gene?term=TUBA4A[Gene Name] AND Homo sapiens[Organism]' target='_blank'>TUBA4A</a>
242550_at	<a href='https://www.ncbi.nlm.nih.gov/gene?term=EIF3B[Gene Name] AND Homo sapiens[Organism]' target='_blank'>EIF3B</a>	-0.750238424595086	6.6228428154434	-9.81580690087231	2.62737214254913e-05	0.0102874489843494	3.24375394451334	<a href='https://www.ncbi.nlm.nih.gov/gene?term=EIF3B[Gene Name] AND Homo sapiens[Organism]' target='_blank'>EIF3B</a>
202376_at	<a href='https://www.ncbi.nlm.nih.gov/gene?term=SERPINA3[Gene Name] AND Homo sapiens[Organism]' target='_blank'>SERPINA3</a>	-0.525863881049021	9.49512037597321	-9.66549403935544	2.90435265844274e-05	0.0105382143301601	3.15145193196191	<a href='https://www.ncbi.nlm.nih.gov/gene?term=SERPINA3[Gene Name] AND Homo sapiens[Organism]' target='_blank'>SERPINA3</a>
202672_s_at	<a href='https://www.ncbi.nlm.nih.gov/gene?term=ATF3[Gene Name] AND Homo sapiens[Organism]' target='_blank'>ATF3</a>	-0.662724100443083	7.10867090555671	-8.63257477718114	6.01454005374192e-05	0.0156468826907535	2.46743885780614	<a href='https://www.ncbi.nlm.nih.gov/gene?term=ATF3[Gene Name] AND Homo sapiens[Organism]' target='_blank'>ATF3</a>
228049_x_at	<a href='https://www.ncbi.nlm.nih.gov/gene?term=SNHG19[Gene Name] AND Homo sapiens[Organism]' target='_blank'>SNHG19</a>	0.577064107857099	8.16556053483566	8.35352984332022	7.41592799291739e-05	0.0175699203774644	2.26654292337403	<a href='https://www.ncbi.nlm.nih.gov/gene?term=SNHG19[Gene Name] AND Homo sapiens[Organism]' target='_blank'>SNHG19</a>
205916_at	<a href='https://www.ncbi.nlm.nih.gov/gene?term=S100A7[Gene Name] AND Homo sapiens[Organism]' target='_blank'>S100A7</a>	-0.587948670745948	9.79263316431784	-8.38114445938536	9.71326074100709e-05	0.0202918847116675	2.04014146676335	<a href='https://www.ncbi.nlm.nih.gov/gene?term=S100A7[Gene Name] AND Homo sapiens[Organism]' target='_blank'>S100A7</a>
204972_at	<a href='https://www.ncbi.nlm.nih.gov/gene?term=OAS2[Gene Name] AND Homo sapiens[Organism]' target='_blank'>OAS2</a>	-0.590215518546286	6.99208851696185	-7.80253854506276	0.000114160988659271	0.0224864530233432	1.84762198792468	<a href='https://www.ncbi.nlm.nih.gov/gene?term=OAS2[Gene Name] AND Homo sapiens[Organism]' target='_blank'>OAS2</a>
205519_at	<a href='https://www.ncbi.nlm.nih.gov/gene?term=WDR76[Gene Name] AND Homo sapiens[Organism]' target='_blank'>WDR76</a>	0.556927394021672	6.88898403131202	7.81852990921756	0.000112701103939656	0.0224864530233432	1.86021507863854	<a href='https://www.ncbi.nlm.nih.gov/gene?term=WDR76[Gene Name] AND Homo sapiens[Organism]' target='_blank'>WDR76</a>
1569190_at	<a href='https://www.ncbi.nlm.nih.gov/gene?term=SCLT1[Gene Name] AND Homo sapiens[Organism]' target='_blank'>SCLT1</a>	-0.524447198683526	7.71286770748774	-7.62961261061783	0.000131391752808132	0.0232260190733144	1.70971729487078	<a href='https://www.ncbi.nlm.nih.gov/gene?term=SCLT1[Gene Name] AND Homo sapiens[Organism]' target='_blank'>SCLT1</a>
213293_s_at	<a href='https://www.ncbi.nlm.nih.gov/gene?term=TRIM22[Gene Name] AND Homo sapiens[Organism]' target='_blank'>TRIM22</a>	-0.640569040750822	6.66036448248005	-7.67954863376728	0.000126131482423299	0.0232260190733144	1.74986727105418	<a href='https://www.ncbi.nlm.nih.gov/gene?term=TRIM22[Gene Name] AND Homo sapiens[Organism]' target='_blank'>TRIM22</a>
226474_at	<a href='https://www.ncbi.nlm.nih.gov/gene?term=NLRC5[Gene Name] AND Homo sapiens[Organism]' target='_blank'>NLRC5</a>	-0.53364547380005	7.06241970417831	-7.63656932104513	0.000130644281571115	0.0232260190733144	1.71532675445967	<a href='https://www.ncbi.nlm.nih.gov/gene?term=NLRC5[Gene Name] AND Homo sapiens[Organism]' target='_blank'>NLRC5</a>
204415_at	<a href='https://www.ncbi.nlm.nih.gov/gene?term=IFI6[Gene Name] AND Homo sapiens[Organism]' target='_blank'>IFI6</a>	-0.586528060171499	10.4486184515616	-8.24522015677147	0.00017546371556957	0.0265856451678377	1.53067912623394	<a href='https://www.ncbi.nlm.nih.gov/gene?term=IFI6[Gene Name] AND Homo sapiens[Organism]' target='_blank'>IFI6</a>
224565_at	<a href='https://www.ncbi.nlm.nih.gov/gene?term=NEAT1[Gene Name] AND Homo sapiens[Organism]' target='_blank'>NEAT1</a>	-0.527482659901683	9.8911846254337	-7.41561835057517	0.00021723040201809	0.0293644390492689	1.26456089602521	<a href='https://www.ncbi.nlm.nih.gov/gene?term=NEAT1[Gene Name] AND Homo sapiens[Organism]' target='_blank'>NEAT1</a>
211600_at	<a href='https://www.ncbi.nlm.nih.gov/gene?term=PTPRO[Gene Name] AND Homo sapiens[Organism]' target='_blank'>PTPRO</a>	-0.519748158162267	8.68100933507057	-6.89597556041724	0.000245840390258906	0.0307888070613335	1.08768111809635	<a href='https://www.ncbi.nlm.nih.gov/gene?term=PTPRO[Gene Name] AND Homo sapiens[Organism]' target='_blank'>PTPRO</a>
202859_x_at	<a href='https://www.ncbi.nlm.nih.gov/gene?term=CXCL8[Gene Name] AND Homo sapiens[Organism]' target='_blank'>CXCL8</a>	-0.504625831620064	8.51397709732382	-6.44121389993185	0.00037228582173779	0.0349188905450385	0.669765017361856	<a href='https://www.ncbi.nlm.nih.gov/gene?term=CXCL8[Gene Name] AND Homo sapiens[Organism]' target='_blank'>CXCL8</a>
