probeID	gene_symbol	logFC	AveExpr	t	P.Value	adj.P.Val	B	url
202859_x_at	<a href='https://www.ncbi.nlm.nih.gov/gene?term=CXCL8[Gene Name] AND Homo sapiens[Organism]' target='_blank'>CXCL8</a>	-1.74752106307145	5.9323924572956	-11.4046172353814	4.69895329277536e-30	2.96081046977775e-26	57.0608823708422	<a href='https://www.ncbi.nlm.nih.gov/gene?term=CXCL8[Gene Name] AND Homo sapiens[Organism]' target='_blank'>CXCL8</a>
204092_s_at	<a href='https://www.ncbi.nlm.nih.gov/gene?term=AURKA[Gene Name] AND Homo sapiens[Organism]' target='_blank'>AURKA</a>	-0.511523883695521	11.116511927484	-10.739970896803	7.55267668242491e-27	3.17262771839729e-23	49.8700920362796	<a href='https://www.ncbi.nlm.nih.gov/gene?term=AURKA[Gene Name] AND Homo sapiens[Organism]' target='_blank'>AURKA</a>
204170_s_at	<a href='https://www.ncbi.nlm.nih.gov/gene?term=CKS2[Gene Name] AND Homo sapiens[Organism]' target='_blank'>CKS2</a>	-0.585875939443545	10.6200614137031	-10.6814085500664	1.41774770629483e-26	4.46661414868187e-23	49.2571995348718	<a href='https://www.ncbi.nlm.nih.gov/gene?term=CKS2[Gene Name] AND Homo sapiens[Organism]' target='_blank'>CKS2</a>
214710_s_at	<a href='https://www.ncbi.nlm.nih.gov/gene?term=CCNB1[Gene Name] AND Homo sapiens[Organism]' target='_blank'>CCNB1</a>	-0.522298409852006	10.6278923852057	-9.54443340457403	1.48832632258101e-21	2.263704191112e-18	38.0221243650995	<a href='https://www.ncbi.nlm.nih.gov/gene?term=CCNB1[Gene Name] AND Homo sapiens[Organism]' target='_blank'>CCNB1</a>
220295_x_at	<a href='https://www.ncbi.nlm.nih.gov/gene?term=DEPDC1[Gene Name] AND Homo sapiens[Organism]' target='_blank'>DEPDC1</a>	-1.01939267118843	8.0180181796599	-9.14542456270828	7.61548292658496e-20	8.7245741673476e-17	34.1417782923118	<a href='https://www.ncbi.nlm.nih.gov/gene?term=DEPDC1[Gene Name] AND Homo sapiens[Organism]' target='_blank'>DEPDC1</a>
204962_s_at	<a href='https://www.ncbi.nlm.nih.gov/gene?term=CENPA[Gene Name] AND Homo sapiens[Organism]' target='_blank'>CENPA</a>	-0.588308658854663	10.0318014580434	-8.95757637552707	3.54290661599937e-19	3.189122083916e-16	32.717316986316	<a href='https://www.ncbi.nlm.nih.gov/gene?term=CENPA[Gene Name] AND Homo sapiens[Organism]' target='_blank'>CENPA</a>
202870_s_at	<a href='https://www.ncbi.nlm.nih.gov/gene?term=CDC20[Gene Name] AND Homo sapiens[Organism]' target='_blank'>CDC20</a>	-0.557994125826054	10.0476752034082	-8.53820994014828	1.43887663255534e-17	1.08428335224918e-14	29.1326770738686	<a href='https://www.ncbi.nlm.nih.gov/gene?term=CDC20[Gene Name] AND Homo sapiens[Organism]' target='_blank'>CDC20</a>
205698_s_at	<a href='https://www.ncbi.nlm.nih.gov/gene?term=MAP2K6[Gene Name] AND Homo sapiens[Organism]' target='_blank'>MAP2K6</a>	1.03580086028637	7.41084101018881	8.52203408487346	1.65415368887679e-17	1.15809137706808e-14	28.9978519296048	<a href='https://www.ncbi.nlm.nih.gov/gene?term=MAP2K6[Gene Name] AND Homo sapiens[Organism]' target='_blank'>MAP2K6</a>
235425_at	<a href='https://www.ncbi.nlm.nih.gov/gene?term=SGO2[Gene Name] AND Homo sapiens[Organism]' target='_blank'>SGO2</a>	-0.77521762838434	8.5602538573165	-7.8335865883506	4.92755899007581e-15	2.58737909970564e-12	23.4966668456129	<a href='https://www.ncbi.nlm.nih.gov/gene?term=SGO2[Gene Name] AND Homo sapiens[Organism]' target='_blank'>SGO2</a>
207165_at	<a href='https://www.ncbi.nlm.nih.gov/gene?term=HMMR[Gene Name] AND Homo sapiens[Organism]' target='_blank'>HMMR</a>	-0.51783796170549	9.90967115297205	-7.5900260785579	3.30903195315407e-14	1.48930073834456e-11	21.6613485803192	<a href='https://www.ncbi.nlm.nih.gov/gene?term=HMMR[Gene Name] AND Homo sapiens[Organism]' target='_blank'>HMMR</a>
222549_at	<a href='https://www.ncbi.nlm.nih.gov/gene?term=CLDN1[Gene Name] AND Homo sapiens[Organism]' target='_blank'>CLDN1</a>	-0.942798398000526	6.6576594725392	-7.12254061928145	1.08799806137811e-12	4.15483380893542e-10	18.3010725512487	<a href='https://www.ncbi.nlm.nih.gov/gene?term=CLDN1[Gene Name] AND Homo sapiens[Organism]' target='_blank'>CLDN1</a>
204798_at	<a href='https://www.ncbi.nlm.nih.gov/gene?term=MYB[Gene Name] AND Homo sapiens[Organism]' target='_blank'>MYB</a>	0.706369301251884	8.38279885569495	6.85170316018708	7.465551289964e-12	2.47581256200333e-09	16.4519936290353	<a href='https://www.ncbi.nlm.nih.gov/gene?term=MYB[Gene Name] AND Homo sapiens[Organism]' target='_blank'>MYB</a>
235709_at	<a href='https://www.ncbi.nlm.nih.gov/gene?term=GAS2L3[Gene Name] AND Homo sapiens[Organism]' target='_blank'>GAS2L3</a>	-0.816460679563717	7.16745844216098	-6.61754024990064	3.72550530898935e-11	1.09183297450893e-08	14.9110749825218	<a href='https://www.ncbi.nlm.nih.gov/gene?term=GAS2L3[Gene Name] AND Homo sapiens[Organism]' target='_blank'>GAS2L3</a>
1552729_at	<a href='https://www.ncbi.nlm.nih.gov/gene?term=SNHG7[Gene Name] AND Homo sapiens[Organism]' target='_blank'>SNHG7</a>	-0.915424654334705	6.32248654900567	-6.50729901235041	7.79502575987347e-11	2.13549814404186e-08	14.2041774342475	<a href='https://www.ncbi.nlm.nih.gov/gene?term=SNHG7[Gene Name] AND Homo sapiens[Organism]' target='_blank'>SNHG7</a>
218755_at	<a href='https://www.ncbi.nlm.nih.gov/gene?term=KIF20A[Gene Name] AND Homo sapiens[Organism]' target='_blank'>KIF20A</a>	-0.550614534084211	9.07320229577736	-6.27049038060132	3.6575061925226e-10	8.69658359210751e-08	12.72584652839	<a href='https://www.ncbi.nlm.nih.gov/gene?term=KIF20A[Gene Name] AND Homo sapiens[Organism]' target='_blank'>KIF20A</a>
218368_s_at	<a href='https://www.ncbi.nlm.nih.gov/gene?term=TNFRSF12A[Gene Name] AND Homo sapiens[Organism]' target='_blank'>TNFRSF12A</a>	-0.515715388873318	9.295612145693	-6.24121049267471	4.41111732934876e-10	1.01070728335369e-07	12.5468666679894	<a href='https://www.ncbi.nlm.nih.gov/gene?term=TNFRSF12A[Gene Name] AND Homo sapiens[Organism]' target='_blank'>TNFRSF12A</a>
225107_at	<a href='https://www.ncbi.nlm.nih.gov/gene?term=HNRNPA2B1[Gene Name] AND Homo sapiens[Organism]' target='_blank'>HNRNPA2B1</a>	0.680465790187673	7.9816480015483	6.06353004747141	1.38671478753878e-09	2.91256329209396e-07	11.4423430506485	<a href='https://www.ncbi.nlm.nih.gov/gene?term=HNRNPA2B1[Gene Name] AND Homo sapiens[Organism]' target='_blank'>HNRNPA2B1</a>
224558_s_at	<a href='https://www.ncbi.nlm.nih.gov/gene?term=MALAT1[Gene Name] AND Homo sapiens[Organism]' target='_blank'>MALAT1</a>	-0.510179855533206	9.21299784710242	-6.03023491242692	1.65999248241907e-09	3.37406859087824e-07	11.2819954461308	<a href='https://www.ncbi.nlm.nih.gov/gene?term=MALAT1[Gene Name] AND Homo sapiens[Organism]' target='_blank'>MALAT1</a>
226431_at	<a href='https://www.ncbi.nlm.nih.gov/gene?term=FAM117B[Gene Name] AND Homo sapiens[Organism]' target='_blank'>FAM117B</a>	0.734851034075787	7.16005389791767	5.95324070864787	2.6636180117251e-09	5.24483034121245e-07	10.831221059634	<a href='https://www.ncbi.nlm.nih.gov/gene?term=FAM117B[Gene Name] AND Homo sapiens[Organism]' target='_blank'>FAM117B</a>
201464_x_at	<a href='https://www.ncbi.nlm.nih.gov/gene?term=JUN[Gene Name] AND Homo sapiens[Organism]' target='_blank'>JUN</a>	-0.56298861705675	8.68849487376529	-5.85903855090494	4.71340286472517e-09	9.13820044634871e-07	10.2875791134853	<a href='https://www.ncbi.nlm.nih.gov/gene?term=JUN[Gene Name] AND Homo sapiens[Organism]' target='_blank'>JUN</a>
242550_at	<a href='https://www.ncbi.nlm.nih.gov/gene?term=EIF3B[Gene Name] AND Homo sapiens[Organism]' target='_blank'>EIF3B</a>	-0.775413455718861	6.47886701028051	-5.68113022179115	1.35281564953136e-08	2.50708570814621e-06	9.28451927202742	<a href='https://www.ncbi.nlm.nih.gov/gene?term=EIF3B[Gene Name] AND Homo sapiens[Organism]' target='_blank'>EIF3B</a>
218858_at	<a href='https://www.ncbi.nlm.nih.gov/gene?term=DEPTOR[Gene Name] AND Homo sapiens[Organism]' target='_blank'>DEPTOR</a>	0.62078943397279	7.99043741527189	5.54436775953123	2.97973341747875e-08	4.8141795547522e-06	8.53446803885352	<a href='https://www.ncbi.nlm.nih.gov/gene?term=DEPTOR[Gene Name] AND Homo sapiens[Organism]' target='_blank'>DEPTOR</a>
221943_x_at	<a href='https://www.ncbi.nlm.nih.gov/gene?term=RPL38[Gene Name] AND Homo sapiens[Organism]' target='_blank'>RPL38</a>	-0.575727626065031	8.3351564457678	-5.52390256116673	3.34824948340421e-08	5.34109366960252e-06	8.42380206299065	<a href='https://www.ncbi.nlm.nih.gov/gene?term=RPL38[Gene Name] AND Homo sapiens[Organism]' target='_blank'>RPL38</a>
202769_at	<a href='https://www.ncbi.nlm.nih.gov/gene?term=CCNG2[Gene Name] AND Homo sapiens[Organism]' target='_blank'>CCNG2</a>	0.577550967349248	8.29350852009601	5.48926974470207	4.07487324885213e-08	6.41894408525432e-06	8.23745667544512	<a href='https://www.ncbi.nlm.nih.gov/gene?term=CCNG2[Gene Name] AND Homo sapiens[Organism]' target='_blank'>CCNG2</a>
212242_at	<a href='https://www.ncbi.nlm.nih.gov/gene?term=TUBA4A[Gene Name] AND Homo sapiens[Organism]' target='_blank'>TUBA4A</a>	0.576511283037329	8.28513608415867	5.46923753351368	4.56268665114687e-08	6.92758761177745e-06	8.13020633174947	<a href='https://www.ncbi.nlm.nih.gov/gene?term=TUBA4A[Gene Name] AND Homo sapiens[Organism]' target='_blank'>TUBA4A</a>
201289_at	<a href='https://www.ncbi.nlm.nih.gov/gene?term=CCN1[Gene Name] AND Homo sapiens[Organism]' target='_blank'>CCN1</a>	-0.51249177840762	8.78407863076401	-5.45098970014288	5.05598905622463e-08	7.49594989253445e-06	8.03285063166148	<a href='https://www.ncbi.nlm.nih.gov/gene?term=CCN1[Gene Name] AND Homo sapiens[Organism]' target='_blank'>CCN1</a>
204318_s_at	<a href='https://www.ncbi.nlm.nih.gov/gene?term=GTSE1[Gene Name] AND Homo sapiens[Organism]' target='_blank'>GTSE1</a>	-0.669536019651836	7.18858883124082	-5.43408598608361	5.55881937195136e-08	8.14560950294547e-06	7.94295636520547	<a href='https://www.ncbi.nlm.nih.gov/gene?term=GTSE1[Gene Name] AND Homo sapiens[Organism]' target='_blank'>GTSE1</a>
1555878_at	<a href='https://www.ncbi.nlm.nih.gov/gene?term=RPS24[Gene Name] AND Homo sapiens[Organism]' target='_blank'>RPS24</a>	0.653228436257702	7.22643929270549	5.30749636685224	1.16125238455565e-07	1.5735594139968e-05	7.24049858973885	<a href='https://www.ncbi.nlm.nih.gov/gene?term=RPS24[Gene Name] AND Homo sapiens[Organism]' target='_blank'>RPS24</a>
204141_at	<a href='https://www.ncbi.nlm.nih.gov/gene?term=TUBB2A[Gene Name] AND Homo sapiens[Organism]' target='_blank'>TUBB2A</a>	0.528375071202968	8.41629223797697	5.16496166010153	2.42316896767129e-07	3.02344310203897e-05	6.54935615965473	<a href='https://www.ncbi.nlm.nih.gov/gene?term=TUBB2A[Gene Name] AND Homo sapiens[Organism]' target='_blank'>TUBB2A</a>
202887_s_at	<a href='https://www.ncbi.nlm.nih.gov/gene?term=DDIT4[Gene Name] AND Homo sapiens[Organism]' target='_blank'>DDIT4</a>	0.545289531637065	8.15459240469621	5.02982034719519	4.94308421425614e-07	5.82175208112672e-05	5.87624858204761	<a href='https://www.ncbi.nlm.nih.gov/gene?term=DDIT4[Gene Name] AND Homo sapiens[Organism]' target='_blank'>DDIT4</a>
1555800_at	<a href='https://www.ncbi.nlm.nih.gov/gene?term=ZNF385B[Gene Name] AND Homo sapiens[Organism]' target='_blank'>ZNF385B</a>	0.550276556984731	8.10296025669044	5.02348141405552	5.10896399122016e-07	5.96140409419968e-05	5.84511398195908	<a href='https://www.ncbi.nlm.nih.gov/gene?term=ZNF385B[Gene Name] AND Homo sapiens[Organism]' target='_blank'>ZNF385B</a>
221606_s_at	<a href='https://www.ncbi.nlm.nih.gov/gene?term=HMGN5[Gene Name] AND Homo sapiens[Organism]' target='_blank'>HMGN5</a>	0.633949866300151	6.96236863814322	5.01802679035923	5.25598875701288e-07	6.07669452439232e-05	5.81835422625175	<a href='https://www.ncbi.nlm.nih.gov/gene?term=HMGN5[Gene Name] AND Homo sapiens[Organism]' target='_blank'>HMGN5</a>
214218_s_at	<a href='https://www.ncbi.nlm.nih.gov/gene?term=XIST[Gene Name] AND Homo sapiens[Organism]' target='_blank'>XIST</a>	0.528096820401437	8.25988094392754	4.9775065199138	6.6105623992741e-07	7.37223958899577e-05	5.59830041232332	<a href='https://www.ncbi.nlm.nih.gov/gene?term=XIST[Gene Name] AND Homo sapiens[Organism]' target='_blank'>XIST</a>
242922_at	<a href='https://www.ncbi.nlm.nih.gov/gene?term=NOMO3[Gene Name] AND Homo sapiens[Organism]' target='_blank'>NOMO3</a>	-0.652869155129524	6.55147309681223	-4.84574316845007	1.26888058598184e-06	0.000132152340037547	4.98811101982203	<a href='https://www.ncbi.nlm.nih.gov/gene?term=NOMO3[Gene Name] AND Homo sapiens[Organism]' target='_blank'>NOMO3</a>
209859_at	<a href='https://www.ncbi.nlm.nih.gov/gene?term=TRIM9[Gene Name] AND Homo sapiens[Organism]' target='_blank'>TRIM9</a>	0.526316387611267	7.97758546088321	4.68912620247314	2.75810542154462e-06	0.000273682240333113	4.2585326393644	<a href='https://www.ncbi.nlm.nih.gov/gene?term=TRIM9[Gene Name] AND Homo sapiens[Organism]' target='_blank'>TRIM9</a>
215450_at	<a href='https://www.ncbi.nlm.nih.gov/gene?term=SNRPE[Gene Name] AND Homo sapiens[Organism]' target='_blank'>SNRPE</a>	-0.511876594802274	8.09774065430829	-4.66803380121375	3.05660515073561e-06	0.000294040748928017	4.16210789800599	<a href='https://www.ncbi.nlm.nih.gov/gene?term=SNRPE[Gene Name] AND Homo sapiens[Organism]' target='_blank'>SNRPE</a>
223227_at	<a href='https://www.ncbi.nlm.nih.gov/gene?term=BBS2[Gene Name] AND Homo sapiens[Organism]' target='_blank'>BBS2</a>	0.576922218609677	6.94845713647004	4.55736819852767	5.20416245846655e-06	0.000465126633344648	3.66331948583905	<a href='https://www.ncbi.nlm.nih.gov/gene?term=BBS2[Gene Name] AND Homo sapiens[Organism]' target='_blank'>BBS2</a>
212724_at	<a href='https://www.ncbi.nlm.nih.gov/gene?term=RND3[Gene Name] AND Homo sapiens[Organism]' target='_blank'>RND3</a>	-0.591184058934148	6.7775429364223	-4.55142997295955	5.35312980653813e-06	0.000475071421281644	3.63689319733608	<a href='https://www.ncbi.nlm.nih.gov/gene?term=RND3[Gene Name] AND Homo sapiens[Organism]' target='_blank'>RND3</a>
226766_at	<a href='https://www.ncbi.nlm.nih.gov/gene?term=ROBO2[Gene Name] AND Homo sapiens[Organism]' target='_blank'>ROBO2</a>	0.547132293169241	7.06357422273823	4.39157889766692	1.12988626884365e-05	0.000918633984514047	2.93847165616615	<a href='https://www.ncbi.nlm.nih.gov/gene?term=ROBO2[Gene Name] AND Homo sapiens[Organism]' target='_blank'>ROBO2</a>
222158_s_at	<a href='https://www.ncbi.nlm.nih.gov/gene?term=DESI2[Gene Name] AND Homo sapiens[Organism]' target='_blank'>DESI2</a>	-0.505376957560466	7.79121864294417	-4.35048688128255	1.36369082997811e-05	0.00105430870180271	2.76296648198688	<a href='https://www.ncbi.nlm.nih.gov/gene?term=DESI2[Gene Name] AND Homo sapiens[Organism]' target='_blank'>DESI2</a>
229414_at	<a href='https://www.ncbi.nlm.nih.gov/gene?term=PITPNC1[Gene Name] AND Homo sapiens[Organism]' target='_blank'>PITPNC1</a>	0.561469989363854	6.72668276546557	4.28855835380987	1.8050524402216e-05	0.00131487114749553	2.50158494722838	<a href='https://www.ncbi.nlm.nih.gov/gene?term=PITPNC1[Gene Name] AND Homo sapiens[Organism]' target='_blank'>PITPNC1</a>
203543_s_at	<a href='https://www.ncbi.nlm.nih.gov/gene?term=KLF9[Gene Name] AND Homo sapiens[Organism]' target='_blank'>KLF9</a>	0.555273202998497	6.7655661777179	4.26705837862673	1.98789832708346e-05	0.00143151398388033	2.411716408122	<a href='https://www.ncbi.nlm.nih.gov/gene?term=KLF9[Gene Name] AND Homo sapiens[Organism]' target='_blank'>KLF9</a>
225341_at	<a href='https://www.ncbi.nlm.nih.gov/gene?term=MTERF2[Gene Name] AND Homo sapiens[Organism]' target='_blank'>MTERF2</a>	0.501299326240026	7.70839931480987	4.25729064027229	2.07667492410614e-05	0.00147854561545681	2.37103709202341	<a href='https://www.ncbi.nlm.nih.gov/gene?term=MTERF2[Gene Name] AND Homo sapiens[Organism]' target='_blank'>MTERF2</a>
212454_x_at	<a href='https://www.ncbi.nlm.nih.gov/gene?term=HNRNPDL[Gene Name] AND Homo sapiens[Organism]' target='_blank'>HNRNPDL</a>	0.51804181831482	7.34727303697356	4.24548377026016	2.18902712600329e-05	0.00152013678879321	2.32198993478334	<a href='https://www.ncbi.nlm.nih.gov/gene?term=HNRNPDL[Gene Name] AND Homo sapiens[Organism]' target='_blank'>HNRNPDL</a>
227442_at	<a href='https://www.ncbi.nlm.nih.gov/gene?term=COX18[Gene Name] AND Homo sapiens[Organism]' target='_blank'>COX18</a>	0.566545454713358	6.5942546373269	4.23554946402373	2.28801987491562e-05	0.00156704491650471	2.28082715357391	<a href='https://www.ncbi.nlm.nih.gov/gene?term=COX18[Gene Name] AND Homo sapiens[Organism]' target='_blank'>COX18</a>
219368_at	<a href='https://www.ncbi.nlm.nih.gov/gene?term=NAP1L2[Gene Name] AND Homo sapiens[Organism]' target='_blank'>NAP1L2</a>	0.501995752813473	7.63372659641031	4.21778330177827	2.47576716538488e-05	0.00167739880742905	2.20745352594593	<a href='https://www.ncbi.nlm.nih.gov/gene?term=NAP1L2[Gene Name] AND Homo sapiens[Organism]' target='_blank'>NAP1L2</a>
204284_at	<a href='https://www.ncbi.nlm.nih.gov/gene?term=PPP1R3C[Gene Name] AND Homo sapiens[Organism]' target='_blank'>PPP1R3C</a>	0.5314524799672	6.95362104205255	4.2013454503246	2.66245625427381e-05	0.00177525257758511	2.13984046388006	<a href='https://www.ncbi.nlm.nih.gov/gene?term=PPP1R3C[Gene Name] AND Homo sapiens[Organism]' target='_blank'>PPP1R3C</a>
226671_at	<a href='https://www.ncbi.nlm.nih.gov/gene?term=LAMP2[Gene Name] AND Homo sapiens[Organism]' target='_blank'>LAMP2</a>	0.519683915050273	7.08720663123744	4.181747544587	2.90254114792123e-05	0.0018757858228771	2.05957432901714	<a href='https://www.ncbi.nlm.nih.gov/gene?term=LAMP2[Gene Name] AND Homo sapiens[Organism]' target='_blank'>LAMP2</a>
238026_at	<a href='https://www.ncbi.nlm.nih.gov/gene?term=RPL35A[Gene Name] AND Homo sapiens[Organism]' target='_blank'>RPL35A</a>	0.559678846846109	6.58413698605264	4.17706903762581	2.96282534630601e-05	0.00189832958400732	2.04046829803233	<a href='https://www.ncbi.nlm.nih.gov/gene?term=RPL35A[Gene Name] AND Homo sapiens[Organism]' target='_blank'>RPL35A</a>
238794_at	<a href='https://www.ncbi.nlm.nih.gov/gene?term=SFR1[Gene Name] AND Homo sapiens[Organism]' target='_blank'>SFR1</a>	0.551107049371947	6.65994144839162	4.16496895882761	3.12430709481296e-05	0.00195883174173298	1.99115332904974	<a href='https://www.ncbi.nlm.nih.gov/gene?term=SFR1[Gene Name] AND Homo sapiens[Organism]' target='_blank'>SFR1</a>
1556047_s_at	<a href='https://www.ncbi.nlm.nih.gov/gene?term=MAGEE1[Gene Name] AND Homo sapiens[Organism]' target='_blank'>MAGEE1</a>	0.562226961748542	6.52921922381547	4.15642012580574	3.24340036421132e-05	0.00201346460048232	1.95639802714542	<a href='https://www.ncbi.nlm.nih.gov/gene?term=MAGEE1[Gene Name] AND Homo sapiens[Organism]' target='_blank'>MAGEE1</a>
205042_at	<a href='https://www.ncbi.nlm.nih.gov/gene?term=GNE[Gene Name] AND Homo sapiens[Organism]' target='_blank'>GNE</a>	0.520076850802533	7.03323048965184	4.1574161482647	3.22930602896712e-05	0.00201346460048232	1.96044368360043	<a href='https://www.ncbi.nlm.nih.gov/gene?term=GNE[Gene Name] AND Homo sapiens[Organism]' target='_blank'>GNE</a>
212936_at	<a href='https://www.ncbi.nlm.nih.gov/gene?term=ARB2A[Gene Name] AND Homo sapiens[Organism]' target='_blank'>ARB2A</a>	0.524353888096982	6.959238046614	4.14862566621922	3.35573263966716e-05	0.00206287525488222	1.92477186864709	<a href='https://www.ncbi.nlm.nih.gov/gene?term=ARB2A[Gene Name] AND Homo sapiens[Organism]' target='_blank'>ARB2A</a>
204739_at	<a href='https://www.ncbi.nlm.nih.gov/gene?term=CENPC[Gene Name] AND Homo sapiens[Organism]' target='_blank'>CENPC</a>	0.566841982540403	6.40821838198819	4.09818278172273	4.17708924587673e-05	0.00244835714774598	1.72153419163918	<a href='https://www.ncbi.nlm.nih.gov/gene?term=CENPC[Gene Name] AND Homo sapiens[Organism]' target='_blank'>CENPC</a>
235026_at	<a href='https://www.ncbi.nlm.nih.gov/gene?term=KICS2[Gene Name] AND Homo sapiens[Organism]' target='_blank'>KICS2</a>	0.533793004693172	6.65653109332588	4.03190236906932	5.54898489120598e-05	0.00304637939505022	1.45826581230333	<a href='https://www.ncbi.nlm.nih.gov/gene?term=KICS2[Gene Name] AND Homo sapiens[Organism]' target='_blank'>KICS2</a>
224655_at	<a href='https://www.ncbi.nlm.nih.gov/gene?term=AK3[Gene Name] AND Homo sapiens[Organism]' target='_blank'>AK3</a>	0.510441889806422	6.91922501687109	4.01505486776504	5.96039606216405e-05	0.00319629409256985	1.39203110916107	<a href='https://www.ncbi.nlm.nih.gov/gene?term=AK3[Gene Name] AND Homo sapiens[Organism]' target='_blank'>AK3</a>
228173_at	<a href='https://www.ncbi.nlm.nih.gov/gene?term=GNAS[Gene Name] AND Homo sapiens[Organism]' target='_blank'>GNAS</a>	-0.52306954779277	6.58657779936256	-3.90545157246922	9.42946953407416e-05	0.00439934245825053	0.967905042149837	<a href='https://www.ncbi.nlm.nih.gov/gene?term=GNAS[Gene Name] AND Homo sapiens[Organism]' target='_blank'>GNAS</a>
229399_at	<a href='https://www.ncbi.nlm.nih.gov/gene?term=CCDC186[Gene Name] AND Homo sapiens[Organism]' target='_blank'>CCDC186</a>	0.525219999715691	6.56108121171579	3.90465464171882	9.46057614811851e-05	0.00439934245825053	0.964864185641971	<a href='https://www.ncbi.nlm.nih.gov/gene?term=CCDC186[Gene Name] AND Homo sapiens[Organism]' target='_blank'>CCDC186</a>
219551_at	<a href='https://www.ncbi.nlm.nih.gov/gene?term=EAF2[Gene Name] AND Homo sapiens[Organism]' target='_blank'>EAF2</a>	0.51290635274225	6.67948405483057	3.88849521954367	0.000101126241420358	0.00456241618974001	0.903338387373581	<a href='https://www.ncbi.nlm.nih.gov/gene?term=EAF2[Gene Name] AND Homo sapiens[Organism]' target='_blank'>EAF2</a>
220992_s_at	<a href='https://www.ncbi.nlm.nih.gov/gene?term=TRMT1L[Gene Name] AND Homo sapiens[Organism]' target='_blank'>TRMT1L</a>	0.533494423115573	6.44812209704238	3.8861484913921	0.000102107723177842	0.00456241618974001	0.894424612095793	<a href='https://www.ncbi.nlm.nih.gov/gene?term=TRMT1L[Gene Name] AND Homo sapiens[Organism]' target='_blank'>TRMT1L</a>
226775_at	<a href='https://www.ncbi.nlm.nih.gov/gene?term=ENY2[Gene Name] AND Homo sapiens[Organism]' target='_blank'>ENY2</a>	0.51416130345978	6.66045287445619	3.88607325225841	0.000102139339023585	0.00456241618974001	0.894138913983289	<a href='https://www.ncbi.nlm.nih.gov/gene?term=ENY2[Gene Name] AND Homo sapiens[Organism]' target='_blank'>ENY2</a>
204291_at	<a href='https://www.ncbi.nlm.nih.gov/gene?term=ZNF518A[Gene Name] AND Homo sapiens[Organism]' target='_blank'>ZNF518A</a>	0.526835001714402	6.50272407844081	3.87638478015652	0.000106288588872829	0.00468338740201187	0.857396053785593	<a href='https://www.ncbi.nlm.nih.gov/gene?term=ZNF518A[Gene Name] AND Homo sapiens[Organism]' target='_blank'>ZNF518A</a>
219317_at	<a href='https://www.ncbi.nlm.nih.gov/gene?term=POLI[Gene Name] AND Homo sapiens[Organism]' target='_blank'>POLI</a>	0.527770330770685	6.4930240471276	3.87654380652171	0.000106219217295467	0.00468338740201187	0.857998409893304	<a href='https://www.ncbi.nlm.nih.gov/gene?term=POLI[Gene Name] AND Homo sapiens[Organism]' target='_blank'>POLI</a>
242722_at	<a href='https://www.ncbi.nlm.nih.gov/gene?term=LMO7[Gene Name] AND Homo sapiens[Organism]' target='_blank'>LMO7</a>	-0.510634598007568	6.67666864486022	-3.86951640234711	0.000109325890978243	0.00473444975294785	0.831403764569619	<a href='https://www.ncbi.nlm.nih.gov/gene?term=LMO7[Gene Name] AND Homo sapiens[Organism]' target='_blank'>LMO7</a>
222698_s_at	<a href='https://www.ncbi.nlm.nih.gov/gene?term=IMPACT[Gene Name] AND Homo sapiens[Organism]' target='_blank'>IMPACT</a>	0.502897777490817	6.64020017897413	3.78855788489947	0.00015187639798064	0.00617402053984526	0.528502892578501	<a href='https://www.ncbi.nlm.nih.gov/gene?term=IMPACT[Gene Name] AND Homo sapiens[Organism]' target='_blank'>IMPACT</a>
216202_s_at	<a href='https://www.ncbi.nlm.nih.gov/gene?term=SPTLC2[Gene Name] AND Homo sapiens[Organism]' target='_blank'>SPTLC2</a>	0.51334219571257	6.51799275045877	3.78742269227168	0.000152571343900575	0.00618232821811911	0.524301175395611	<a href='https://www.ncbi.nlm.nih.gov/gene?term=SPTLC2[Gene Name] AND Homo sapiens[Organism]' target='_blank'>SPTLC2</a>
