"probeID","gene_symbol","logFC","AveExpr","t","P.Value","adj.P.Val","B","url"
"203725_at","<a href='https://www.ncbi.nlm.nih.gov/gene?term=GADD45A[Gene Name] AND Homo sapiens[Organism]' target='_blank'>GADD45A</a>",-1.4705259105148,10.4877390486584,-29.8625695961362,1.05862547703129e-08,0.000212508478259261,9.0073367381038,"<a href='https://www.ncbi.nlm.nih.gov/gene?term=GADD45A[Gene Name] AND Homo sapiens[Organism]' target='_blank'>GADD45A</a>"
"205476_at","<a href='https://www.ncbi.nlm.nih.gov/gene?term=CCL20[Gene Name] AND Homo sapiens[Organism]' target='_blank'>CCL20</a>",-1.19167840649133,10.2385891202629,-23.1212220153692,6.35574629230171e-08,0.000318963127679161,8.08200008198294,"<a href='https://www.ncbi.nlm.nih.gov/gene?term=CCL20[Gene Name] AND Homo sapiens[Organism]' target='_blank'>CCL20</a>"
"209806_at","<a href='https://www.ncbi.nlm.nih.gov/gene?term=H2BC12[Gene Name] AND Homo sapiens[Organism]' target='_blank'>H2BC12</a>",-1.83922194543894,9.14139206881777,-25.4953380544938,3.20788082371377e-08,0.000318963127679161,8.46515108808462,"<a href='https://www.ncbi.nlm.nih.gov/gene?term=H2BC12[Gene Name] AND Homo sapiens[Organism]' target='_blank'>H2BC12</a>"
"221577_x_at","<a href='https://www.ncbi.nlm.nih.gov/gene?term=GDF15[Gene Name] AND Homo sapiens[Organism]' target='_blank'>GDF15</a>",-2.71115359215806,9.11834408517124,-23.4036423688017,5.83871143172943e-08,0.000318963127679161,8.13158584370515,"<a href='https://www.ncbi.nlm.nih.gov/gene?term=GDF15[Gene Name] AND Homo sapiens[Organism]' target='_blank'>GDF15</a>"
"218627_at","<a href='https://www.ncbi.nlm.nih.gov/gene?term=DRAM1[Gene Name] AND Homo sapiens[Organism]' target='_blank'>DRAM1</a>",-1.17678697728076,9.47650539866002,-18.061658807223,3.54890751049066e-07,0.00101772527665128,6.95440201939224,"<a href='https://www.ncbi.nlm.nih.gov/gene?term=DRAM1[Gene Name] AND Homo sapiens[Organism]' target='_blank'>DRAM1</a>"
"202859_x_at","<a href='https://www.ncbi.nlm.nih.gov/gene?term=CXCL8[Gene Name] AND Homo sapiens[Organism]' target='_blank'>CXCL8</a>",-2.64357041776961,7.10195669421214,-17.6933774744581,4.0938304185606e-07,0.00102724439777732,6.85055902025391,"<a href='https://www.ncbi.nlm.nih.gov/gene?term=CXCL8[Gene Name] AND Homo sapiens[Organism]' target='_blank'>CXCL8</a>"
"202284_s_at","<a href='https://www.ncbi.nlm.nih.gov/gene?term=CDKN1A[Gene Name] AND Homo sapiens[Organism]' target='_blank'>CDKN1A</a>",-1.68857941838535,9.35168540800047,-17.3709476769448,4.65016875842143e-07,0.00103719430729502,6.7566638421142,"<a href='https://www.ncbi.nlm.nih.gov/gene?term=CDKN1A[Gene Name] AND Homo sapiens[Organism]' target='_blank'>CDKN1A</a>"
"206029_at","<a href='https://www.ncbi.nlm.nih.gov/gene?term=ANKRD1[Gene Name] AND Homo sapiens[Organism]' target='_blank'>ANKRD1</a>",-1.75687513399894,8.72878455025609,-16.1360671534679,7.74330155988666e-07,0.00141308214102877,6.36928520001357,"<a href='https://www.ncbi.nlm.nih.gov/gene?term=ANKRD1[Gene Name] AND Homo sapiens[Organism]' target='_blank'>ANKRD1</a>"
"202393_s_at","<a href='https://www.ncbi.nlm.nih.gov/gene?term=KLF10[Gene Name] AND Homo sapiens[Organism]' target='_blank'>KLF10</a>",-1.05664791043959,9.68866306712059,-15.5655456449346,9.92563928869182e-07,0.00152594924818481,6.17412656222684,"<a href='https://www.ncbi.nlm.nih.gov/gene?term=KLF10[Gene Name] AND Homo sapiens[Organism]' target='_blank'>KLF10</a>"
"219099_at","<a href='https://www.ncbi.nlm.nih.gov/gene?term=TIGAR[Gene Name] AND Homo sapiens[Organism]' target='_blank'>TIGAR</a>",-0.892637445587724,10.1483018492248,-15.4088423697928,1.06422683444193e-06,0.00152594924818481,6.11858604467274,"<a href='https://www.ncbi.nlm.nih.gov/gene?term=TIGAR[Gene Name] AND Homo sapiens[Organism]' target='_blank'>TIGAR</a>"
"201041_s_at","<a href='https://www.ncbi.nlm.nih.gov/gene?term=DUSP1[Gene Name] AND Homo sapiens[Organism]' target='_blank'>DUSP1</a>",-0.939759722040602,9.5458002738758,-13.5400007897032,2.58467744688575e-06,0.00263547519206932,5.38443006927188,"<a href='https://www.ncbi.nlm.nih.gov/gene?term=DUSP1[Gene Name] AND Homo sapiens[Organism]' target='_blank'>DUSP1</a>"
"204285_s_at","<a href='https://www.ncbi.nlm.nih.gov/gene?term=PMAIP1[Gene Name] AND Homo sapiens[Organism]' target='_blank'>PMAIP1</a>",-0.862257915038175,9.7813752762157,-13.8229933724434,2.24363811326033e-06,0.00263547519206932,5.50475952511924,"<a href='https://www.ncbi.nlm.nih.gov/gene?term=PMAIP1[Gene Name] AND Homo sapiens[Organism]' target='_blank'>PMAIP1</a>"
"204780_s_at","<a href='https://www.ncbi.nlm.nih.gov/gene?term=FAS[Gene Name] AND Homo sapiens[Organism]' target='_blank'>FAS</a>",-2.33455513427125,7.13406611245039,-13.4741677871888,2.6722336640324e-06,0.00263547519206932,5.35592890774558,"<a href='https://www.ncbi.nlm.nih.gov/gene?term=FAS[Gene Name] AND Homo sapiens[Organism]' target='_blank'>FAS</a>"
"218368_s_at","<a href='https://www.ncbi.nlm.nih.gov/gene?term=TNFRSF12A[Gene Name] AND Homo sapiens[Organism]' target='_blank'>TNFRSF12A</a>",-0.795248624413475,10.5403171460812,-13.4126934626348,2.757047874537e-06,0.00263547519206932,5.32913823769236,"<a href='https://www.ncbi.nlm.nih.gov/gene?term=TNFRSF12A[Gene Name] AND Homo sapiens[Organism]' target='_blank'>TNFRSF12A</a>"
"36711_at","<a href='https://www.ncbi.nlm.nih.gov/gene?term=MAFF[Gene Name] AND Homo sapiens[Organism]' target='_blank'>MAFF</a>",-0.787434658904711,9.94424018839972,-13.5336733085524,2.59294964529624e-06,0.00263547519206932,5.38169915239249,"<a href='https://www.ncbi.nlm.nih.gov/gene?term=MAFF[Gene Name] AND Homo sapiens[Organism]' target='_blank'>MAFF</a>"
"1559992_a_at","<a href='https://www.ncbi.nlm.nih.gov/gene?term=LINC00645[Gene Name] AND Homo sapiens[Organism]' target='_blank'>LINC00645</a>",0.922877148690473,9.18585112733158,12.9015448667452,3.5939626435689e-06,0.00268830890747421,5.09958658327551,"<a href='https://www.ncbi.nlm.nih.gov/gene?term=LINC00645[Gene Name] AND Homo sapiens[Organism]' target='_blank'>LINC00645</a>"
"205767_at","<a href='https://www.ncbi.nlm.nih.gov/gene?term=EREG[Gene Name] AND Homo sapiens[Organism]' target='_blank'>EREG</a>",-1.29323133063319,8.36786266146887,-12.8191907255217,3.75420524425951e-06,0.00268830890747421,5.06143442378722,"<a href='https://www.ncbi.nlm.nih.gov/gene?term=EREG[Gene Name] AND Homo sapiens[Organism]' target='_blank'>EREG</a>"
"209921_at","<a href='https://www.ncbi.nlm.nih.gov/gene?term=SLC7A11[Gene Name] AND Homo sapiens[Organism]' target='_blank'>SLC7A11</a>",-0.755556817909721,9.78145586671073,-12.9828604037449,3.44332309342048e-06,0.00268830890747421,5.13693349242251,"<a href='https://www.ncbi.nlm.nih.gov/gene?term=SLC7A11[Gene Name] AND Homo sapiens[Organism]' target='_blank'>SLC7A11</a>"
"210609_s_at","<a href='https://www.ncbi.nlm.nih.gov/gene?term=TP53I3[Gene Name] AND Homo sapiens[Organism]' target='_blank'>TP53I3</a>",-1.24970045841355,8.80191145935201,-12.916723616164,3.56528407044797e-06,0.00268830890747421,5.10658227613025,"<a href='https://www.ncbi.nlm.nih.gov/gene?term=TP53I3[Gene Name] AND Homo sapiens[Organism]' target='_blank'>TP53I3</a>"
"214974_x_at","<a href='https://www.ncbi.nlm.nih.gov/gene?term=CXCL5[Gene Name] AND Homo sapiens[Organism]' target='_blank'>CXCL5</a>",-1.04716916915575,9.37469756394518,-12.7555149506344,3.88367830610502e-06,0.00268830890747421,5.03170661368128,"<a href='https://www.ncbi.nlm.nih.gov/gene?term=CXCL5[Gene Name] AND Homo sapiens[Organism]' target='_blank'>CXCL5</a>"
"218403_at","<a href='https://www.ncbi.nlm.nih.gov/gene?term=TRIAP1[Gene Name] AND Homo sapiens[Organism]' target='_blank'>TRIAP1</a>",-0.54405454101879,11.1190155453096,-12.8751584409951,3.64444297541514e-06,0.00268830890747421,5.08739869472946,"<a href='https://www.ncbi.nlm.nih.gov/gene?term=TRIAP1[Gene Name] AND Homo sapiens[Organism]' target='_blank'>TRIAP1</a>"
"201464_x_at","<a href='https://www.ncbi.nlm.nih.gov/gene?term=JUN[Gene Name] AND Homo sapiens[Organism]' target='_blank'>JUN</a>",-0.726597626252991,10.3770618881676,-12.6214922245932,4.17311296348345e-06,0.00279236898763223,4.96847629790142,"<a href='https://www.ncbi.nlm.nih.gov/gene?term=JUN[Gene Name] AND Homo sapiens[Organism]' target='_blank'>JUN</a>"
"210538_s_at","<a href='https://www.ncbi.nlm.nih.gov/gene?term=BIRC3[Gene Name] AND Homo sapiens[Organism]' target='_blank'>BIRC3</a>",-1.64004806136814,7.6110992172878,-12.2724409776637,5.04919866483451e-06,0.00299454214331685,4.79949073206965,"<a href='https://www.ncbi.nlm.nih.gov/gene?term=BIRC3[Gene Name] AND Homo sapiens[Organism]' target='_blank'>BIRC3</a>"
"227522_at","<a href='https://www.ncbi.nlm.nih.gov/gene?term=CMBL[Gene Name] AND Homo sapiens[Organism]' target='_blank'>CMBL</a>",-0.946979773613384,10.1683321257743,-12.2643128403464,5.07195540862673e-06,0.00299454214331685,4.79547982652761,"<a href='https://www.ncbi.nlm.nih.gov/gene?term=CMBL[Gene Name] AND Homo sapiens[Organism]' target='_blank'>CMBL</a>"
"205132_at","<a href='https://www.ncbi.nlm.nih.gov/gene?term=ACTC1[Gene Name] AND Homo sapiens[Organism]' target='_blank'>ACTC1</a>",-1.10631590111636,9.09413469008867,-12.2083575661859,5.23181469165353e-06,0.00300066994629294,4.76777270488899,"<a href='https://www.ncbi.nlm.nih.gov/gene?term=ACTC1[Gene Name] AND Homo sapiens[Organism]' target='_blank'>ACTC1</a>"
"201540_at","<a href='https://www.ncbi.nlm.nih.gov/gene?term=FHL1[Gene Name] AND Homo sapiens[Organism]' target='_blank'>FHL1</a>",-0.719858037786477,9.90342331597127,-11.9411889581423,6.07845558395636e-06,0.00325717792263856,4.6331460343571,"<a href='https://www.ncbi.nlm.nih.gov/gene?term=FHL1[Gene Name] AND Homo sapiens[Organism]' target='_blank'>FHL1</a>"
"209295_at","<a href='https://www.ncbi.nlm.nih.gov/gene?term=TNFRSF10B[Gene Name] AND Homo sapiens[Organism]' target='_blank'>TNFRSF10B</a>",-0.678201748778784,10.438869786067,-11.8704191411055,6.32808304189019e-06,0.00325717792263856,4.59682647791514,"<a href='https://www.ncbi.nlm.nih.gov/gene?term=TNFRSF10B[Gene Name] AND Homo sapiens[Organism]' target='_blank'>TNFRSF10B</a>"
"209875_s_at","<a href='https://www.ncbi.nlm.nih.gov/gene?term=SPP1[Gene Name] AND Homo sapiens[Organism]' target='_blank'>SPP1</a>",-0.557131454725756,10.7773082798463,-11.8946740837156,6.24124017938562e-06,0.00325717792263856,4.60930580352158,"<a href='https://www.ncbi.nlm.nih.gov/gene?term=SPP1[Gene Name] AND Homo sapiens[Organism]' target='_blank'>SPP1</a>"
"225912_at","<a href='https://www.ncbi.nlm.nih.gov/gene?term=TP53INP1[Gene Name] AND Homo sapiens[Organism]' target='_blank'>TP53INP1</a>",-1.02078633523395,9.71913836019215,-11.6680777734017,7.10850142493508e-06,0.00356740144010367,4.4914229412318,"<a href='https://www.ncbi.nlm.nih.gov/gene?term=TP53INP1[Gene Name] AND Homo sapiens[Organism]' target='_blank'>TP53INP1</a>"
"202672_s_at","<a href='https://www.ncbi.nlm.nih.gov/gene?term=ATF3[Gene Name] AND Homo sapiens[Organism]' target='_blank'>ATF3</a>",-2.11218827503805,6.07463907142242,-11.5156318622149,7.76891631082827e-06,0.00365163721869142,4.41045262416238,"<a href='https://www.ncbi.nlm.nih.gov/gene?term=ATF3[Gene Name] AND Homo sapiens[Organism]' target='_blank'>ATF3</a>"
"205780_at","<a href='https://www.ncbi.nlm.nih.gov/gene?term=BIK[Gene Name] AND Homo sapiens[Organism]' target='_blank'>BIK</a>",-1.35016764003988,8.24983034486419,-11.5383154859301,7.66637578309885e-06,0.00365163721869142,4.42258697726647,"<a href='https://www.ncbi.nlm.nih.gov/gene?term=BIK[Gene Name] AND Homo sapiens[Organism]' target='_blank'>BIK</a>"
"204566_at","<a href='https://www.ncbi.nlm.nih.gov/gene?term=PPM1D[Gene Name] AND Homo sapiens[Organism]' target='_blank'>PPM1D</a>",-0.694463951872606,9.77670371072888,-11.3874138735614,8.37862434764252e-06,0.00382255693533127,4.34128998277742,"<a href='https://www.ncbi.nlm.nih.gov/gene?term=PPM1D[Gene Name] AND Homo sapiens[Organism]' target='_blank'>PPM1D</a>"
"205525_at","<a href='https://www.ncbi.nlm.nih.gov/gene?term=CALD1[Gene Name] AND Homo sapiens[Organism]' target='_blank'>CALD1</a>",-2.03048470860239,6.95132462989478,-11.0559062211727,1.02232425352723e-05,0.00455846284843917,4.15784399933774,"<a href='https://www.ncbi.nlm.nih.gov/gene?term=CALD1[Gene Name] AND Homo sapiens[Organism]' target='_blank'>CALD1</a>"
"205626_s_at","<a href='https://www.ncbi.nlm.nih.gov/gene?term=CALB1[Gene Name] AND Homo sapiens[Organism]' target='_blank'>CALB1</a>",0.575899262366834,10.3411921436469,10.9590867479553,1.08459931713517e-05,0.00455846284843917,4.10297421632674,"<a href='https://www.ncbi.nlm.nih.gov/gene?term=CALB1[Gene Name] AND Homo sapiens[Organism]' target='_blank'>CALB1</a>"
"215071_s_at","<a href='https://www.ncbi.nlm.nih.gov/gene?term=H2AC6[Gene Name] AND Homo sapiens[Organism]' target='_blank'>H2AC6</a>",-1.84559899498971,7.20366696434026,-10.9509917064738,1.08999809068985e-05,0.00455846284843917,4.09835953267765,"<a href='https://www.ncbi.nlm.nih.gov/gene?term=H2AC6[Gene Name] AND Homo sapiens[Organism]' target='_blank'>H2AC6</a>"
"205479_s_at","<a href='https://www.ncbi.nlm.nih.gov/gene?term=PLAU[Gene Name] AND Homo sapiens[Organism]' target='_blank'>PLAU</a>",-1.30580405554747,8.02513586638566,-10.8989989023746,1.12540868229236e-05,0.00458084447811603,4.06862012688378,"<a href='https://www.ncbi.nlm.nih.gov/gene?term=PLAU[Gene Name] AND Homo sapiens[Organism]' target='_blank'>PLAU</a>"
"214455_at","<a href='https://www.ncbi.nlm.nih.gov/gene?term=H2BC4[Gene Name] AND Homo sapiens[Organism]' target='_blank'>H2BC4</a>",-2.53164281761771,5.66636817882802,-10.823787069881,1.17896592669707e-05,0.00461915579719146,4.02529066977661,"<a href='https://www.ncbi.nlm.nih.gov/gene?term=H2BC4[Gene Name] AND Homo sapiens[Organism]' target='_blank'>H2BC4</a>"
"218611_at","<a href='https://www.ncbi.nlm.nih.gov/gene?term=IER5[Gene Name] AND Homo sapiens[Organism]' target='_blank'>IER5</a>",-0.679471118083583,9.54628880105041,-10.7193011459144,1.25823383712545e-05,0.00476562000876535,3.96448315432374,"<a href='https://www.ncbi.nlm.nih.gov/gene?term=IER5[Gene Name] AND Homo sapiens[Organism]' target='_blank'>IER5</a>"
"224558_s_at","<a href='https://www.ncbi.nlm.nih.gov/gene?term=MALAT1[Gene Name] AND Homo sapiens[Organism]' target='_blank'>MALAT1</a>",-1.11555083975698,8.95743838891932,-10.5770500727837,1.37605438814914e-05,0.00493266353351889,3.88053280604165,"<a href='https://www.ncbi.nlm.nih.gov/gene?term=MALAT1[Gene Name] AND Homo sapiens[Organism]' target='_blank'>MALAT1</a>"
"218346_s_at","<a href='https://www.ncbi.nlm.nih.gov/gene?term=SESN1[Gene Name] AND Homo sapiens[Organism]' target='_blank'>SESN1</a>",-1.23962578782009,8.49840745694049,-10.4818280818293,1.46190806805197e-05,0.00514848115053952,3.82357383897949,"<a href='https://www.ncbi.nlm.nih.gov/gene?term=SESN1[Gene Name] AND Homo sapiens[Organism]' target='_blank'>SESN1</a>"
"217892_s_at","<a href='https://www.ncbi.nlm.nih.gov/gene?term=LIMA1[Gene Name] AND Homo sapiens[Organism]' target='_blank'>LIMA1</a>",-0.506710302707718,10.7479590977095,-10.3177987493655,1.62443189979279e-05,0.00543480765940676,3.72399242625604,"<a href='https://www.ncbi.nlm.nih.gov/gene?term=LIMA1[Gene Name] AND Homo sapiens[Organism]' target='_blank'>LIMA1</a>"
"1555058_a_at","<a href='https://www.ncbi.nlm.nih.gov/gene?term=LPGAT1[Gene Name] AND Homo sapiens[Organism]' target='_blank'>LPGAT1</a>",0.57467324161891,10.368658061808,10.1634633725646,1.79627362105675e-05,0.00567010833605516,3.62856944219406,"<a href='https://www.ncbi.nlm.nih.gov/gene?term=LPGAT1[Gene Name] AND Homo sapiens[Organism]' target='_blank'>LPGAT1</a>"
"204573_at","<a href='https://www.ncbi.nlm.nih.gov/gene?term=CROT[Gene Name] AND Homo sapiens[Organism]' target='_blank'>CROT</a>",-0.70021491137399,9.34912519214622,-10.1357137279637,1.82930838990018e-05,0.00567010833605516,3.61123163663461,"<a href='https://www.ncbi.nlm.nih.gov/gene?term=CROT[Gene Name] AND Homo sapiens[Organism]' target='_blank'>CROT</a>"
"224565_at","<a href='https://www.ncbi.nlm.nih.gov/gene?term=NEAT1[Gene Name] AND Homo sapiens[Organism]' target='_blank'>NEAT1</a>",-0.788841309999896,9.24543065662806,-10.1632158498245,1.79656528287555e-05,0.00567010833605516,3.62841503681566,"<a href='https://www.ncbi.nlm.nih.gov/gene?term=NEAT1[Gene Name] AND Homo sapiens[Organism]' target='_blank'>NEAT1</a>"
"206295_at","<a href='https://www.ncbi.nlm.nih.gov/gene?term=IL18[Gene Name] AND Homo sapiens[Organism]' target='_blank'>IL18</a>",-0.683822720667083,9.43668933830146,-9.91613859233878,2.1163938835564e-05,0.00598373110119876,3.47206104230936,"<a href='https://www.ncbi.nlm.nih.gov/gene?term=IL18[Gene Name] AND Homo sapiens[Organism]' target='_blank'>IL18</a>"
"207813_s_at","<a href='https://www.ncbi.nlm.nih.gov/gene?term=FDXR[Gene Name] AND Homo sapiens[Organism]' target='_blank'>FDXR</a>",-1.53600495906518,7.78781356721836,-9.95975868947176,2.05552019007933e-05,0.00598373110119876,3.49999115724506,"<a href='https://www.ncbi.nlm.nih.gov/gene?term=FDXR[Gene Name] AND Homo sapiens[Organism]' target='_blank'>FDXR</a>"
"239937_at","<a href='https://www.ncbi.nlm.nih.gov/gene?term=ZNF207[Gene Name] AND Homo sapiens[Organism]' target='_blank'>ZNF207</a>",-1.43211666813065,7.2051026317401,-9.85694314260103,2.20229656041769e-05,0.00614012516025342,3.43393042979613,"<a href='https://www.ncbi.nlm.nih.gov/gene?term=ZNF207[Gene Name] AND Homo sapiens[Organism]' target='_blank'>ZNF207</a>"
"203697_at","<a href='https://www.ncbi.nlm.nih.gov/gene?term=FRZB[Gene Name] AND Homo sapiens[Organism]' target='_blank'>FRZB</a>",0.617384516608842,9.59993238830329,9.63601625258103,2.55965032103585e-05,0.00667304162915242,3.28926866031606,"<a href='https://www.ncbi.nlm.nih.gov/gene?term=FRZB[Gene Name] AND Homo sapiens[Organism]' target='_blank'>FRZB</a>"
"200974_at","<a href='https://www.ncbi.nlm.nih.gov/gene?term=ACTA2[Gene Name] AND Homo sapiens[Organism]' target='_blank'>ACTA2</a>",-0.722314507791397,11.1203210967352,-9.82436683735204,2.6456402974079e-05,0.00672260548483115,3.2726394154872,"<a href='https://www.ncbi.nlm.nih.gov/gene?term=ACTA2[Gene Name] AND Homo sapiens[Organism]' target='_blank'>ACTA2</a>"
"202912_at","<a href='https://www.ncbi.nlm.nih.gov/gene?term=ADM[Gene Name] AND Homo sapiens[Organism]' target='_blank'>ADM</a>",-0.618581148180308,10.8772674866569,-9.34059412223569,3.14472033608378e-05,0.0074654851623103,3.08985601854701,"<a href='https://www.ncbi.nlm.nih.gov/gene?term=ADM[Gene Name] AND Homo sapiens[Organism]' target='_blank'>ADM</a>"
"205807_s_at","<a href='https://www.ncbi.nlm.nih.gov/gene?term=TUFT1[Gene Name] AND Homo sapiens[Organism]' target='_blank'>TUFT1</a>",-0.907835913921414,8.56494869965934,-9.2478577765187,3.35855950239651e-05,0.0074654851623103,3.02580408451177,"<a href='https://www.ncbi.nlm.nih.gov/gene?term=TUFT1[Gene Name] AND Homo sapiens[Organism]' target='_blank'>TUFT1</a>"
"206268_at","<a href='https://www.ncbi.nlm.nih.gov/gene?term=LEFTY1[Gene Name] AND Homo sapiens[Organism]' target='_blank'>LEFTY1</a>",1.18550572258846,9.05550402852547,9.37932944075352,3.26012138668083e-05,0.0074654851623103,3.06166202868532,"<a href='https://www.ncbi.nlm.nih.gov/gene?term=LEFTY1[Gene Name] AND Homo sapiens[Organism]' target='_blank'>LEFTY1</a>"
"209911_x_at","<a href='https://www.ncbi.nlm.nih.gov/gene?term=H2BC5[Gene Name] AND Homo sapiens[Organism]' target='_blank'>H2BC5</a>",-1.42644682530857,7.57746026250988,-9.35014113986512,3.12359468312476e-05,0.0074654851623103,3.09641000455777,"<a href='https://www.ncbi.nlm.nih.gov/gene?term=H2BC5[Gene Name] AND Homo sapiens[Organism]' target='_blank'>H2BC5</a>"
"228937_at","<a href='https://www.ncbi.nlm.nih.gov/gene?term=LACC1[Gene Name] AND Homo sapiens[Organism]' target='_blank'>LACC1</a>",-1.63525948859838,6.71012422223187,-9.29335139163897,3.25166745655285e-05,0.0074654851623103,3.05731436879232,"<a href='https://www.ncbi.nlm.nih.gov/gene?term=LACC1[Gene Name] AND Homo sapiens[Organism]' target='_blank'>LACC1</a>"
"227345_at","<a href='https://www.ncbi.nlm.nih.gov/gene?term=TNFRSF10D[Gene Name] AND Homo sapiens[Organism]' target='_blank'>TNFRSF10D</a>",-1.01731382107441,9.0391440289499,-9.1493091494866,3.60402353847764e-05,0.00769650728844682,2.95695679982209,"<a href='https://www.ncbi.nlm.nih.gov/gene?term=TNFRSF10D[Gene Name] AND Homo sapiens[Organism]' target='_blank'>TNFRSF10D</a>"
"225897_at","<a href='https://www.ncbi.nlm.nih.gov/gene?term=MARCKS[Gene Name] AND Homo sapiens[Organism]' target='_blank'>MARCKS</a>",0.735630311837104,8.97424303508279,8.79950295225003,4.65445950065736e-05,0.00907122524429086,2.70589434013353,"<a href='https://www.ncbi.nlm.nih.gov/gene?term=MARCKS[Gene Name] AND Homo sapiens[Organism]' target='_blank'>MARCKS</a>"
"213293_s_at","<a href='https://www.ncbi.nlm.nih.gov/gene?term=TRIM22[Gene Name] AND Homo sapiens[Organism]' target='_blank'>TRIM22</a>",-1.431210715575,7.29545344373759,-8.72666825710576,4.91441357967394e-05,0.0093954226855595,2.65227137696259,"<a href='https://www.ncbi.nlm.nih.gov/gene?term=TRIM22[Gene Name] AND Homo sapiens[Organism]' target='_blank'>TRIM22</a>"
"200878_at","<a href='https://www.ncbi.nlm.nih.gov/gene?term=EPAS1[Gene Name] AND Homo sapiens[Organism]' target='_blank'>EPAS1</a>",-0.935966054477179,8.42660411193708,-8.587365624265,5.45862382416397e-05,0.00950125211429887,2.54837985031978,"<a href='https://www.ncbi.nlm.nih.gov/gene?term=EPAS1[Gene Name] AND Homo sapiens[Organism]' target='_blank'>EPAS1</a>"
"204622_x_at","<a href='https://www.ncbi.nlm.nih.gov/gene?term=NR4A2[Gene Name] AND Homo sapiens[Organism]' target='_blank'>NR4A2</a>",-1.30543796988238,6.82305871804109,-8.64410931492541,5.22911983285384e-05,0.00950125211429887,2.59091219707256,"<a href='https://www.ncbi.nlm.nih.gov/gene?term=NR4A2[Gene Name] AND Homo sapiens[Organism]' target='_blank'>NR4A2</a>"
"207574_s_at","<a href='https://www.ncbi.nlm.nih.gov/gene?term=GADD45B[Gene Name] AND Homo sapiens[Organism]' target='_blank'>GADD45B</a>",-0.820508172508907,9.20489034748327,-8.53040254242928,5.70052644707435e-05,0.00950125211429887,2.50538540976059,"<a href='https://www.ncbi.nlm.nih.gov/gene?term=GADD45B[Gene Name] AND Homo sapiens[Organism]' target='_blank'>GADD45B</a>"
"209457_at","<a href='https://www.ncbi.nlm.nih.gov/gene?term=DUSP5[Gene Name] AND Homo sapiens[Organism]' target='_blank'>DUSP5</a>",-1.12020655786577,8.91269539757523,-8.61366633338377,5.65037509684731e-05,0.00950125211429887,2.52160814110797,"<a href='https://www.ncbi.nlm.nih.gov/gene?term=DUSP5[Gene Name] AND Homo sapiens[Organism]' target='_blank'>DUSP5</a>"
"210764_s_at","<a href='https://www.ncbi.nlm.nih.gov/gene?term=CCN1[Gene Name] AND Homo sapiens[Organism]' target='_blank'>CCN1</a>",-0.679146766196231,11.0745809530086,-8.7921205644167,5.72706737984539e-05,0.00950125211429887,2.5276869134759,"<a href='https://www.ncbi.nlm.nih.gov/gene?term=CCN1[Gene Name] AND Homo sapiens[Organism]' target='_blank'>CCN1</a>"
"214805_at","<a href='https://www.ncbi.nlm.nih.gov/gene?term=EIF4A1[Gene Name] AND Homo sapiens[Organism]' target='_blank'>EIF4A1</a>",-0.941519614913298,8.18527385254282,-8.53028025251846,5.70105863274008e-05,0.00950125211429887,2.50529278536867,"<a href='https://www.ncbi.nlm.nih.gov/gene?term=EIF4A1[Gene Name] AND Homo sapiens[Organism]' target='_blank'>EIF4A1</a>"
"228377_at","<a href='https://www.ncbi.nlm.nih.gov/gene?term=KLHL14[Gene Name] AND Homo sapiens[Organism]' target='_blank'>KLHL14</a>",0.705259790056406,9.01453989310368,8.52779815994947,5.71187243127946e-05,0.00950125211429887,2.503412507786,"<a href='https://www.ncbi.nlm.nih.gov/gene?term=KLHL14[Gene Name] AND Homo sapiens[Organism]' target='_blank'>KLHL14</a>"
"1552309_a_at","<a href='https://www.ncbi.nlm.nih.gov/gene?term=NEXN[Gene Name] AND Homo sapiens[Organism]' target='_blank'>NEXN</a>",-0.796139471141597,9.16336180362974,-8.47550597135651,5.94516919135091e-05,0.00962788285840634,2.46366599920398,"<a href='https://www.ncbi.nlm.nih.gov/gene?term=NEXN[Gene Name] AND Homo sapiens[Organism]' target='_blank'>NEXN</a>"
"206382_s_at","<a href='https://www.ncbi.nlm.nih.gov/gene?term=BDNF[Gene Name] AND Homo sapiens[Organism]' target='_blank'>BDNF</a>",-1.26521629360272,6.92316462776448,-8.47037271637829,5.96864501808102e-05,0.00962788285840634,2.45975053407061,"<a href='https://www.ncbi.nlm.nih.gov/gene?term=BDNF[Gene Name] AND Homo sapiens[Organism]' target='_blank'>BDNF</a>"
"209651_at","<a href='https://www.ncbi.nlm.nih.gov/gene?term=TGFB1I1[Gene Name] AND Homo sapiens[Organism]' target='_blank'>TGFB1I1</a>",-0.51538945577251,9.71428880560465,-8.47697960596465,5.93844912166904e-05,0.00962788285840634,2.46478957996867,"<a href='https://www.ncbi.nlm.nih.gov/gene?term=TGFB1I1[Gene Name] AND Homo sapiens[Organism]' target='_blank'>TGFB1I1</a>"
"202274_at","<a href='https://www.ncbi.nlm.nih.gov/gene?term=ACTG2[Gene Name] AND Homo sapiens[Organism]' target='_blank'>ACTG2</a>",-1.07782921112408,9.31656148270476,-8.67010425970911,6.310485652366e-05,0.00980415779156329,2.43300634199823,"<a href='https://www.ncbi.nlm.nih.gov/gene?term=ACTG2[Gene Name] AND Homo sapiens[Organism]' target='_blank'>ACTG2</a>"
"225258_at","<a href='https://www.ncbi.nlm.nih.gov/gene?term=FBLIM1[Gene Name] AND Homo sapiens[Organism]' target='_blank'>FBLIM1</a>",-0.566804894952472,9.53986578681915,-8.3606916824218,6.49614246438097e-05,0.00986043905585179,2.37549686756313,"<a href='https://www.ncbi.nlm.nih.gov/gene?term=FBLIM1[Gene Name] AND Homo sapiens[Organism]' target='_blank'>FBLIM1</a>"
"239680_at","<a href='https://www.ncbi.nlm.nih.gov/gene?term=WDR76[Gene Name] AND Homo sapiens[Organism]' target='_blank'>WDR76</a>",0.708820260314058,8.8605043473186,8.34931502368,6.5538070375799e-05,0.00986043905585179,2.36669238622844,"<a href='https://www.ncbi.nlm.nih.gov/gene?term=WDR76[Gene Name] AND Homo sapiens[Organism]' target='_blank'>WDR76</a>"
"223815_at","<a href='https://www.ncbi.nlm.nih.gov/gene?term=CEP95[Gene Name] AND Homo sapiens[Organism]' target='_blank'>CEP95</a>",-1.31698087484656,6.22007338130898,-8.27826975567473,6.92725930207342e-05,0.010224838472781,2.31142953613352,"<a href='https://www.ncbi.nlm.nih.gov/gene?term=CEP95[Gene Name] AND Homo sapiens[Organism]' target='_blank'>CEP95</a>"
"224650_at","<a href='https://www.ncbi.nlm.nih.gov/gene?term=MAL2[Gene Name] AND Homo sapiens[Organism]' target='_blank'>MAL2</a>",-0.609234989153007,9.11951483945539,-8.22733207818933,7.20981018793402e-05,0.0104122107706897,2.27150781394475,"<a href='https://www.ncbi.nlm.nih.gov/gene?term=MAL2[Gene Name] AND Homo sapiens[Organism]' target='_blank'>MAL2</a>"
"212665_at","<a href='https://www.ncbi.nlm.nih.gov/gene?term=TIPARP[Gene Name] AND Homo sapiens[Organism]' target='_blank'>TIPARP</a>",-0.508592183389974,9.91391679674349,-8.1691676222606,7.54847679584132e-05,0.0107526616558635,2.22561322233429,"<a href='https://www.ncbi.nlm.nih.gov/gene?term=TIPARP[Gene Name] AND Homo sapiens[Organism]' target='_blank'>TIPARP</a>"
"201236_s_at","<a href='https://www.ncbi.nlm.nih.gov/gene?term=BTG2[Gene Name] AND Homo sapiens[Organism]' target='_blank'>BTG2</a>",-1.12502335843572,8.32490037693153,-8.11191905359743,7.89944149949159e-05,0.010861191004164,2.18011673681486,"<a href='https://www.ncbi.nlm.nih.gov/gene?term=BTG2[Gene Name] AND Homo sapiens[Organism]' target='_blank'>BTG2</a>"
"203108_at","<a href='https://www.ncbi.nlm.nih.gov/gene?term=GPRC5A[Gene Name] AND Homo sapiens[Organism]' target='_blank'>GPRC5A</a>",-0.90502129109751,8.65993838505003,-8.12818696124701,7.79787247656654e-05,0.010861191004164,2.19307806396756,"<a href='https://www.ncbi.nlm.nih.gov/gene?term=GPRC5A[Gene Name] AND Homo sapiens[Organism]' target='_blank'>GPRC5A</a>"
"208478_s_at","<a href='https://www.ncbi.nlm.nih.gov/gene?term=BAX[Gene Name] AND Homo sapiens[Organism]' target='_blank'>BAX</a>",-0.680909583843762,8.9583940112391,-8.1414906730741,7.71590501901583e-05,0.010861191004164,2.20365823429064,"<a href='https://www.ncbi.nlm.nih.gov/gene?term=BAX[Gene Name] AND Homo sapiens[Organism]' target='_blank'>BAX</a>"
"226099_at","<a href='https://www.ncbi.nlm.nih.gov/gene?term=ELL2[Gene Name] AND Homo sapiens[Organism]' target='_blank'>ELL2</a>",-0.990088384294441,8.16562042380152,-8.11785178564243,7.86222842782493e-05,0.010861191004164,2.18484663065069,"<a href='https://www.ncbi.nlm.nih.gov/gene?term=ELL2[Gene Name] AND Homo sapiens[Organism]' target='_blank'>ELL2</a>"
"238729_x_at","<a href='https://www.ncbi.nlm.nih.gov/gene?term=SAV1[Gene Name] AND Homo sapiens[Organism]' target='_blank'>SAV1</a>",-0.501181878298379,9.61325736221538,-8.06589498783637,8.19497368343704e-05,0.0111152636298186,2.14330506016199,"<a href='https://www.ncbi.nlm.nih.gov/gene?term=SAV1[Gene Name] AND Homo sapiens[Organism]' target='_blank'>SAV1</a>"
"209774_x_at","<a href='https://www.ncbi.nlm.nih.gov/gene?term=CXCL2[Gene Name] AND Homo sapiens[Organism]' target='_blank'>CXCL2</a>",-1.28365858294713,7.09425602975155,-7.99483447652145,8.67609567238527e-05,0.0115763926641587,2.08605223485081,"<a href='https://www.ncbi.nlm.nih.gov/gene?term=CXCL2[Gene Name] AND Homo sapiens[Organism]' target='_blank'>CXCL2</a>"
"223494_at","<a href='https://www.ncbi.nlm.nih.gov/gene?term=OGA[Gene Name] AND Homo sapiens[Organism]' target='_blank'>OGA</a>",-1.2617413021617,7.33949955014518,-8.00037659112048,8.63744781241185e-05,0.0115763926641587,2.09053573635247,"<a href='https://www.ncbi.nlm.nih.gov/gene?term=OGA[Gene Name] AND Homo sapiens[Organism]' target='_blank'>OGA</a>"
"201693_s_at","<a href='https://www.ncbi.nlm.nih.gov/gene?term=EGR1[Gene Name] AND Homo sapiens[Organism]' target='_blank'>EGR1</a>",-1.53016593056716,6.69719408276087,-7.95873616336156,8.93265179483003e-05,0.0117969771137775,2.05677308956327,"<a href='https://www.ncbi.nlm.nih.gov/gene?term=EGR1[Gene Name] AND Homo sapiens[Organism]' target='_blank'>EGR1</a>"
"218769_s_at","<a href='https://www.ncbi.nlm.nih.gov/gene?term=ANKRA2[Gene Name] AND Homo sapiens[Organism]' target='_blank'>ANKRA2</a>",-0.817676060423614,8.47827094568607,-7.9011083975967,9.36015172752662e-05,0.012201018557037,2.00975675987483,"<a href='https://www.ncbi.nlm.nih.gov/gene?term=ANKRA2[Gene Name] AND Homo sapiens[Organism]' target='_blank'>ANKRA2</a>"
"209387_s_at","<a href='https://www.ncbi.nlm.nih.gov/gene?term=TM4SF1[Gene Name] AND Homo sapiens[Organism]' target='_blank'>TM4SF1</a>",-0.576638302717159,10.5364678695813,-7.88380115115552,9.49301203910679e-05,0.0122943692692277,1.99557005989904,"<a href='https://www.ncbi.nlm.nih.gov/gene?term=TM4SF1[Gene Name] AND Homo sapiens[Organism]' target='_blank'>TM4SF1</a>"
"215470_at","<a href='https://www.ncbi.nlm.nih.gov/gene?term=GTF2H2B[Gene Name] AND Homo sapiens[Organism]' target='_blank'>GTF2H2B</a>",-1.04949016795789,7.87036654066438,-7.86699028150015,9.62410101406664e-05,0.0123842438305368,1.98176074352481,"<a href='https://www.ncbi.nlm.nih.gov/gene?term=GTF2H2B[Gene Name] AND Homo sapiens[Organism]' target='_blank'>GTF2H2B</a>"
"202307_s_at","<a href='https://www.ncbi.nlm.nih.gov/gene?term=TAP1[Gene Name] AND Homo sapiens[Organism]' target='_blank'>TAP1</a>",-0.84758295428897,8.42923337804448,-7.81220696413997,0.000100656685802984,0.0126286394425569,1.93655623903506,"<a href='https://www.ncbi.nlm.nih.gov/gene?term=TAP1[Gene Name] AND Homo sapiens[Organism]' target='_blank'>TAP1</a>"
"215066_at","<a href='https://www.ncbi.nlm.nih.gov/gene?term=PTPRF[Gene Name] AND Homo sapiens[Organism]' target='_blank'>PTPRF</a>",-1.20396333700275,6.25704805833757,-7.82555073002912,9.95604728649103e-05,0.0126286394425569,1.94759552028641,"<a href='https://www.ncbi.nlm.nih.gov/gene?term=PTPRF[Gene Name] AND Homo sapiens[Organism]' target='_blank'>PTPRF</a>"
"226534_at","<a href='https://www.ncbi.nlm.nih.gov/gene?term=KITLG[Gene Name] AND Homo sapiens[Organism]' target='_blank'>KITLG</a>",-0.622223248994251,8.92993799579447,-7.81512056930684,0.000100416171924477,0.0126286394425569,1.93896824053032,"<a href='https://www.ncbi.nlm.nih.gov/gene?term=KITLG[Gene Name] AND Homo sapiens[Organism]' target='_blank'>KITLG</a>"
"209693_at","<a href='https://www.ncbi.nlm.nih.gov/gene?term=ASTN2[Gene Name] AND Homo sapiens[Organism]' target='_blank'>ASTN2</a>",-1.27747133265536,7.00676163431868,-7.72520836512822,0.00010814641401661,0.013157158272542,1.86412648954239,"<a href='https://www.ncbi.nlm.nih.gov/gene?term=ASTN2[Gene Name] AND Homo sapiens[Organism]' target='_blank'>ASTN2</a>"
"203409_at","<a href='https://www.ncbi.nlm.nih.gov/gene?term=DDB2[Gene Name] AND Homo sapiens[Organism]' target='_blank'>DDB2</a>",-1.14110663014706,8.27766945608775,-7.68607173262993,0.000111719004785244,0.0135099235063795,1.83128396163192,"<a href='https://www.ncbi.nlm.nih.gov/gene?term=DDB2[Gene Name] AND Homo sapiens[Organism]' target='_blank'>DDB2</a>"
"55081_at","<a href='https://www.ncbi.nlm.nih.gov/gene?term=MICALL1[Gene Name] AND Homo sapiens[Organism]' target='_blank'>MICALL1</a>",-0.504276410750622,10.1165170116823,-7.67490492175442,0.000112762618778759,0.0135544719123642,1.82188326639951,"<a href='https://www.ncbi.nlm.nih.gov/gene?term=MICALL1[Gene Name] AND Homo sapiens[Organism]' target='_blank'>MICALL1</a>"
"218875_s_at","<a href='https://www.ncbi.nlm.nih.gov/gene?term=FBXO5[Gene Name] AND Homo sapiens[Organism]' target='_blank'>FBXO5</a>",0.671568930275081,10.4369035398656,7.79635319605829,0.000115012146765319,0.0137425823462322,1.82232859780459,"<a href='https://www.ncbi.nlm.nih.gov/gene?term=FBXO5[Gene Name] AND Homo sapiens[Organism]' target='_blank'>FBXO5</a>"
"218541_s_at","<a href='https://www.ncbi.nlm.nih.gov/gene?term=TCIM[Gene Name] AND Homo sapiens[Organism]' target='_blank'>TCIM</a>",-1.08791325774882,7.67799970998505,-7.59966859685153,0.000120087148328097,0.0140152872996408,1.75819925262288,"<a href='https://www.ncbi.nlm.nih.gov/gene?term=TCIM[Gene Name] AND Homo sapiens[Organism]' target='_blank'>TCIM</a>"
"202269_x_at","<a href='https://www.ncbi.nlm.nih.gov/gene?term=GBP1[Gene Name] AND Homo sapiens[Organism]' target='_blank'>GBP1</a>",-1.13530737229311,7.87401497519764,-7.48687464334228,0.000132094134551554,0.0151523294685022,1.66158063150524,"<a href='https://www.ncbi.nlm.nih.gov/gene?term=GBP1[Gene Name] AND Homo sapiens[Organism]' target='_blank'>GBP1</a>"
"212845_at","<a href='https://www.ncbi.nlm.nih.gov/gene?term=SAMD4A[Gene Name] AND Homo sapiens[Organism]' target='_blank'>SAMD4A</a>",-0.504870554739581,9.78410527254075,-7.34303127533149,0.000149415279299687,0.0163136079415624,1.53633873719922,"<a href='https://www.ncbi.nlm.nih.gov/gene?term=SAMD4A[Gene Name] AND Homo sapiens[Organism]' target='_blank'>SAMD4A</a>"
"202157_s_at","<a href='https://www.ncbi.nlm.nih.gov/gene?term=CELF2[Gene Name] AND Homo sapiens[Organism]' target='_blank'>CELF2</a>",-0.60996378153069,8.98145486020646,-7.31963906724684,0.000152467073320269,0.0165439136747626,1.51575357646086,"<a href='https://www.ncbi.nlm.nih.gov/gene?term=CELF2[Gene Name] AND Homo sapiens[Organism]' target='_blank'>CELF2</a>"
"227349_at","<a href='https://www.ncbi.nlm.nih.gov/gene?term=HELLS[Gene Name] AND Homo sapiens[Organism]' target='_blank'>HELLS</a>",0.617506584660346,8.70794231096012,7.27542136369223,0.000158429379252598,0.0168270442281305,1.47667350815849,"<a href='https://www.ncbi.nlm.nih.gov/gene?term=HELLS[Gene Name] AND Homo sapiens[Organism]' target='_blank'>HELLS</a>"
"204268_at","<a href='https://www.ncbi.nlm.nih.gov/gene?term=S100A2[Gene Name] AND Homo sapiens[Organism]' target='_blank'>S100A2</a>",-0.675505993614269,8.52949585277714,-7.25778732575677,0.000160879974574251,0.0169973926821238,1.46102662418191,"<a href='https://www.ncbi.nlm.nih.gov/gene?term=S100A2[Gene Name] AND Homo sapiens[Organism]' target='_blank'>S100A2</a>"
"201207_at","<a href='https://www.ncbi.nlm.nih.gov/gene?term=TNFAIP1[Gene Name] AND Homo sapiens[Organism]' target='_blank'>TNFAIP1</a>",-0.518324810260578,9.28496381500639,-7.22835876028527,0.00016506522277995,0.0171684936895581,1.43483554611547,"<a href='https://www.ncbi.nlm.nih.gov/gene?term=TNFAIP1[Gene Name] AND Homo sapiens[Organism]' target='_blank'>TNFAIP1</a>"
"227295_at","<a href='https://www.ncbi.nlm.nih.gov/gene?term=IKBIP[Gene Name] AND Homo sapiens[Organism]' target='_blank'>IKBIP</a>",-0.566015614161556,9.74421510871871,-7.20513796762691,0.00016845416033872,0.0173412759725101,1.41409951769541,"<a href='https://www.ncbi.nlm.nih.gov/gene?term=IKBIP[Gene Name] AND Homo sapiens[Organism]' target='_blank'>IKBIP</a>"
"205034_at","<a href='https://www.ncbi.nlm.nih.gov/gene?term=CCNE2[Gene Name] AND Homo sapiens[Organism]' target='_blank'>CCNE2</a>",0.552858769125622,10.0567321264529,7.1383376202693,0.00017864791662579,0.0175793052860103,1.35410172957304,"<a href='https://www.ncbi.nlm.nih.gov/gene?term=CCNE2[Gene Name] AND Homo sapiens[Organism]' target='_blank'>CCNE2</a>"
"205207_at","<a href='https://www.ncbi.nlm.nih.gov/gene?term=IL6[Gene Name] AND Homo sapiens[Organism]' target='_blank'>IL6</a>",-1.01752711976303,6.9226488828758,-7.14056616656987,0.000178296854048382,0.0175793052860103,1.35611163932894,"<a href='https://www.ncbi.nlm.nih.gov/gene?term=IL6[Gene Name] AND Homo sapiens[Organism]' target='_blank'>IL6</a>"
"209803_s_at","<a href='https://www.ncbi.nlm.nih.gov/gene?term=PHLDA2[Gene Name] AND Homo sapiens[Organism]' target='_blank'>PHLDA2</a>",-1.43332649695373,6.36488274439079,-7.16065116077885,0.000175167637793866,0.0175793052860103,1.37420022212401,"<a href='https://www.ncbi.nlm.nih.gov/gene?term=PHLDA2[Gene Name] AND Homo sapiens[Organism]' target='_blank'>PHLDA2</a>"
"213106_at","<a href='https://www.ncbi.nlm.nih.gov/gene?term=ATP8A1[Gene Name] AND Homo sapiens[Organism]' target='_blank'>ATP8A1</a>",0.675773673551461,8.63095678068256,7.0979993833971,0.000185138707060109,0.0180411378908963,1.3176212998286,"<a href='https://www.ncbi.nlm.nih.gov/gene?term=ATP8A1[Gene Name] AND Homo sapiens[Organism]' target='_blank'>ATP8A1</a>"
"203058_s_at","<a href='https://www.ncbi.nlm.nih.gov/gene?term=PAPSS2[Gene Name] AND Homo sapiens[Organism]' target='_blank'>PAPSS2</a>",-0.580925539013846,9.23160764382262,-7.05974896007065,0.000191539406826381,0.0182639529574603,1.2828537844539,"<a href='https://www.ncbi.nlm.nih.gov/gene?term=PAPSS2[Gene Name] AND Homo sapiens[Organism]' target='_blank'>PAPSS2</a>"
"209189_at","<a href='https://www.ncbi.nlm.nih.gov/gene?term=FOS[Gene Name] AND Homo sapiens[Organism]' target='_blank'>FOS</a>",-1.2494066383818,6.55978164583119,-7.05929940356574,0.000191616098906149,0.0182639529574603,1.28244414413179,"<a href='https://www.ncbi.nlm.nih.gov/gene?term=FOS[Gene Name] AND Homo sapiens[Organism]' target='_blank'>FOS</a>"
"202686_s_at","<a href='https://www.ncbi.nlm.nih.gov/gene?term=AXL[Gene Name] AND Homo sapiens[Organism]' target='_blank'>AXL</a>",-1.02295122366084,7.88770141181128,-7.02616078394376,0.000197365610407187,0.0186882889778956,1.25218250855485,"<a href='https://www.ncbi.nlm.nih.gov/gene?term=AXL[Gene Name] AND Homo sapiens[Organism]' target='_blank'>AXL</a>"
"202949_s_at","<a href='https://www.ncbi.nlm.nih.gov/gene?term=FHL2[Gene Name] AND Homo sapiens[Organism]' target='_blank'>FHL2</a>",-0.528514597974288,9.03333824204651,-6.97985659423038,0.000205726948053328,0.0188636117811841,1.20968125352889,"<a href='https://www.ncbi.nlm.nih.gov/gene?term=FHL2[Gene Name] AND Homo sapiens[Organism]' target='_blank'>FHL2</a>"
"218853_s_at","<a href='https://www.ncbi.nlm.nih.gov/gene?term=MOSPD1[Gene Name] AND Homo sapiens[Organism]' target='_blank'>MOSPD1</a>",-0.530768726647752,8.98023387963718,-6.99476099518409,0.000202992913799254,0.0188636117811841,1.22338927106211,"<a href='https://www.ncbi.nlm.nih.gov/gene?term=MOSPD1[Gene Name] AND Homo sapiens[Organism]' target='_blank'>MOSPD1</a>"
"227306_at","<a href='https://www.ncbi.nlm.nih.gov/gene?term=ACER2[Gene Name] AND Homo sapiens[Organism]' target='_blank'>ACER2</a>",-1.13085642816285,6.74310903513491,-6.98703154131055,0.00020440565762762,0.0188636117811841,1.21628355408748,"<a href='https://www.ncbi.nlm.nih.gov/gene?term=ACER2[Gene Name] AND Homo sapiens[Organism]' target='_blank'>ACER2</a>"
"201473_at","<a href='https://www.ncbi.nlm.nih.gov/gene?term=JUNB[Gene Name] AND Homo sapiens[Organism]' target='_blank'>JUNB</a>",-0.881930086629509,7.53941377082531,-6.89292524845411,0.000222522212517668,0.0198230724492476,1.12920017713172,"<a href='https://www.ncbi.nlm.nih.gov/gene?term=JUNB[Gene Name] AND Homo sapiens[Organism]' target='_blank'>JUNB</a>"
"214696_at","<a href='https://www.ncbi.nlm.nih.gov/gene?term=MIR22HG[Gene Name] AND Homo sapiens[Organism]' target='_blank'>MIR22HG</a>",-0.829199179290801,8.24323093025871,-6.88969682634397,0.000223174971282752,0.0198230724492476,1.12619385515568,"<a href='https://www.ncbi.nlm.nih.gov/gene?term=MIR22HG[Gene Name] AND Homo sapiens[Organism]' target='_blank'>MIR22HG</a>"
"214595_at","<a href='https://www.ncbi.nlm.nih.gov/gene?term=KCNG1[Gene Name] AND Homo sapiens[Organism]' target='_blank'>KCNG1</a>",-0.631666855742999,8.94970508215769,-6.84352912143482,0.000232748954101104,0.0202663315927776,1.08306460152949,"<a href='https://www.ncbi.nlm.nih.gov/gene?term=KCNG1[Gene Name] AND Homo sapiens[Organism]' target='_blank'>KCNG1</a>"
"218751_s_at","<a href='https://www.ncbi.nlm.nih.gov/gene?term=FBXW7[Gene Name] AND Homo sapiens[Organism]' target='_blank'>FBXW7</a>",-0.622759368879466,9.1274283994665,-6.84134472267097,0.000233213240905232,0.0202663315927776,1.08101757229765,"<a href='https://www.ncbi.nlm.nih.gov/gene?term=FBXW7[Gene Name] AND Homo sapiens[Organism]' target='_blank'>FBXW7</a>"
"224724_at","<a href='https://www.ncbi.nlm.nih.gov/gene?term=SULF2[Gene Name] AND Homo sapiens[Organism]' target='_blank'>SULF2</a>",-1.34507842692197,6.76631829287462,-6.81345087346188,0.000239234358195363,0.0206111180532778,1.05482688982532,"<a href='https://www.ncbi.nlm.nih.gov/gene?term=SULF2[Gene Name] AND Homo sapiens[Organism]' target='_blank'>SULF2</a>"
"202267_at","<a href='https://www.ncbi.nlm.nih.gov/gene?term=LAMC2[Gene Name] AND Homo sapiens[Organism]' target='_blank'>LAMC2</a>",-0.668866984011084,8.78579928685141,-6.77388964186168,0.000248075655200043,0.0210653996621436,1.01751847248485,"<a href='https://www.ncbi.nlm.nih.gov/gene?term=LAMC2[Gene Name] AND Homo sapiens[Organism]' target='_blank'>LAMC2</a>"
"225252_at","<a href='https://www.ncbi.nlm.nih.gov/gene?term=SRXN1[Gene Name] AND Homo sapiens[Organism]' target='_blank'>SRXN1</a>",-0.518479246506288,10.4745864138686,-6.76655789098222,0.000249754165566911,0.0210653996621436,1.01058317952182,"<a href='https://www.ncbi.nlm.nih.gov/gene?term=SRXN1[Gene Name] AND Homo sapiens[Organism]' target='_blank'>SRXN1</a>"
"218087_s_at","<a href='https://www.ncbi.nlm.nih.gov/gene?term=SORBS1[Gene Name] AND Homo sapiens[Organism]' target='_blank'>SORBS1</a>",-1.28659056274636,7.30565146446416,-6.68875711999925,0.000268373491212065,0.0220792191089795,0.936581313688761,"<a href='https://www.ncbi.nlm.nih.gov/gene?term=SORBS1[Gene Name] AND Homo sapiens[Organism]' target='_blank'>SORBS1</a>"
"218180_s_at","<a href='https://www.ncbi.nlm.nih.gov/gene?term=EPS8L2[Gene Name] AND Homo sapiens[Organism]' target='_blank'>EPS8L2</a>",-0.598166266254477,9.84973970912369,-6.67461954927186,0.000271921566185638,0.0222798102841245,0.923053566417048,"<a href='https://www.ncbi.nlm.nih.gov/gene?term=EPS8L2[Gene Name] AND Homo sapiens[Organism]' target='_blank'>EPS8L2</a>"
"201340_s_at","<a href='https://www.ncbi.nlm.nih.gov/gene?term=ENC1[Gene Name] AND Homo sapiens[Organism]' target='_blank'>ENC1</a>",-0.686455565436423,9.22728264157696,-6.65742430755842,0.000276308170714417,0.0225471960118749,0.906566488490984,"<a href='https://www.ncbi.nlm.nih.gov/gene?term=ENC1[Gene Name] AND Homo sapiens[Organism]' target='_blank'>ENC1</a>"
"210367_s_at","<a href='https://www.ncbi.nlm.nih.gov/gene?term=PTGES[Gene Name] AND Homo sapiens[Organism]' target='_blank'>PTGES</a>",-0.724575461327822,8.17657971750918,-6.62440832819454,0.000284955163476922,0.022880759806543,0.87480665355377,"<a href='https://www.ncbi.nlm.nih.gov/gene?term=PTGES[Gene Name] AND Homo sapiens[Organism]' target='_blank'>PTGES</a>"
"212815_at","<a href='https://www.ncbi.nlm.nih.gov/gene?term=ASCC3[Gene Name] AND Homo sapiens[Organism]' target='_blank'>ASCC3</a>",-0.640718080147852,9.44147150676929,-6.47914771255345,0.000326784119717604,0.0250376504550045,0.73343862175001,"<a href='https://www.ncbi.nlm.nih.gov/gene?term=ASCC3[Gene Name] AND Homo sapiens[Organism]' target='_blank'>ASCC3</a>"
"218292_s_at","<a href='https://www.ncbi.nlm.nih.gov/gene?term=PRKAG2[Gene Name] AND Homo sapiens[Organism]' target='_blank'>PRKAG2</a>",-0.539494361554867,8.83945364421466,-6.46762235350993,0.000330387209906325,0.0251219426199226,0.722106995237687,"<a href='https://www.ncbi.nlm.nih.gov/gene?term=PRKAG2[Gene Name] AND Homo sapiens[Organism]' target='_blank'>PRKAG2</a>"
"203951_at","<a href='https://www.ncbi.nlm.nih.gov/gene?term=CNN1[Gene Name] AND Homo sapiens[Organism]' target='_blank'>CNN1</a>",-1.12488968022816,7.51249714408752,-6.45018513702486,0.000335923457697843,0.0252559082015974,0.704930432073906,"<a href='https://www.ncbi.nlm.nih.gov/gene?term=CNN1[Gene Name] AND Homo sapiens[Organism]' target='_blank'>CNN1</a>"
"208955_at","<a href='https://www.ncbi.nlm.nih.gov/gene?term=DUT[Gene Name] AND Homo sapiens[Organism]' target='_blank'>DUT</a>",0.543900674907965,8.99486069455675,6.45157983239075,0.000335476841739069,0.0252559082015974,0.706305719138215,"<a href='https://www.ncbi.nlm.nih.gov/gene?term=DUT[Gene Name] AND Homo sapiens[Organism]' target='_blank'>DUT</a>"
"219361_s_at","<a href='https://www.ncbi.nlm.nih.gov/gene?term=AEN[Gene Name] AND Homo sapiens[Organism]' target='_blank'>AEN</a>",-0.679235910372832,8.68034264220327,-6.41348850630374,0.000347917508685356,0.025396712979454,0.668654275835779,"<a href='https://www.ncbi.nlm.nih.gov/gene?term=AEN[Gene Name] AND Homo sapiens[Organism]' target='_blank'>AEN</a>"
"235060_at","<a href='https://www.ncbi.nlm.nih.gov/gene?term=LOC100190986[Gene Name] AND Homo sapiens[Organism]' target='_blank'>LOC100190986</a>",-1.09115902152537,7.51365112211434,-6.38867232015793,0.000356300431848727,0.0256357522183919,0.644023638606713,"<a href='https://www.ncbi.nlm.nih.gov/gene?term=LOC100190986[Gene Name] AND Homo sapiens[Organism]' target='_blank'>LOC100190986</a>"
"225737_s_at","<a href='https://www.ncbi.nlm.nih.gov/gene?term=FBXO22[Gene Name] AND Homo sapiens[Organism]' target='_blank'>FBXO22</a>",-0.569959613504363,8.5892702120803,-6.38262270320113,0.000358378154136775,0.0256931538076486,0.638007128807509,"<a href='https://www.ncbi.nlm.nih.gov/gene?term=FBXO22[Gene Name] AND Homo sapiens[Organism]' target='_blank'>FBXO22</a>"
"202643_s_at","<a href='https://www.ncbi.nlm.nih.gov/gene?term=TNFAIP3[Gene Name] AND Homo sapiens[Organism]' target='_blank'>TNFAIP3</a>",-1.01674091262544,7.00391220581621,-6.32966578933565,0.000377157015868603,0.0261070687467115,0.585136277107119,"<a href='https://www.ncbi.nlm.nih.gov/gene?term=TNFAIP3[Gene Name] AND Homo sapiens[Organism]' target='_blank'>TNFAIP3</a>"
"204420_at","<a href='https://www.ncbi.nlm.nih.gov/gene?term=FOSL1[Gene Name] AND Homo sapiens[Organism]' target='_blank'>FOSL1</a>",-1.11378978357134,6.34159585477999,-6.33880433661486,0.00037383918521328,0.0261070687467115,0.594286146751749,"<a href='https://www.ncbi.nlm.nih.gov/gene?term=FOSL1[Gene Name] AND Homo sapiens[Organism]' target='_blank'>FOSL1</a>"
"238688_at","<a href='https://www.ncbi.nlm.nih.gov/gene?term=TPM1[Gene Name] AND Homo sapiens[Organism]' target='_blank'>TPM1</a>",-0.710366911829222,8.45115587197103,-6.3059307808932,0.000385929382191808,0.0266224962821937,0.561320671271644,"<a href='https://www.ncbi.nlm.nih.gov/gene?term=TPM1[Gene Name] AND Homo sapiens[Organism]' target='_blank'>TPM1</a>"
"222859_s_at","<a href='https://www.ncbi.nlm.nih.gov/gene?term=DAPP1[Gene Name] AND Homo sapiens[Organism]' target='_blank'>DAPP1</a>",-1.01764037454471,6.48933744284997,-6.25784518832874,0.000404411033878576,0.0270246670881734,0.512844325777846,"<a href='https://www.ncbi.nlm.nih.gov/gene?term=DAPP1[Gene Name] AND Homo sapiens[Organism]' target='_blank'>DAPP1</a>"
"224279_s_at","<a href='https://www.ncbi.nlm.nih.gov/gene?term=CABYR[Gene Name] AND Homo sapiens[Organism]' target='_blank'>CABYR</a>",-0.871070035202375,7.36343866803413,-6.25693196253386,0.000404771493614754,0.0270246670881734,0.511920721308791,"<a href='https://www.ncbi.nlm.nih.gov/gene?term=CABYR[Gene Name] AND Homo sapiens[Organism]' target='_blank'>CABYR</a>"
"204105_s_at","<a href='https://www.ncbi.nlm.nih.gov/gene?term=NRCAM[Gene Name] AND Homo sapiens[Organism]' target='_blank'>NRCAM</a>",-1.00920852061189,6.97695027725575,-6.22081225941162,0.000419320980994028,0.0275080044852095,0.475301749371742,"<a href='https://www.ncbi.nlm.nih.gov/gene?term=NRCAM[Gene Name] AND Homo sapiens[Organism]' target='_blank'>NRCAM</a>"
"225262_at","<a href='https://www.ncbi.nlm.nih.gov/gene?term=FOSL2[Gene Name] AND Homo sapiens[Organism]' target='_blank'>FOSL2</a>",-0.738001454812911,8.83543971424296,-6.20653275662195,0.000425233698813259,0.027805020423379,0.460776986525639,"<a href='https://www.ncbi.nlm.nih.gov/gene?term=FOSL2[Gene Name] AND Homo sapiens[Organism]' target='_blank'>FOSL2</a>"
"218501_at","<a href='https://www.ncbi.nlm.nih.gov/gene?term=ARHGEF3[Gene Name] AND Homo sapiens[Organism]' target='_blank'>ARHGEF3</a>",-1.06653838226639,8.00653732602996,-6.18735118770704,0.000433323645631143,0.0279941870291207,0.441223118384614,"<a href='https://www.ncbi.nlm.nih.gov/gene?term=ARHGEF3[Gene Name] AND Homo sapiens[Organism]' target='_blank'>ARHGEF3</a>"
"203215_s_at","<a href='https://www.ncbi.nlm.nih.gov/gene?term=MYO6[Gene Name] AND Homo sapiens[Organism]' target='_blank'>MYO6</a>",-0.882030170197551,7.67457091500909,-6.0806164941506,0.000481608681001309,0.0292563112570581,0.331513728972855,"<a href='https://www.ncbi.nlm.nih.gov/gene?term=MYO6[Gene Name] AND Homo sapiens[Organism]' target='_blank'>MYO6</a>"
"208156_x_at","<a href='https://www.ncbi.nlm.nih.gov/gene?term=EPPK1[Gene Name] AND Homo sapiens[Organism]' target='_blank'>EPPK1</a>",-0.928749542704106,8.00206548883448,-6.08721683783235,0.000478454074616175,0.0292563112570581,0.338342682608922,"<a href='https://www.ncbi.nlm.nih.gov/gene?term=EPPK1[Gene Name] AND Homo sapiens[Organism]' target='_blank'>EPPK1</a>"
"228697_at","<a href='https://www.ncbi.nlm.nih.gov/gene?term=HINT3[Gene Name] AND Homo sapiens[Organism]' target='_blank'>HINT3</a>",-0.650949946168847,8.47330278853807,-6.07592632282382,0.000483864468334328,0.0292563112570581,0.326657511875997,"<a href='https://www.ncbi.nlm.nih.gov/gene?term=HINT3[Gene Name] AND Homo sapiens[Organism]' target='_blank'>HINT3</a>"
"205531_s_at","<a href='https://www.ncbi.nlm.nih.gov/gene?term=GLS2[Gene Name] AND Homo sapiens[Organism]' target='_blank'>GLS2</a>",-1.23115428229803,6.64099881035901,-6.07064330507204,0.000486419555759136,0.0292582328200274,0.321183878506364,"<a href='https://www.ncbi.nlm.nih.gov/gene?term=GLS2[Gene Name] AND Homo sapiens[Organism]' target='_blank'>GLS2</a>"
"203499_at","<a href='https://www.ncbi.nlm.nih.gov/gene?term=EPHA2[Gene Name] AND Homo sapiens[Organism]' target='_blank'>EPHA2</a>",-0.845955023600665,8.75201124131622,-6.08673200027848,0.000496435188165658,0.0295710384784493,0.308790657843208,"<a href='https://www.ncbi.nlm.nih.gov/gene?term=EPHA2[Gene Name] AND Homo sapiens[Organism]' target='_blank'>EPHA2</a>"
"240452_at","<a href='https://www.ncbi.nlm.nih.gov/gene?term=GSPT1[Gene Name] AND Homo sapiens[Organism]' target='_blank'>GSPT1</a>",-1.05503457066367,7.06695920259015,-6.04577193352187,0.000498652906552859,0.0296152616749766,0.295364067825364,"<a href='https://www.ncbi.nlm.nih.gov/gene?term=GSPT1[Gene Name] AND Homo sapiens[Organism]' target='_blank'>GSPT1</a>"
"1555411_a_at","<a href='https://www.ncbi.nlm.nih.gov/gene?term=CCNL1[Gene Name] AND Homo sapiens[Organism]' target='_blank'>CCNL1</a>",-0.563923966615766,8.88883748654343,-6.0370276803799,0.000503035342507104,0.0297874084527658,0.286266315567289,"<a href='https://www.ncbi.nlm.nih.gov/gene?term=CCNL1[Gene Name] AND Homo sapiens[Organism]' target='_blank'>CCNL1</a>"
"39966_at","<a href='https://www.ncbi.nlm.nih.gov/gene?term=CSPG5[Gene Name] AND Homo sapiens[Organism]' target='_blank'>CSPG5</a>",0.70954372665582,8.72844971749407,5.96629258959458,0.000540112580445277,0.0307744402900837,0.212286392900372,"<a href='https://www.ncbi.nlm.nih.gov/gene?term=CSPG5[Gene Name] AND Homo sapiens[Organism]' target='_blank'>CSPG5</a>"
"203927_at","<a href='https://www.ncbi.nlm.nih.gov/gene?term=NFKBIE[Gene Name] AND Homo sapiens[Organism]' target='_blank'>NFKBIE</a>",-0.59888028843295,8.92005226401506,-5.94136863254116,0.000553897046200549,0.030971499081831,0.186054941741969,"<a href='https://www.ncbi.nlm.nih.gov/gene?term=NFKBIE[Gene Name] AND Homo sapiens[Organism]' target='_blank'>NFKBIE</a>"
"209993_at","<a href='https://www.ncbi.nlm.nih.gov/gene?term=ABCB1[Gene Name] AND Homo sapiens[Organism]' target='_blank'>ABCB1</a>",-0.966663522159068,7.89728048653842,-5.93838993246658,0.000555570587415726,0.030971499081831,0.182914233178846,"<a href='https://www.ncbi.nlm.nih.gov/gene?term=ABCB1[Gene Name] AND Homo sapiens[Organism]' target='_blank'>ABCB1</a>"
"219380_x_at","<a href='https://www.ncbi.nlm.nih.gov/gene?term=POLH[Gene Name] AND Homo sapiens[Organism]' target='_blank'>POLH</a>",-0.993016016770138,6.56553226591373,-5.90992594409171,0.00057185080959622,0.0311093039345109,0.152840067828429,"<a href='https://www.ncbi.nlm.nih.gov/gene?term=POLH[Gene Name] AND Homo sapiens[Organism]' target='_blank'>POLH</a>"
"1552729_at","<a href='https://www.ncbi.nlm.nih.gov/gene?term=SNHG7[Gene Name] AND Homo sapiens[Organism]' target='_blank'>SNHG7</a>",-0.86640275221642,6.9243328945003,-5.89884436629325,0.000578332609930791,0.0312923148564709,0.141101177686939,"<a href='https://www.ncbi.nlm.nih.gov/gene?term=SNHG7[Gene Name] AND Homo sapiens[Organism]' target='_blank'>SNHG7</a>"
"204472_at","<a href='https://www.ncbi.nlm.nih.gov/gene?term=GEM[Gene Name] AND Homo sapiens[Organism]' target='_blank'>GEM</a>",-0.676145563617057,8.58430452532,-5.89226113426465,0.000582222095102315,0.0313338507696618,0.134119362085798,"<a href='https://www.ncbi.nlm.nih.gov/gene?term=GEM[Gene Name] AND Homo sapiens[Organism]' target='_blank'>GEM</a>"
"211832_s_at","<a href='https://www.ncbi.nlm.nih.gov/gene?term=MDM2[Gene Name] AND Homo sapiens[Organism]' target='_blank'>MDM2</a>",-0.982440912504675,6.51482035930368,-5.89449826411746,0.00058089709241546,0.0313338507696618,0.13649261675402,"<a href='https://www.ncbi.nlm.nih.gov/gene?term=MDM2[Gene Name] AND Homo sapiens[Organism]' target='_blank'>MDM2</a>"
"219478_at","<a href='https://www.ncbi.nlm.nih.gov/gene?term=WFDC1[Gene Name] AND Homo sapiens[Organism]' target='_blank'>WFDC1</a>",-0.969540674541995,6.40120813579102,-5.85233367191511,0.000606447311322779,0.0322686768625952,0.0916449008239955,"<a href='https://www.ncbi.nlm.nih.gov/gene?term=WFDC1[Gene Name] AND Homo sapiens[Organism]' target='_blank'>WFDC1</a>"
"223195_s_at","<a href='https://www.ncbi.nlm.nih.gov/gene?term=SESN2[Gene Name] AND Homo sapiens[Organism]' target='_blank'>SESN2</a>",-0.866446598462757,7.31810713501948,-5.84363844954568,0.000611871000560097,0.0322686768625952,0.0823654329452106,"<a href='https://www.ncbi.nlm.nih.gov/gene?term=SESN2[Gene Name] AND Homo sapiens[Organism]' target='_blank'>SESN2</a>"
"205266_at","<a href='https://www.ncbi.nlm.nih.gov/gene?term=LIF[Gene Name] AND Homo sapiens[Organism]' target='_blank'>LIF</a>",-1.09815834655733,6.99144671566172,-5.81518667322934,0.000630000113293711,0.0327632701405646,0.0519277667969673,"<a href='https://www.ncbi.nlm.nih.gov/gene?term=LIF[Gene Name] AND Homo sapiens[Organism]' target='_blank'>LIF</a>"
"202637_s_at","<a href='https://www.ncbi.nlm.nih.gov/gene?term=ICAM1[Gene Name] AND Homo sapiens[Organism]' target='_blank'>ICAM1</a>",-0.533630857665473,8.58591847168964,-5.79433079674592,0.00064367023847648,0.0330005354903514,0.0295438355358684,"<a href='https://www.ncbi.nlm.nih.gov/gene?term=ICAM1[Gene Name] AND Homo sapiens[Organism]' target='_blank'>ICAM1</a>"
"202181_at","<a href='https://www.ncbi.nlm.nih.gov/gene?term=SUSD6[Gene Name] AND Homo sapiens[Organism]' target='_blank'>SUSD6</a>",-0.85931353438032,7.65273466505618,-5.75507943646239,0.000670305186961068,0.0340650792988772,-0.0127499737378578,"<a href='https://www.ncbi.nlm.nih.gov/gene?term=SUSD6[Gene Name] AND Homo sapiens[Organism]' target='_blank'>SUSD6</a>"
"202071_at","<a href='https://www.ncbi.nlm.nih.gov/gene?term=SDC4[Gene Name] AND Homo sapiens[Organism]' target='_blank'>SDC4</a>",-0.650715458098146,9.77777437922381,-5.91751909318862,0.000673678669434702,0.0341500646723035,0.0252111431934443,"<a href='https://www.ncbi.nlm.nih.gov/gene?term=SDC4[Gene Name] AND Homo sapiens[Organism]' target='_blank'>SDC4</a>"
"228793_at","<a href='https://www.ncbi.nlm.nih.gov/gene?term=JMJD1C[Gene Name] AND Homo sapiens[Organism]' target='_blank'>JMJD1C</a>",-1.24832926837612,6.67777876765885,-5.73026906943025,0.000687774440297106,0.0343083248760364,-0.0395960792060146,"<a href='https://www.ncbi.nlm.nih.gov/gene?term=JMJD1C[Gene Name] AND Homo sapiens[Organism]' target='_blank'>JMJD1C</a>"
"229344_x_at","<a href='https://www.ncbi.nlm.nih.gov/gene?term=RIMKLB[Gene Name] AND Homo sapiens[Organism]' target='_blank'>RIMKLB</a>",-0.571591146044593,8.70147028704782,-5.73028259978497,0.000687764776023212,0.0343083248760364,-0.0395814148189251,"<a href='https://www.ncbi.nlm.nih.gov/gene?term=RIMKLB[Gene Name] AND Homo sapiens[Organism]' target='_blank'>RIMKLB</a>"
"1555259_at","<a href='https://www.ncbi.nlm.nih.gov/gene?term=MAP3K20[Gene Name] AND Homo sapiens[Organism]' target='_blank'>MAP3K20</a>",-0.760400485949409,7.32866759783411,-5.71808904833059,0.000696535998699974,0.0343732709415403,-0.0528075253845355,"<a href='https://www.ncbi.nlm.nih.gov/gene?term=MAP3K20[Gene Name] AND Homo sapiens[Organism]' target='_blank'>MAP3K20</a>"
"205249_at","<a href='https://www.ncbi.nlm.nih.gov/gene?term=EGR2[Gene Name] AND Homo sapiens[Organism]' target='_blank'>EGR2</a>",-0.992276907615636,6.56619885432485,-5.69134422037679,0.000716214883108962,0.0346440905145284,-0.0818913568571844,"<a href='https://www.ncbi.nlm.nih.gov/gene?term=EGR2[Gene Name] AND Homo sapiens[Organism]' target='_blank'>EGR2</a>"
"222408_s_at","<a href='https://www.ncbi.nlm.nih.gov/gene?term=YPEL5[Gene Name] AND Homo sapiens[Organism]' target='_blank'>YPEL5</a>",-0.56845347843853,8.48686168761462,-5.69172451455474,0.000715930751631762,0.0346440905145284,-0.0814770877572304,"<a href='https://www.ncbi.nlm.nih.gov/gene?term=YPEL5[Gene Name] AND Homo sapiens[Organism]' target='_blank'>YPEL5</a>"
"224916_at","<a href='https://www.ncbi.nlm.nih.gov/gene?term=STING1[Gene Name] AND Homo sapiens[Organism]' target='_blank'>STING1</a>",-0.895466470518231,7.91937447657276,-5.67340873347945,0.000729759067483574,0.0348486400928606,-0.101452668987901,"<a href='https://www.ncbi.nlm.nih.gov/gene?term=STING1[Gene Name] AND Homo sapiens[Organism]' target='_blank'>STING1</a>"
"230229_at","<a href='https://www.ncbi.nlm.nih.gov/gene?term=DLG1[Gene Name] AND Homo sapiens[Organism]' target='_blank'>DLG1</a>",-1.02837871515058,6.93749638758585,-5.67581396651585,0.000727926250567965,0.0348486400928606,-0.098826731799365,"<a href='https://www.ncbi.nlm.nih.gov/gene?term=DLG1[Gene Name] AND Homo sapiens[Organism]' target='_blank'>DLG1</a>"
"1555579_s_at","<a href='https://www.ncbi.nlm.nih.gov/gene?term=PTPRM[Gene Name] AND Homo sapiens[Organism]' target='_blank'>PTPRM</a>",-0.509072527225833,9.13668886317135,-5.63221507756663,0.000761961710783603,0.0356541244341959,-0.146555096078669,"<a href='https://www.ncbi.nlm.nih.gov/gene?term=PTPRM[Gene Name] AND Homo sapiens[Organism]' target='_blank'>PTPRM</a>"
"219628_at","<a href='https://www.ncbi.nlm.nih.gov/gene?term=ZMAT3[Gene Name] AND Homo sapiens[Organism]' target='_blank'>ZMAT3</a>",-1.57670795023909,8.44445401777348,-6.26581384590153,0.00075956800375313,0.0356541244341959,0.0115633554059009,"<a href='https://www.ncbi.nlm.nih.gov/gene?term=ZMAT3[Gene Name] AND Homo sapiens[Organism]' target='_blank'>ZMAT3</a>"
"233595_at","<a href='https://www.ncbi.nlm.nih.gov/gene?term=USP34[Gene Name] AND Homo sapiens[Organism]' target='_blank'>USP34</a>",-1.29879685304708,7.11515771237163,-5.66385131860217,0.000761859964115789,0.0356541244341959,-0.137748221057126,"<a href='https://www.ncbi.nlm.nih.gov/gene?term=USP34[Gene Name] AND Homo sapiens[Organism]' target='_blank'>USP34</a>"
"1569149_at","<a href='https://www.ncbi.nlm.nih.gov/gene?term=PDLIM7[Gene Name] AND Homo sapiens[Organism]' target='_blank'>PDLIM7</a>",-1.3171700858008,6.55703133125723,-5.60802879749514,0.00078160556497939,0.0360389583904051,-0.173150102275163,"<a href='https://www.ncbi.nlm.nih.gov/gene?term=PDLIM7[Gene Name] AND Homo sapiens[Organism]' target='_blank'>PDLIM7</a>"
"218634_at","<a href='https://www.ncbi.nlm.nih.gov/gene?term=PHLDA3[Gene Name] AND Homo sapiens[Organism]' target='_blank'>PHLDA3</a>",-0.983978932996706,7.61307251522567,-5.60013440072708,0.00078813902228693,0.0360389583904051,-0.181848976667573,"<a href='https://www.ncbi.nlm.nih.gov/gene?term=PHLDA3[Gene Name] AND Homo sapiens[Organism]' target='_blank'>PHLDA3</a>"
"225613_at","<a href='https://www.ncbi.nlm.nih.gov/gene?term=MAST4[Gene Name] AND Homo sapiens[Organism]' target='_blank'>MAST4</a>",-0.858118981520064,7.17814095156823,-5.60978798062523,0.000780157892686555,0.0360389583904051,-0.171212875963461,"<a href='https://www.ncbi.nlm.nih.gov/gene?term=MAST4[Gene Name] AND Homo sapiens[Organism]' target='_blank'>MAST4</a>"
"238537_at","<a href='https://www.ncbi.nlm.nih.gov/gene?term=CA8[Gene Name] AND Homo sapiens[Organism]' target='_blank'>CA8</a>",0.516936317688048,8.568786358055,5.60163501507442,0.00078689243189178,0.0360389583904051,-0.180194749404225,"<a href='https://www.ncbi.nlm.nih.gov/gene?term=CA8[Gene Name] AND Homo sapiens[Organism]' target='_blank'>CA8</a>"
"1555355_a_at","<a href='https://www.ncbi.nlm.nih.gov/gene?term=ETS1[Gene Name] AND Homo sapiens[Organism]' target='_blank'>ETS1</a>",-0.77782963650164,7.35817504879766,-5.56130276856482,0.00082117532929694,0.0371267422529432,-0.224768996659883,"<a href='https://www.ncbi.nlm.nih.gov/gene?term=ETS1[Gene Name] AND Homo sapiens[Organism]' target='_blank'>ETS1</a>"
"225817_at","<a href='https://www.ncbi.nlm.nih.gov/gene?term=CGNL1[Gene Name] AND Homo sapiens[Organism]' target='_blank'>CGNL1</a>",0.569505988806551,9.12404576738185,5.54944310333513,0.000831570500608329,0.0374034474832907,-0.237920893229823,"<a href='https://www.ncbi.nlm.nih.gov/gene?term=CGNL1[Gene Name] AND Homo sapiens[Organism]' target='_blank'>CGNL1</a>"
"228613_at","<a href='https://www.ncbi.nlm.nih.gov/gene?term=RAB11FIP3[Gene Name] AND Homo sapiens[Organism]' target='_blank'>RAB11FIP3</a>",-0.770029069799772,7.85371975992608,-5.53798258818829,0.000841755289460789,0.0375075185840993,-0.250649570999426,"<a href='https://www.ncbi.nlm.nih.gov/gene?term=RAB11FIP3[Gene Name] AND Homo sapiens[Organism]' target='_blank'>RAB11FIP3</a>"
"225283_at","<a href='https://www.ncbi.nlm.nih.gov/gene?term=ARRDC4[Gene Name] AND Homo sapiens[Organism]' target='_blank'>ARRDC4</a>",-1.00560639634732,7.50070762745821,-5.52427611228223,0.000854118957492281,0.0377656034200442,-0.265897839860425,"<a href='https://www.ncbi.nlm.nih.gov/gene?term=ARRDC4[Gene Name] AND Homo sapiens[Organism]' target='_blank'>ARRDC4</a>"
"209160_at","<a href='https://www.ncbi.nlm.nih.gov/gene?term=AKR1C3[Gene Name] AND Homo sapiens[Organism]' target='_blank'>AKR1C3</a>",-0.796793441815823,7.5810897973788,-5.5161676539876,0.000861528201389917,0.0380094881641785,-0.27493127874516,"<a href='https://www.ncbi.nlm.nih.gov/gene?term=AKR1C3[Gene Name] AND Homo sapiens[Organism]' target='_blank'>AKR1C3</a>"
"204061_at","<a href='https://www.ncbi.nlm.nih.gov/gene?term=PRKX[Gene Name] AND Homo sapiens[Organism]' target='_blank'>PRKX</a>",-0.591814639869071,8.95045659136595,-5.48824408930646,0.000887596944232799,0.0386499372202369,-0.306113700620221,"<a href='https://www.ncbi.nlm.nih.gov/gene?term=PRKX[Gene Name] AND Homo sapiens[Organism]' target='_blank'>PRKX</a>"
"218706_s_at","<a href='https://www.ncbi.nlm.nih.gov/gene?term=GRAMD2B[Gene Name] AND Homo sapiens[Organism]' target='_blank'>GRAMD2B</a>",-0.769558749965483,8.7532435058305,-5.51560451274724,0.000889943097132323,0.0386682201987754,-0.300277705667631,"<a href='https://www.ncbi.nlm.nih.gov/gene?term=GRAMD2B[Gene Name] AND Homo sapiens[Organism]' target='_blank'>GRAMD2B</a>"
"201108_s_at","<a href='https://www.ncbi.nlm.nih.gov/gene?term=THBS1[Gene Name] AND Homo sapiens[Organism]' target='_blank'>THBS1</a>",-0.565325410940181,9.09866800705384,-5.47656769194761,0.000898757242630782,0.0389668528910806,-0.319186620911128,"<a href='https://www.ncbi.nlm.nih.gov/gene?term=THBS1[Gene Name] AND Homo sapiens[Organism]' target='_blank'>THBS1</a>"
"204489_s_at","<a href='https://www.ncbi.nlm.nih.gov/gene?term=CD44[Gene Name] AND Homo sapiens[Organism]' target='_blank'>CD44</a>",-0.68190491831545,8.33496177570363,-5.46996285461925,0.000905139282081722,0.0391589783373028,-0.326590256063714,"<a href='https://www.ncbi.nlm.nih.gov/gene?term=CD44[Gene Name] AND Homo sapiens[Organism]' target='_blank'>CD44</a>"
"206631_at","<a href='https://www.ncbi.nlm.nih.gov/gene?term=PTGER2[Gene Name] AND Homo sapiens[Organism]' target='_blank'>PTGER2</a>",0.501338344496842,8.58045222822705,5.45051266416109,0.000924228353151468,0.039643076840091,-0.34842995089355,"<a href='https://www.ncbi.nlm.nih.gov/gene?term=PTGER2[Gene Name] AND Homo sapiens[Organism]' target='_blank'>PTGER2</a>"
"219906_at","<a href='https://www.ncbi.nlm.nih.gov/gene?term=EBLN2[Gene Name] AND Homo sapiens[Organism]' target='_blank'>EBLN2</a>",-0.954258347408839,6.83428333269514,-5.4390521562351,0.000935685686693632,0.0398788842350063,-0.361324430414296,"<a href='https://www.ncbi.nlm.nih.gov/gene?term=EBLN2[Gene Name] AND Homo sapiens[Organism]' target='_blank'>EBLN2</a>"
"242550_at","<a href='https://www.ncbi.nlm.nih.gov/gene?term=EIF3B[Gene Name] AND Homo sapiens[Organism]' target='_blank'>EIF3B</a>",-0.836975398676943,7.63248356377333,-5.4062377335943,0.000969374948045224,0.0407950371217187,-0.398351639900586,"<a href='https://www.ncbi.nlm.nih.gov/gene?term=EIF3B[Gene Name] AND Homo sapiens[Organism]' target='_blank'>EIF3B</a>"
"242940_x_at","<a href='https://www.ncbi.nlm.nih.gov/gene?term=DLX6[Gene Name] AND Homo sapiens[Organism]' target='_blank'>DLX6</a>",0.568642635653724,8.57024981304854,5.40129001716156,0.000974570716632726,0.0409278923968312,-0.403948332580965,"<a href='https://www.ncbi.nlm.nih.gov/gene?term=DLX6[Gene Name] AND Homo sapiens[Organism]' target='_blank'>DLX6</a>"
"238909_at","<a href='https://www.ncbi.nlm.nih.gov/gene?term=S100A10[Gene Name] AND Homo sapiens[Organism]' target='_blank'>S100A10</a>",-0.888330467185315,6.33727142743942,-5.39623903706928,0.000979906913411483,0.0410660780372069,-0.409665563411671,"<a href='https://www.ncbi.nlm.nih.gov/gene?term=S100A10[Gene Name] AND Homo sapiens[Organism]' target='_blank'>S100A10</a>"
"208886_at","<a href='https://www.ncbi.nlm.nih.gov/gene?term=H1-0[Gene Name] AND Homo sapiens[Organism]' target='_blank'>H1-0</a>",-0.798944022752755,8.67468054442715,-5.40421458718648,0.00101000267500552,0.0418900696240927,-0.430614244806454,"<a href='https://www.ncbi.nlm.nih.gov/gene?term=H1-0[Gene Name] AND Homo sapiens[Organism]' target='_blank'>H1-0</a>"
"215190_at","<a href='https://www.ncbi.nlm.nih.gov/gene?term=EIF3M[Gene Name] AND Homo sapiens[Organism]' target='_blank'>EIF3M</a>",-1.00859599782952,6.43853423295874,-5.36961995372454,0.00100857173567668,0.0418900696240927,-0.439858179962037,"<a href='https://www.ncbi.nlm.nih.gov/gene?term=EIF3M[Gene Name] AND Homo sapiens[Organism]' target='_blank'>EIF3M</a>"
"201008_s_at","<a href='https://www.ncbi.nlm.nih.gov/gene?term=TXNIP[Gene Name] AND Homo sapiens[Organism]' target='_blank'>TXNIP</a>",-0.700454261333225,7.90469002509912,-5.34298466834412,0.00103819076137695,0.0427062322620511,-0.470174265559949,"<a href='https://www.ncbi.nlm.nih.gov/gene?term=TXNIP[Gene Name] AND Homo sapiens[Organism]' target='_blank'>TXNIP</a>"
"207850_at","<a href='https://www.ncbi.nlm.nih.gov/gene?term=CXCL3[Gene Name] AND Homo sapiens[Organism]' target='_blank'>CXCL3</a>",-0.792876509559401,7.34762379597581,-5.33535239498557,0.00104685542477726,0.0427125524328835,-0.478880679574865,"<a href='https://www.ncbi.nlm.nih.gov/gene?term=CXCL3[Gene Name] AND Homo sapiens[Organism]' target='_blank'>CXCL3</a>"
"235094_at","<a href='https://www.ncbi.nlm.nih.gov/gene?term=TPM4[Gene Name] AND Homo sapiens[Organism]' target='_blank'>TPM4</a>",-0.749476391720641,7.73784798884086,-5.33774873975232,0.0010441263041194,0.0427125524328835,-0.476146148774929,"<a href='https://www.ncbi.nlm.nih.gov/gene?term=TPM4[Gene Name] AND Homo sapiens[Organism]' target='_blank'>TPM4</a>"
"209716_at","<a href='https://www.ncbi.nlm.nih.gov/gene?term=CSF1[Gene Name] AND Homo sapiens[Organism]' target='_blank'>CSF1</a>",-0.549071095315057,8.4483615659367,-5.31789013558227,0.00106698384004429,0.0432903446916947,-0.498833106864758,"<a href='https://www.ncbi.nlm.nih.gov/gene?term=CSF1[Gene Name] AND Homo sapiens[Organism]' target='_blank'>CSF1</a>"
"226237_at","<a href='https://www.ncbi.nlm.nih.gov/gene?term=COL8A1[Gene Name] AND Homo sapiens[Organism]' target='_blank'>COL8A1</a>",-0.901656389044882,7.21116335319665,-5.30846384916144,0.00107802793693501,0.0434544835462519,-0.509622478466119,"<a href='https://www.ncbi.nlm.nih.gov/gene?term=COL8A1[Gene Name] AND Homo sapiens[Organism]' target='_blank'>COL8A1</a>"
"230998_at","<a href='https://www.ncbi.nlm.nih.gov/gene?term=CBX3[Gene Name] AND Homo sapiens[Organism]' target='_blank'>CBX3</a>",-0.981965474916818,6.47735221840316,-5.2949178320264,0.00109412204969168,0.043578186558553,-0.525150510659868,"<a href='https://www.ncbi.nlm.nih.gov/gene?term=CBX3[Gene Name] AND Homo sapiens[Organism]' target='_blank'>CBX3</a>"
"1554807_a_at","<a href='https://www.ncbi.nlm.nih.gov/gene?term=SPIRE1[Gene Name] AND Homo sapiens[Organism]' target='_blank'>SPIRE1</a>",-0.549740498144338,8.54533088929322,-5.28482846239287,0.00110628288340579,0.0439752922801738,-0.536733923826194,"<a href='https://www.ncbi.nlm.nih.gov/gene?term=SPIRE1[Gene Name] AND Homo sapiens[Organism]' target='_blank'>SPIRE1</a>"
"233109_at","<a href='https://www.ncbi.nlm.nih.gov/gene?term=COL12A1[Gene Name] AND Homo sapiens[Organism]' target='_blank'>COL12A1</a>",-1.01331702758216,6.56013982957062,-5.24755668110165,0.00115252726233595,0.0453643769884938,-0.579656926691088,"<a href='https://www.ncbi.nlm.nih.gov/gene?term=COL12A1[Gene Name] AND Homo sapiens[Organism]' target='_blank'>COL12A1</a>"
"1569190_at","<a href='https://www.ncbi.nlm.nih.gov/gene?term=SCLT1[Gene Name] AND Homo sapiens[Organism]' target='_blank'>SCLT1</a>",-0.615188281037186,7.90767479225158,-5.23640309189885,0.00116678052189251,0.045536699172903,-0.592542100541144,"<a href='https://www.ncbi.nlm.nih.gov/gene?term=SCLT1[Gene Name] AND Homo sapiens[Organism]' target='_blank'>SCLT1</a>"
"205751_at","<a href='https://www.ncbi.nlm.nih.gov/gene?term=SH3GL2[Gene Name] AND Homo sapiens[Organism]' target='_blank'>SH3GL2</a>",0.535601342618518,9.22862550303104,5.19861341780754,0.00121654767004056,0.0466940304558207,-0.636337479217418,"<a href='https://www.ncbi.nlm.nih.gov/gene?term=SH3GL2[Gene Name] AND Homo sapiens[Organism]' target='_blank'>SH3GL2</a>"
"215236_s_at","<a href='https://www.ncbi.nlm.nih.gov/gene?term=PICALM[Gene Name] AND Homo sapiens[Organism]' target='_blank'>PICALM</a>",-0.53602599393289,8.54405204755807,-5.19298338956206,0.00122416195740237,0.0468966166658306,-0.642880643451092,"<a href='https://www.ncbi.nlm.nih.gov/gene?term=PICALM[Gene Name] AND Homo sapiens[Organism]' target='_blank'>PICALM</a>"
"1552648_a_at","<a href='https://www.ncbi.nlm.nih.gov/gene?term=TNFRSF10A[Gene Name] AND Homo sapiens[Organism]' target='_blank'>TNFRSF10A</a>",-0.841581961182616,7.65298031715692,-5.18218207650078,0.00123891873211859,0.0473254051438062,-0.655447194772537,"<a href='https://www.ncbi.nlm.nih.gov/gene?term=TNFRSF10A[Gene Name] AND Homo sapiens[Organism]' target='_blank'>TNFRSF10A</a>"
"241348_at","<a href='https://www.ncbi.nlm.nih.gov/gene?term=ZNF654[Gene Name] AND Homo sapiens[Organism]' target='_blank'>ZNF654</a>",-0.714092902566932,7.94352862490441,-5.17276441516855,0.00125194647435379,0.0474180632569396,-0.666418321731982,"<a href='https://www.ncbi.nlm.nih.gov/gene?term=ZNF654[Gene Name] AND Homo sapiens[Organism]' target='_blank'>ZNF654</a>"
"208527_x_at","<a href='https://www.ncbi.nlm.nih.gov/gene?term=H2BC6[Gene Name] AND Homo sapiens[Organism]' target='_blank'>H2BC6</a>",-0.681870807046743,7.47025114559632,-5.16706655705515,0.00125990231429402,0.0475399982277032,-0.67306255264387,"<a href='https://www.ncbi.nlm.nih.gov/gene?term=H2BC6[Gene Name] AND Homo sapiens[Organism]' target='_blank'>H2BC6</a>"
