"probeID","gene_symbol","logFC","AveExpr","t","P.Value","adj.P.Val","B","url"
"209911_x_at","<a href='https://www.ncbi.nlm.nih.gov/gene?term=H2BC5[Gene Name] AND Homo sapiens[Organism]' target='_blank'>H2BC5</a>",-0.719753641647952,8.50137675844983,-11.4250552335342,6.86284532598067e-07,0.00119011543297978,6.29736802888091,"<a href='https://www.ncbi.nlm.nih.gov/gene?term=H2BC5[Gene Name] AND Homo sapiens[Organism]' target='_blank'>H2BC5</a>"
"212320_at","<a href='https://www.ncbi.nlm.nih.gov/gene?term=TUBB[Gene Name] AND Homo sapiens[Organism]' target='_blank'>TUBB</a>",0.624074543291986,11.3976384137821,11.7148542142682,5.68085676327065e-07,0.00119011543297978,6.45028625433246,"<a href='https://www.ncbi.nlm.nih.gov/gene?term=TUBB[Gene Name] AND Homo sapiens[Organism]' target='_blank'>TUBB</a>"
"239937_at","<a href='https://www.ncbi.nlm.nih.gov/gene?term=ZNF207[Gene Name] AND Homo sapiens[Organism]' target='_blank'>ZNF207</a>",-0.973507105879032,6.34196810888026,-11.9965903932604,4.42355741055434e-07,0.00119011543297978,6.65668191110783,"<a href='https://www.ncbi.nlm.nih.gov/gene?term=ZNF207[Gene Name] AND Homo sapiens[Organism]' target='_blank'>ZNF207</a>"
"201930_at","<a href='https://www.ncbi.nlm.nih.gov/gene?term=MCM6[Gene Name] AND Homo sapiens[Organism]' target='_blank'>MCM6</a>",0.673538074388208,9.71629485460548,10.7994652957789,1.13526221137222e-06,0.00140173921407795,5.8758294549708,"<a href='https://www.ncbi.nlm.nih.gov/gene?term=MCM6[Gene Name] AND Homo sapiens[Organism]' target='_blank'>MCM6</a>"
"242550_at","<a href='https://www.ncbi.nlm.nih.gov/gene?term=EIF3B[Gene Name] AND Homo sapiens[Organism]' target='_blank'>EIF3B</a>",-0.915588375131644,7.01437537621458,-10.9117563954682,1.03529566874575e-06,0.00140173921407795,5.95377957447593,"<a href='https://www.ncbi.nlm.nih.gov/gene?term=EIF3B[Gene Name] AND Homo sapiens[Organism]' target='_blank'>EIF3B</a>"
"214805_at","<a href='https://www.ncbi.nlm.nih.gov/gene?term=EIF4A1[Gene Name] AND Homo sapiens[Organism]' target='_blank'>EIF4A1</a>",-0.739308633681661,7.32727819592277,-10.0048420598991,2.23374698628547e-06,0.00189986617886368,5.29366165137147,"<a href='https://www.ncbi.nlm.nih.gov/gene?term=EIF4A1[Gene Name] AND Homo sapiens[Organism]' target='_blank'>EIF4A1</a>"
"215071_s_at","<a href='https://www.ncbi.nlm.nih.gov/gene?term=H2AC6[Gene Name] AND Homo sapiens[Organism]' target='_blank'>H2AC6</a>",-0.754968001755712,7.16889574735755,-10.1716477125314,1.93074899012859e-06,0.00189986617886368,5.4204671078516,"<a href='https://www.ncbi.nlm.nih.gov/gene?term=H2AC6[Gene Name] AND Homo sapiens[Organism]' target='_blank'>H2AC6</a>"
"201693_s_at","<a href='https://www.ncbi.nlm.nih.gov/gene?term=EGR1[Gene Name] AND Homo sapiens[Organism]' target='_blank'>EGR1</a>",-0.944990366790659,6.88707111173576,-9.72526046533758,2.86524499500421e-06,0.00228916220718513,5.07535934150134,"<a href='https://www.ncbi.nlm.nih.gov/gene?term=EGR1[Gene Name] AND Homo sapiens[Organism]' target='_blank'>EGR1</a>"
"1552729_at","<a href='https://www.ncbi.nlm.nih.gov/gene?term=SNHG7[Gene Name] AND Homo sapiens[Organism]' target='_blank'>SNHG7</a>",-0.7048550638221,6.67752535618761,-9.19397927729096,4.67682558414291e-06,0.00257148769633548,4.63967556383249,"<a href='https://www.ncbi.nlm.nih.gov/gene?term=SNHG7[Gene Name] AND Homo sapiens[Organism]' target='_blank'>SNHG7</a>"
"209118_s_at","<a href='https://www.ncbi.nlm.nih.gov/gene?term=TUBA1A[Gene Name] AND Homo sapiens[Organism]' target='_blank'>TUBA1A</a>",0.545207033169786,9.71437374386319,9.10336006983682,5.0962184154082e-06,0.00257148769633548,4.56251540599803,"<a href='https://www.ncbi.nlm.nih.gov/gene?term=TUBA1A[Gene Name] AND Homo sapiens[Organism]' target='_blank'>TUBA1A</a>"
"215224_at","<a href='https://www.ncbi.nlm.nih.gov/gene?term=SNORA21[Gene Name] AND Homo sapiens[Organism]' target='_blank'>SNORA21</a>",-0.901055257590389,6.85098386917164,-9.2467204529377,4.45022319590082e-06,0.00257148769633548,4.68419280774897,"<a href='https://www.ncbi.nlm.nih.gov/gene?term=SNORA21[Gene Name] AND Homo sapiens[Organism]' target='_blank'>SNORA21</a>"
"224507_s_at","<a href='https://www.ncbi.nlm.nih.gov/gene?term=MGC12916[Gene Name] AND Homo sapiens[Organism]' target='_blank'>MGC12916</a>",-0.697407256715882,7.07620595683683,-9.18676198681944,4.70880442799764e-06,0.00257148769633548,4.6335613961733,"<a href='https://www.ncbi.nlm.nih.gov/gene?term=MGC12916[Gene Name] AND Homo sapiens[Organism]' target='_blank'>MGC12916</a>"
"235529_x_at","<a href='https://www.ncbi.nlm.nih.gov/gene?term=SAMHD1[Gene Name] AND Homo sapiens[Organism]' target='_blank'>SAMHD1</a>",0.517312284275254,9.06754208794629,8.78194116285069,6.95036501797531e-06,0.00314666192247136,4.28183920486975,"<a href='https://www.ncbi.nlm.nih.gov/gene?term=SAMHD1[Gene Name] AND Homo sapiens[Organism]' target='_blank'>SAMHD1</a>"
"205296_at","<a href='https://www.ncbi.nlm.nih.gov/gene?term=RBL1[Gene Name] AND Homo sapiens[Organism]' target='_blank'>RBL1</a>",0.567246184397338,7.50328189900658,8.04052898875149,1.47388556002605e-05,0.00571951819322108,3.59044226407499,"<a href='https://www.ncbi.nlm.nih.gov/gene?term=RBL1[Gene Name] AND Homo sapiens[Organism]' target='_blank'>RBL1</a>"
"227350_at","<a href='https://www.ncbi.nlm.nih.gov/gene?term=HELLS[Gene Name] AND Homo sapiens[Organism]' target='_blank'>HELLS</a>",0.578689137249164,9.37105884379198,7.83072713496437,1.84104216901001e-05,0.00665855372381012,3.38298014669333,"<a href='https://www.ncbi.nlm.nih.gov/gene?term=HELLS[Gene Name] AND Homo sapiens[Organism]' target='_blank'>HELLS</a>"
"200898_s_at","<a href='https://www.ncbi.nlm.nih.gov/gene?term=OGA[Gene Name] AND Homo sapiens[Organism]' target='_blank'>OGA</a>",-0.527957584269239,7.9006265906318,-7.42240670533857,2.87601158450818e-05,0.00887772485017956,2.96332357727802,"<a href='https://www.ncbi.nlm.nih.gov/gene?term=OGA[Gene Name] AND Homo sapiens[Organism]' target='_blank'>OGA</a>"
"214169_at","<a href='https://www.ncbi.nlm.nih.gov/gene?term=SUN1[Gene Name] AND Homo sapiens[Organism]' target='_blank'>SUN1</a>",-0.580599316711186,6.66050294455621,-7.36421336293733,3.06928571358499e-05,0.00906239968737203,2.90175374440972,"<a href='https://www.ncbi.nlm.nih.gov/gene?term=SUN1[Gene Name] AND Homo sapiens[Organism]' target='_blank'>SUN1</a>"
"1558305_at","<a href='https://www.ncbi.nlm.nih.gov/gene?term=GIGYF2[Gene Name] AND Homo sapiens[Organism]' target='_blank'>GIGYF2</a>",-0.532866487335856,7.2044906431948,-6.92996964068765,5.04736550164984e-05,0.0131833304314246,2.42790130027632,"<a href='https://www.ncbi.nlm.nih.gov/gene?term=GIGYF2[Gene Name] AND Homo sapiens[Organism]' target='_blank'>GIGYF2</a>"
"224558_s_at","<a href='https://www.ncbi.nlm.nih.gov/gene?term=MALAT1[Gene Name] AND Homo sapiens[Organism]' target='_blank'>MALAT1</a>",-0.546057239128858,8.41524948638109,-6.8943023461072,5.26296700292373e-05,0.0133272969527591,2.38782626555242,"<a href='https://www.ncbi.nlm.nih.gov/gene?term=MALAT1[Gene Name] AND Homo sapiens[Organism]' target='_blank'>MALAT1</a>"
"1554251_at","<a href='https://www.ncbi.nlm.nih.gov/gene?term=HP1BP3[Gene Name] AND Homo sapiens[Organism]' target='_blank'>HP1BP3</a>",-0.689888722855351,6.68089912150776,-6.83162780618204,5.66644917171279e-05,0.0135493886425257,2.31697286481372,"<a href='https://www.ncbi.nlm.nih.gov/gene?term=HP1BP3[Gene Name] AND Homo sapiens[Organism]' target='_blank'>HP1BP3</a>"
"1564651_at","<a href='https://www.ncbi.nlm.nih.gov/gene?term=SMIM13[Gene Name] AND Homo sapiens[Organism]' target='_blank'>SMIM13</a>",-0.501291167706583,7.37166399069115,-6.7444065805857,6.284873247527e-05,0.0135493886425257,2.21744321810115,"<a href='https://www.ncbi.nlm.nih.gov/gene?term=SMIM13[Gene Name] AND Homo sapiens[Organism]' target='_blank'>SMIM13</a>"
"213750_at","<a href='https://www.ncbi.nlm.nih.gov/gene?term=RSL1D1[Gene Name] AND Homo sapiens[Organism]' target='_blank'>RSL1D1</a>",-0.536530264916768,6.78980549600057,-6.79686360485561,5.90463898177574e-05,0.0135493886425257,2.27743251422813,"<a href='https://www.ncbi.nlm.nih.gov/gene?term=RSL1D1[Gene Name] AND Homo sapiens[Organism]' target='_blank'>RSL1D1</a>"
"235476_at","<a href='https://www.ncbi.nlm.nih.gov/gene?term=TRIM59[Gene Name] AND Homo sapiens[Organism]' target='_blank'>TRIM59</a>",-0.502884754770814,7.55979247561677,-6.7660802203042,6.12464322061687e-05,0.0135493886425257,2.24227652384812,"<a href='https://www.ncbi.nlm.nih.gov/gene?term=TRIM59[Gene Name] AND Homo sapiens[Organism]' target='_blank'>TRIM59</a>"
"214782_at","<a href='https://www.ncbi.nlm.nih.gov/gene?term=CTTN[Gene Name] AND Homo sapiens[Organism]' target='_blank'>CTTN</a>",-0.705774342194101,6.57650252597154,-6.68151378010821,6.81263412963072e-05,0.0136072348159771,2.14050894294078,"<a href='https://www.ncbi.nlm.nih.gov/gene?term=CTTN[Gene Name] AND Homo sapiens[Organism]' target='_blank'>CTTN</a>"
"209398_at","<a href='https://www.ncbi.nlm.nih.gov/gene?term=H1-2[Gene Name] AND Homo sapiens[Organism]' target='_blank'>H1-2</a>",-0.787404326766774,8.63978309515069,-7.10429290650604,9.03879698432773e-05,0.0154671319352475,1.96041542159427,"<a href='https://www.ncbi.nlm.nih.gov/gene?term=H1-2[Gene Name] AND Homo sapiens[Organism]' target='_blank'>H1-2</a>"
"229520_s_at","<a href='https://www.ncbi.nlm.nih.gov/gene?term=GPATCH2L[Gene Name] AND Homo sapiens[Organism]' target='_blank'>GPATCH2L</a>",-0.742820881180298,6.91313672152819,-6.50643412907821,8.87375597195189e-05,0.0154671319352475,1.89241956499186,"<a href='https://www.ncbi.nlm.nih.gov/gene?term=GPATCH2L[Gene Name] AND Homo sapiens[Organism]' target='_blank'>GPATCH2L</a>"
"212981_s_at","<a href='https://www.ncbi.nlm.nih.gov/gene?term=TCAF1[Gene Name] AND Homo sapiens[Organism]' target='_blank'>TCAF1</a>",0.501544498970672,8.44764375771503,6.24397343728444,0.00011595811795817,0.0160708485521211,1.62505569729675,"<a href='https://www.ncbi.nlm.nih.gov/gene?term=TCAF1[Gene Name] AND Homo sapiens[Organism]' target='_blank'>TCAF1</a>"
"224978_s_at","<a href='https://www.ncbi.nlm.nih.gov/gene?term=USP36[Gene Name] AND Homo sapiens[Organism]' target='_blank'>USP36</a>",-0.597747655642728,7.10548297708128,-6.27100655038655,0.000112093209992205,0.0160708485521211,1.65800248766147,"<a href='https://www.ncbi.nlm.nih.gov/gene?term=USP36[Gene Name] AND Homo sapiens[Organism]' target='_blank'>USP36</a>"
"1555446_s_at","<a href='https://www.ncbi.nlm.nih.gov/gene?term=TRAPPC10[Gene Name] AND Homo sapiens[Organism]' target='_blank'>TRAPPC10</a>",-0.50811133164484,6.64383292474279,-6.21920064736475,0.000119626725281177,0.0162060511615672,1.59476719273732,"<a href='https://www.ncbi.nlm.nih.gov/gene?term=TRAPPC10[Gene Name] AND Homo sapiens[Organism]' target='_blank'>TRAPPC10</a>"
"239680_at","<a href='https://www.ncbi.nlm.nih.gov/gene?term=WDR76[Gene Name] AND Homo sapiens[Organism]' target='_blank'>WDR76</a>",0.569712263782924,7.07730218198952,6.09884990073987,0.000139328675658031,0.0175218710443275,1.44630024784652,"<a href='https://www.ncbi.nlm.nih.gov/gene?term=WDR76[Gene Name] AND Homo sapiens[Organism]' target='_blank'>WDR76</a>"
"231403_at","<a href='https://www.ncbi.nlm.nih.gov/gene?term=TRIO[Gene Name] AND Homo sapiens[Organism]' target='_blank'>TRIO</a>",-0.554058090310762,7.06834684779065,-5.74953596894354,0.000219262037338736,0.0218971837583435,1.00282011320199,"<a href='https://www.ncbi.nlm.nih.gov/gene?term=TRIO[Gene Name] AND Homo sapiens[Organism]' target='_blank'>TRIO</a>"
"213718_at","<a href='https://www.ncbi.nlm.nih.gov/gene?term=RBM4[Gene Name] AND Homo sapiens[Organism]' target='_blank'>RBM4</a>",-0.551490665324932,6.68862841831881,-5.72764808810653,0.000225705313899487,0.0220541695926822,0.974402683518198,"<a href='https://www.ncbi.nlm.nih.gov/gene?term=RBM4[Gene Name] AND Homo sapiens[Organism]' target='_blank'>RBM4</a>"
"232504_at","<a href='https://www.ncbi.nlm.nih.gov/gene?term=MIR3142HG[Gene Name] AND Homo sapiens[Organism]' target='_blank'>MIR3142HG</a>",0.685685712162297,6.54290543036236,5.67031481613175,0.000255269373485704,0.0235436531070906,0.861870802913671,"<a href='https://www.ncbi.nlm.nih.gov/gene?term=MIR3142HG[Gene Name] AND Homo sapiens[Organism]' target='_blank'>MIR3142HG</a>"
"214157_at","<a href='https://www.ncbi.nlm.nih.gov/gene?term=GNAS[Gene Name] AND Homo sapiens[Organism]' target='_blank'>GNAS</a>",-0.592907901068771,6.79526792494871,-5.44453178604434,0.000344914231731075,0.0268629697422586,0.565501363263862,"<a href='https://www.ncbi.nlm.nih.gov/gene?term=GNAS[Gene Name] AND Homo sapiens[Organism]' target='_blank'>GNAS</a>"
"243296_at","<a href='https://www.ncbi.nlm.nih.gov/gene?term=NAMPT[Gene Name] AND Homo sapiens[Organism]' target='_blank'>NAMPT</a>",-0.68404965164654,6.86467039800031,-5.15808151928189,0.000676691834779179,0.0350794980914916,-0.0415952145843193,"<a href='https://www.ncbi.nlm.nih.gov/gene?term=NAMPT[Gene Name] AND Homo sapiens[Organism]' target='_blank'>NAMPT</a>"
"244804_at","<a href='https://www.ncbi.nlm.nih.gov/gene?term=SQSTM1[Gene Name] AND Homo sapiens[Organism]' target='_blank'>SQSTM1</a>",-0.514583772289789,7.28987056938923,-4.82017914523098,0.000824467011933408,0.0374512072109684,-0.297132778059348,"<a href='https://www.ncbi.nlm.nih.gov/gene?term=SQSTM1[Gene Name] AND Homo sapiens[Organism]' target='_blank'>SQSTM1</a>"
"235579_at","<a href='https://www.ncbi.nlm.nih.gov/gene?term=SCAF11[Gene Name] AND Homo sapiens[Organism]' target='_blank'>SCAF11</a>",-0.522608514055701,6.53021921221778,-4.71958135843702,0.000953746359675333,0.0380183937333081,-0.441841311849889,"<a href='https://www.ncbi.nlm.nih.gov/gene?term=SCAF11[Gene Name] AND Homo sapiens[Organism]' target='_blank'>SCAF11</a>"
"242439_s_at","<a href='https://www.ncbi.nlm.nih.gov/gene?term=ASXL1[Gene Name] AND Homo sapiens[Organism]' target='_blank'>ASXL1</a>",-0.564200854985714,6.71389192276491,-4.54614863977716,0.00130496048295589,0.0442479702842966,-0.738955312882318,"<a href='https://www.ncbi.nlm.nih.gov/gene?term=ASXL1[Gene Name] AND Homo sapiens[Organism]' target='_blank'>ASXL1</a>"
"232098_at","<a href='https://www.ncbi.nlm.nih.gov/gene?term=DST[Gene Name] AND Homo sapiens[Organism]' target='_blank'>DST</a>",-0.534655148122903,6.81659189276619,-4.49747840640852,0.00137805558395595,0.0454290071390526,-0.797465756389655,"<a href='https://www.ncbi.nlm.nih.gov/gene?term=DST[Gene Name] AND Homo sapiens[Organism]' target='_blank'>DST</a>"
