"probeID","gene_symbol","logFC","AveExpr","t","P.Value","adj.P.Val","B","url"
"207165_at","<a href='https://www.ncbi.nlm.nih.gov/gene?term=HMMR[Gene Name] AND Homo sapiens[Organism]' target='_blank'>HMMR</a>",-0.575490792648633,11.2161415376056,-26.858053408972,8.19306263529644e-10,3.05912501156886e-06,12.961325413645,"<a href='https://www.ncbi.nlm.nih.gov/gene?term=HMMR[Gene Name] AND Homo sapiens[Organism]' target='_blank'>HMMR</a>"
"214710_s_at","<a href='https://www.ncbi.nlm.nih.gov/gene?term=CCNB1[Gene Name] AND Homo sapiens[Organism]' target='_blank'>CCNB1</a>",-0.609159699647382,11.2168635368667,-26.6488779104012,8.77545901195887e-10,3.05912501156886e-06,12.905367294821,"<a href='https://www.ncbi.nlm.nih.gov/gene?term=CCNB1[Gene Name] AND Homo sapiens[Organism]' target='_blank'>CCNB1</a>"
"204170_s_at","<a href='https://www.ncbi.nlm.nih.gov/gene?term=CKS2[Gene Name] AND Homo sapiens[Organism]' target='_blank'>CKS2</a>",-0.528132850642413,11.9785704731934,-25.6947980353059,1.20855630312848e-09,3.08157717610225e-06,12.6415767347316,"<a href='https://www.ncbi.nlm.nih.gov/gene?term=CKS2[Gene Name] AND Homo sapiens[Organism]' target='_blank'>CKS2</a>"
"204641_at","<a href='https://www.ncbi.nlm.nih.gov/gene?term=NEK2[Gene Name] AND Homo sapiens[Organism]' target='_blank'>NEK2</a>",-0.691531407269723,10.8585656219287,-25.3775847135425,1.34771798176064e-09,3.08157717610225e-06,12.5506460483132,"<a href='https://www.ncbi.nlm.nih.gov/gene?term=NEK2[Gene Name] AND Homo sapiens[Organism]' target='_blank'>NEK2</a>"
"216109_at","<a href='https://www.ncbi.nlm.nih.gov/gene?term=MED13L[Gene Name] AND Homo sapiens[Organism]' target='_blank'>MED13L</a>",-1.73807142369199,6.19409720353576,-24.9817147596456,1.54697649402723e-09,3.08157717610225e-06,12.4348145508666,"<a href='https://www.ncbi.nlm.nih.gov/gene?term=MED13L[Gene Name] AND Homo sapiens[Organism]' target='_blank'>MED13L</a>"
"202779_s_at","<a href='https://www.ncbi.nlm.nih.gov/gene?term=UBE2S[Gene Name] AND Homo sapiens[Organism]' target='_blank'>UBE2S</a>",-0.724693816793234,9.89435898596221,-24.3417664265329,1.9421141871031e-09,3.35096267147546e-06,12.2418456743693,"<a href='https://www.ncbi.nlm.nih.gov/gene?term=UBE2S[Gene Name] AND Homo sapiens[Organism]' target='_blank'>UBE2S</a>"
"204092_s_at","<a href='https://www.ncbi.nlm.nih.gov/gene?term=AURKA[Gene Name] AND Homo sapiens[Organism]' target='_blank'>AURKA</a>",-0.607695655538256,10.7852261199284,-23.7608292200772,2.39977154524775e-09,3.35096267147546e-06,12.0602902947244,"<a href='https://www.ncbi.nlm.nih.gov/gene?term=AURKA[Gene Name] AND Homo sapiens[Organism]' target='_blank'>AURKA</a>"
"202705_at","<a href='https://www.ncbi.nlm.nih.gov/gene?term=CCNB2[Gene Name] AND Homo sapiens[Organism]' target='_blank'>CCNB2</a>",-0.516017510083755,11.0291028466699,-21.9531449985714,4.79454869975744e-09,4.86035225059901e-06,11.4532492225324,"<a href='https://www.ncbi.nlm.nih.gov/gene?term=CCNB2[Gene Name] AND Homo sapiens[Organism]' target='_blank'>CCNB2</a>"
"203764_at","<a href='https://www.ncbi.nlm.nih.gov/gene?term=DLGAP5[Gene Name] AND Homo sapiens[Organism]' target='_blank'>DLGAP5</a>",-0.548226042718673,10.3459247274123,-21.4396667224966,5.89529993292359e-09,5.11267340342618e-06,11.2682459555026,"<a href='https://www.ncbi.nlm.nih.gov/gene?term=DLGAP5[Gene Name] AND Homo sapiens[Organism]' target='_blank'>DLGAP5</a>"
"218542_at","<a href='https://www.ncbi.nlm.nih.gov/gene?term=CEP55[Gene Name] AND Homo sapiens[Organism]' target='_blank'>CEP55</a>",-0.528943458737709,10.8346771915069,-21.3032032837893,6.23317899155515e-09,5.11267340342618e-06,11.2180781998468,"<a href='https://www.ncbi.nlm.nih.gov/gene?term=CEP55[Gene Name] AND Homo sapiens[Organism]' target='_blank'>CEP55</a>"
"221258_s_at","<a href='https://www.ncbi.nlm.nih.gov/gene?term=KIF18A[Gene Name] AND Homo sapiens[Organism]' target='_blank'>KIF18A</a>",-0.775950524681827,8.88847768316051,-20.3240690149003,9.39482689850258e-09,7.11791046232665e-06,10.8452069842326,"<a href='https://www.ncbi.nlm.nih.gov/gene?term=KIF18A[Gene Name] AND Homo sapiens[Organism]' target='_blank'>KIF18A</a>"
"223381_at","<a href='https://www.ncbi.nlm.nih.gov/gene?term=NUF2[Gene Name] AND Homo sapiens[Organism]' target='_blank'>NUF2</a>",-0.650761547834458,10.0173072964511,-20.2499099156108,9.69881660816167e-09,7.11791046232665e-06,10.8160100312059,"<a href='https://www.ncbi.nlm.nih.gov/gene?term=NUF2[Gene Name] AND Homo sapiens[Organism]' target='_blank'>NUF2</a>"
"239937_at","<a href='https://www.ncbi.nlm.nih.gov/gene?term=ZNF207[Gene Name] AND Homo sapiens[Organism]' target='_blank'>ZNF207</a>",-1.60079658793793,6.67653547081345,-20.5450057136389,1.06649056095156e-08,7.28514466436085e-06,10.726020304197,"<a href='https://www.ncbi.nlm.nih.gov/gene?term=ZNF207[Gene Name] AND Homo sapiens[Organism]' target='_blank'>ZNF207</a>"
"207711_at","<a href='https://www.ncbi.nlm.nih.gov/gene?term=MTCL2[Gene Name] AND Homo sapiens[Organism]' target='_blank'>MTCL2</a>",-1.2630669745686,6.96819521297312,-19.6751691135741,1.246185862814e-08,7.61288830801731e-06,10.5849430036357,"<a href='https://www.ncbi.nlm.nih.gov/gene?term=MTCL2[Gene Name] AND Homo sapiens[Organism]' target='_blank'>MTCL2</a>"
"214805_at","<a href='https://www.ncbi.nlm.nih.gov/gene?term=EIF4A1[Gene Name] AND Homo sapiens[Organism]' target='_blank'>EIF4A1</a>",-1.1345515382857,6.6932929551634,-19.3092965685433,1.46718664878017e-08,7.61288830801731e-06,10.4332939762775,"<a href='https://www.ncbi.nlm.nih.gov/gene?term=EIF4A1[Gene Name] AND Homo sapiens[Organism]' target='_blank'>EIF4A1</a>"
"225300_at","<a href='https://www.ncbi.nlm.nih.gov/gene?term=KNSTRN[Gene Name] AND Homo sapiens[Organism]' target='_blank'>KNSTRN</a>",-0.67023175815374,9.53000608375566,-19.5352649214909,1.32600285227816e-08,7.61288830801731e-06,10.5273821783787,"<a href='https://www.ncbi.nlm.nih.gov/gene?term=KNSTRN[Gene Name] AND Homo sapiens[Organism]' target='_blank'>KNSTRN</a>"
"218755_at","<a href='https://www.ncbi.nlm.nih.gov/gene?term=KIF20A[Gene Name] AND Homo sapiens[Organism]' target='_blank'>KIF20A</a>",-0.630316232528161,9.30484993307106,-18.8699810966753,1.79200975834002e-08,8.61647726561834e-06,10.2463216053705,"<a href='https://www.ncbi.nlm.nih.gov/gene?term=KIF20A[Gene Name] AND Homo sapiens[Organism]' target='_blank'>KIF20A</a>"
"242550_at","<a href='https://www.ncbi.nlm.nih.gov/gene?term=EIF3B[Gene Name] AND Homo sapiens[Organism]' target='_blank'>EIF3B</a>",-0.974862712957079,7.20341262359434,-18.1238059697956,2.54325185116625e-08,1.14397109073104e-05,9.9159355719112,"<a href='https://www.ncbi.nlm.nih.gov/gene?term=EIF3B[Gene Name] AND Homo sapiens[Organism]' target='_blank'>EIF3B</a>"
"204962_s_at","<a href='https://www.ncbi.nlm.nih.gov/gene?term=CENPA[Gene Name] AND Homo sapiens[Organism]' target='_blank'>CENPA</a>",-0.618453218973034,9.43557019485638,-18.0147557902318,2.67984015434714e-08,1.16774034725677e-05,9.86624378755843,"<a href='https://www.ncbi.nlm.nih.gov/gene?term=CENPA[Gene Name] AND Homo sapiens[Organism]' target='_blank'>CENPA</a>"
"1552619_a_at","<a href='https://www.ncbi.nlm.nih.gov/gene?term=ANLN[Gene Name] AND Homo sapiens[Organism]' target='_blank'>ANLN</a>",-0.502128427188927,10.0212793568164,-17.3293973557309,3.74940504621251e-08,1.41301902606452e-05,9.54530634150434,"<a href='https://www.ncbi.nlm.nih.gov/gene?term=ANLN[Gene Name] AND Homo sapiens[Organism]' target='_blank'>ANLN</a>"
"232124_at","<a href='https://www.ncbi.nlm.nih.gov/gene?term=GASK1A[Gene Name] AND Homo sapiens[Organism]' target='_blank'>GASK1A</a>",0.913029158586325,7.02774045847818,17.4128435615752,3.5967809405026e-08,1.41301902606452e-05,9.58519757932824,"<a href='https://www.ncbi.nlm.nih.gov/gene?term=GASK1A[Gene Name] AND Homo sapiens[Organism]' target='_blank'>GASK1A</a>"
"218368_s_at","<a href='https://www.ncbi.nlm.nih.gov/gene?term=TNFRSF12A[Gene Name] AND Homo sapiens[Organism]' target='_blank'>TNFRSF12A</a>",-0.509082810952714,9.57876299553881,-17.0968488397464,4.21403083933167e-08,1.50667810317028e-05,9.4329075592606,"<a href='https://www.ncbi.nlm.nih.gov/gene?term=TNFRSF12A[Gene Name] AND Homo sapiens[Organism]' target='_blank'>TNFRSF12A</a>"
"202870_s_at","<a href='https://www.ncbi.nlm.nih.gov/gene?term=CDC20[Gene Name] AND Homo sapiens[Organism]' target='_blank'>CDC20</a>",-0.741212125772899,9.58943037651549,-16.9969113812944,5.18737468249503e-08,1.68215703657467e-05,9.23923122786534,"<a href='https://www.ncbi.nlm.nih.gov/gene?term=CDC20[Gene Name] AND Homo sapiens[Organism]' target='_blank'>CDC20</a>"
"221591_s_at","<a href='https://www.ncbi.nlm.nih.gov/gene?term=PIMREG[Gene Name] AND Homo sapiens[Organism]' target='_blank'>PIMREG</a>",-0.704841342541547,8.06160321486883,-16.6914756676356,5.18465891317025e-08,1.68215703657467e-05,9.23254303346943,"<a href='https://www.ncbi.nlm.nih.gov/gene?term=PIMREG[Gene Name] AND Homo sapiens[Organism]' target='_blank'>PIMREG</a>"
"210052_s_at","<a href='https://www.ncbi.nlm.nih.gov/gene?term=TPX2[Gene Name] AND Homo sapiens[Organism]' target='_blank'>TPX2</a>",-0.538628958923036,9.77915715388249,-16.3744989924702,6.11733225378574e-08,1.80854241214095e-05,9.07181499627847,"<a href='https://www.ncbi.nlm.nih.gov/gene?term=TPX2[Gene Name] AND Homo sapiens[Organism]' target='_blank'>TPX2</a>"
"223679_at","<a href='https://www.ncbi.nlm.nih.gov/gene?term=CTNNB1[Gene Name] AND Homo sapiens[Organism]' target='_blank'>CTNNB1</a>",-1.19536721754628,6.40585904013377,-16.4107109595064,6.00189946153481e-08,1.80854241214095e-05,9.09036120645749,"<a href='https://www.ncbi.nlm.nih.gov/gene?term=CTNNB1[Gene Name] AND Homo sapiens[Organism]' target='_blank'>CTNNB1</a>"
"1552729_at","<a href='https://www.ncbi.nlm.nih.gov/gene?term=SNHG7[Gene Name] AND Homo sapiens[Organism]' target='_blank'>SNHG7</a>",-1.07754603899686,6.48066886649574,-16.1837746781115,6.76742150557121e-08,1.8872985094737e-05,8.97333541306483,"<a href='https://www.ncbi.nlm.nih.gov/gene?term=SNHG7[Gene Name] AND Homo sapiens[Organism]' target='_blank'>SNHG7</a>"
"221520_s_at","<a href='https://www.ncbi.nlm.nih.gov/gene?term=CDCA8[Gene Name] AND Homo sapiens[Organism]' target='_blank'>CDCA8</a>",-0.621552189843108,9.02569499881085,-16.1973821381683,6.71858516996658e-08,1.8872985094737e-05,8.98040637265134,"<a href='https://www.ncbi.nlm.nih.gov/gene?term=CDCA8[Gene Name] AND Homo sapiens[Organism]' target='_blank'>CDCA8</a>"
"215224_at","<a href='https://www.ncbi.nlm.nih.gov/gene?term=SNORA21[Gene Name] AND Homo sapiens[Organism]' target='_blank'>SNORA21</a>",-1.0540289498347,6.74118704052393,-16.0723572793908,7.18243328015897e-08,1.93608305057369e-05,8.91517687803499,"<a href='https://www.ncbi.nlm.nih.gov/gene?term=SNORA21[Gene Name] AND Homo sapiens[Organism]' target='_blank'>SNORA21</a>"
"201853_s_at","<a href='https://www.ncbi.nlm.nih.gov/gene?term=CDC25B[Gene Name] AND Homo sapiens[Organism]' target='_blank'>CDC25B</a>",-0.570484921497393,8.95991124497237,-15.290304696327,1.10301975554185e-07,2.44158625874736e-05,8.49339087392058,"<a href='https://www.ncbi.nlm.nih.gov/gene?term=CDC25B[Gene Name] AND Homo sapiens[Organism]' target='_blank'>CDC25B</a>"
"204709_s_at","<a href='https://www.ncbi.nlm.nih.gov/gene?term=KIF23[Gene Name] AND Homo sapiens[Organism]' target='_blank'>KIF23</a>",-0.55739645784098,9.1785667689052,-15.3548269286477,1.06384465654322e-07,2.44158625874736e-05,8.5291156079512,"<a href='https://www.ncbi.nlm.nih.gov/gene?term=KIF23[Gene Name] AND Homo sapiens[Organism]' target='_blank'>KIF23</a>"
"204822_at","<a href='https://www.ncbi.nlm.nih.gov/gene?term=TTK[Gene Name] AND Homo sapiens[Organism]' target='_blank'>TTK</a>",-0.552441445832176,8.95838046173926,-15.2901326631084,1.1031263217232e-07,2.44158625874736e-05,8.49329539346238,"<a href='https://www.ncbi.nlm.nih.gov/gene?term=TTK[Gene Name] AND Homo sapiens[Organism]' target='_blank'>TTK</a>"
"209642_at","<a href='https://www.ncbi.nlm.nih.gov/gene?term=BUB1[Gene Name] AND Homo sapiens[Organism]' target='_blank'>BUB1</a>",-0.563731038586308,8.63455871562603,-15.4734236433503,9.95798037819839e-08,2.44158625874736e-05,8.594336612935,"<a href='https://www.ncbi.nlm.nih.gov/gene?term=BUB1[Gene Name] AND Homo sapiens[Organism]' target='_blank'>BUB1</a>"
"222039_at","<a href='https://www.ncbi.nlm.nih.gov/gene?term=KIF18B[Gene Name] AND Homo sapiens[Organism]' target='_blank'>KIF18B</a>",-0.530088173973843,9.30199565599478,-15.2972969971424,1.09869801157139e-07,2.44158625874736e-05,8.49727065042883,"<a href='https://www.ncbi.nlm.nih.gov/gene?term=KIF18B[Gene Name] AND Homo sapiens[Organism]' target='_blank'>KIF18B</a>"
"208511_at","<a href='https://www.ncbi.nlm.nih.gov/gene?term=PTTG3P[Gene Name] AND Homo sapiens[Organism]' target='_blank'>PTTG3P</a>",-0.612797264104923,8.8259806449642,-15.0872986868703,1.23709404898325e-07,2.5853920726227e-05,8.37986478104713,"<a href='https://www.ncbi.nlm.nih.gov/gene?term=PTTG3P[Gene Name] AND Homo sapiens[Organism]' target='_blank'>PTTG3P</a>"
"219544_at","<a href='https://www.ncbi.nlm.nih.gov/gene?term=BORA[Gene Name] AND Homo sapiens[Organism]' target='_blank'>BORA</a>",-0.672503081579113,8.0624211632904,-15.1231498094853,1.21215809121869e-07,2.5853920726227e-05,8.40003889090848,"<a href='https://www.ncbi.nlm.nih.gov/gene?term=BORA[Gene Name] AND Homo sapiens[Organism]' target='_blank'>BORA</a>"
"223255_at","<a href='https://www.ncbi.nlm.nih.gov/gene?term=G2E3[Gene Name] AND Homo sapiens[Organism]' target='_blank'>G2E3</a>",-0.51258072382563,8.96590781617897,-15.0539440953471,1.26080508418204e-07,2.5853920726227e-05,8.36104684687576,"<a href='https://www.ncbi.nlm.nih.gov/gene?term=G2E3[Gene Name] AND Homo sapiens[Organism]' target='_blank'>G2E3</a>"
"228049_x_at","<a href='https://www.ncbi.nlm.nih.gov/gene?term=SNHG19[Gene Name] AND Homo sapiens[Organism]' target='_blank'>SNHG19</a>",0.539153315437375,8.77203144624163,14.8802377678091,1.39272383007208e-07,2.80087647935022e-05,8.26228027772572,"<a href='https://www.ncbi.nlm.nih.gov/gene?term=SNHG19[Gene Name] AND Homo sapiens[Organism]' target='_blank'>SNHG19</a>"
"225056_at","<a href='https://www.ncbi.nlm.nih.gov/gene?term=SIPA1L2[Gene Name] AND Homo sapiens[Organism]' target='_blank'>SIPA1L2</a>",-0.693338159621669,7.41890390466525,-14.5656013258191,1.67244851185042e-07,3.28459465482286e-05,8.08004957191659,"<a href='https://www.ncbi.nlm.nih.gov/gene?term=SIPA1L2[Gene Name] AND Homo sapiens[Organism]' target='_blank'>SIPA1L2</a>"
"204649_at","<a href='https://www.ncbi.nlm.nih.gov/gene?term=TROAP[Gene Name] AND Homo sapiens[Organism]' target='_blank'>TROAP</a>",-0.685950716912885,7.19006319407363,-14.0928251384423,2.21735707522029e-07,3.97063956495715e-05,7.79785085934583,"<a href='https://www.ncbi.nlm.nih.gov/gene?term=TROAP[Gene Name] AND Homo sapiens[Organism]' target='_blank'>TROAP</a>"
"218355_at","<a href='https://www.ncbi.nlm.nih.gov/gene?term=KIF4A[Gene Name] AND Homo sapiens[Organism]' target='_blank'>KIF4A</a>",-0.580183554037358,8.85222653443871,-14.1382368372946,2.15728338282212e-07,3.97063956495715e-05,7.82540621380744,"<a href='https://www.ncbi.nlm.nih.gov/gene?term=KIF4A[Gene Name] AND Homo sapiens[Organism]' target='_blank'>KIF4A</a>"
"227420_at","<a href='https://www.ncbi.nlm.nih.gov/gene?term=TNFAIP8L1[Gene Name] AND Homo sapiens[Organism]' target='_blank'>TNFAIP8L1</a>",-0.830327577166159,6.37329223242676,-14.0483098365919,2.27804909062372e-07,3.97063956495715e-05,7.77074489815606,"<a href='https://www.ncbi.nlm.nih.gov/gene?term=TNFAIP8L1[Gene Name] AND Homo sapiens[Organism]' target='_blank'>TNFAIP8L1</a>"
"241365_at","<a href='https://www.ncbi.nlm.nih.gov/gene?term=SATB1[Gene Name] AND Homo sapiens[Organism]' target='_blank'>SATB1</a>",0.510803044952288,8.92920607595787,14.1233800476138,2.17673611665203e-07,3.97063956495715e-05,7.81640195417087,"<a href='https://www.ncbi.nlm.nih.gov/gene?term=SATB1[Gene Name] AND Homo sapiens[Organism]' target='_blank'>SATB1</a>"
"206364_at","<a href='https://www.ncbi.nlm.nih.gov/gene?term=KIF14[Gene Name] AND Homo sapiens[Organism]' target='_blank'>KIF14</a>",-0.57308958674389,9.23614650926102,-13.8697203923189,2.54073237748651e-07,4.37382373724345e-05,7.66104858513687,"<a href='https://www.ncbi.nlm.nih.gov/gene?term=KIF14[Gene Name] AND Homo sapiens[Organism]' target='_blank'>KIF14</a>"
"218870_at","<a href='https://www.ncbi.nlm.nih.gov/gene?term=ARHGAP15[Gene Name] AND Homo sapiens[Organism]' target='_blank'>ARHGAP15</a>",0.661152439100266,7.27489443352298,13.7808219644578,2.68386978575293e-07,4.56388784055352e-05,7.60586940711353,"<a href='https://www.ncbi.nlm.nih.gov/gene?term=ARHGAP15[Gene Name] AND Homo sapiens[Organism]' target='_blank'>ARHGAP15</a>"
"203418_at","<a href='https://www.ncbi.nlm.nih.gov/gene?term=CCNA2[Gene Name] AND Homo sapiens[Organism]' target='_blank'>CCNA2</a>",-0.500479580547816,9.45530288594337,-13.719125891649,2.78845504646406e-07,4.61177936813005e-05,7.56734733525005,"<a href='https://www.ncbi.nlm.nih.gov/gene?term=CCNA2[Gene Name] AND Homo sapiens[Organism]' target='_blank'>CCNA2</a>"
"206683_at","<a href='https://www.ncbi.nlm.nih.gov/gene?term=ZNF165[Gene Name] AND Homo sapiens[Organism]' target='_blank'>ZNF165</a>",-0.521821834678683,8.59724693866939,-13.6043347950217,2.99527577690223e-07,4.85652621315404e-05,7.49517252928978,"<a href='https://www.ncbi.nlm.nih.gov/gene?term=ZNF165[Gene Name] AND Homo sapiens[Organism]' target='_blank'>ZNF165</a>"
"226413_at","<a href='https://www.ncbi.nlm.nih.gov/gene?term=LINC00938[Gene Name] AND Homo sapiens[Organism]' target='_blank'>LINC00938</a>",0.500972977386985,8.74669936201685,13.4028550713547,3.40064922568818e-07,5.2591586734278e-05,7.36689248005382,"<a href='https://www.ncbi.nlm.nih.gov/gene?term=LINC00938[Gene Name] AND Homo sapiens[Organism]' target='_blank'>LINC00938</a>"
"227249_at","<a href='https://www.ncbi.nlm.nih.gov/gene?term=NDE1[Gene Name] AND Homo sapiens[Organism]' target='_blank'>NDE1</a>",-0.502288991042821,8.31659142761274,-13.2588653044615,3.72755474766898e-07,5.58892724747271e-05,7.27394351302096,"<a href='https://www.ncbi.nlm.nih.gov/gene?term=NDE1[Gene Name] AND Homo sapiens[Organism]' target='_blank'>NDE1</a>"
"205749_at","<a href='https://www.ncbi.nlm.nih.gov/gene?term=CYP1A1[Gene Name] AND Homo sapiens[Organism]' target='_blank'>CYP1A1</a>",-0.617363374981372,7.28752413842315,-13.021192855835,4.34604106404781e-07,6.38147148363674e-05,7.11814476281265,"<a href='https://www.ncbi.nlm.nih.gov/gene?term=CYP1A1[Gene Name] AND Homo sapiens[Organism]' target='_blank'>CYP1A1</a>"
"1569190_at","<a href='https://www.ncbi.nlm.nih.gov/gene?term=SCLT1[Gene Name] AND Homo sapiens[Organism]' target='_blank'>SCLT1</a>",-0.671224432990385,6.80518473950269,-12.9390320440767,4.58562751697506e-07,6.66062396840627e-05,7.0635855766829,"<a href='https://www.ncbi.nlm.nih.gov/gene?term=SCLT1[Gene Name] AND Homo sapiens[Organism]' target='_blank'>SCLT1</a>"
"204595_s_at","<a href='https://www.ncbi.nlm.nih.gov/gene?term=STC1[Gene Name] AND Homo sapiens[Organism]' target='_blank'>STC1</a>",0.563120991454852,8.32339135975556,12.90798014533,4.67995524717975e-07,6.72755628522417e-05,7.04287027995739,"<a href='https://www.ncbi.nlm.nih.gov/gene?term=STC1[Gene Name] AND Homo sapiens[Organism]' target='_blank'>STC1</a>"
"202094_at","<a href='https://www.ncbi.nlm.nih.gov/gene?term=BIRC5[Gene Name] AND Homo sapiens[Organism]' target='_blank'>BIRC5</a>",-0.686315116548622,7.51098584299121,-12.7648112463945,5.14356992900379e-07,7.17219390900288e-05,6.94667720573839,"<a href='https://www.ncbi.nlm.nih.gov/gene?term=BIRC5[Gene Name] AND Homo sapiens[Organism]' target='_blank'>BIRC5</a>"
"209949_at","<a href='https://www.ncbi.nlm.nih.gov/gene?term=NCF2[Gene Name] AND Homo sapiens[Organism]' target='_blank'>NCF2</a>",-0.737121047690407,6.41253714418712,-12.7717486536366,5.11996788635442e-07,7.17219390900288e-05,6.95136438546732,"<a href='https://www.ncbi.nlm.nih.gov/gene?term=NCF2[Gene Name] AND Homo sapiens[Organism]' target='_blank'>NCF2</a>"
"210367_s_at","<a href='https://www.ncbi.nlm.nih.gov/gene?term=PTGES[Gene Name] AND Homo sapiens[Organism]' target='_blank'>PTGES</a>",0.510772280613165,8.12789779553201,12.5835645501929,5.8049772270229e-07,7.7831348513084e-05,6.82326747221561,"<a href='https://www.ncbi.nlm.nih.gov/gene?term=PTGES[Gene Name] AND Homo sapiens[Organism]' target='_blank'>PTGES</a>"
"1555878_at","<a href='https://www.ncbi.nlm.nih.gov/gene?term=RPS24[Gene Name] AND Homo sapiens[Organism]' target='_blank'>RPS24</a>",0.626630890226994,7.51732510464132,12.4607307642571,6.30659981575772e-07,8.29615356895525e-05,6.73857397063412,"<a href='https://www.ncbi.nlm.nih.gov/gene?term=RPS24[Gene Name] AND Homo sapiens[Organism]' target='_blank'>RPS24</a>"
"201896_s_at","<a href='https://www.ncbi.nlm.nih.gov/gene?term=PSRC1[Gene Name] AND Homo sapiens[Organism]' target='_blank'>PSRC1</a>",-0.591693769366262,7.39149238889201,-12.4244220421735,6.46392588001714e-07,8.42364322158495e-05,6.71337338982919,"<a href='https://www.ncbi.nlm.nih.gov/gene?term=PSRC1[Gene Name] AND Homo sapiens[Organism]' target='_blank'>PSRC1</a>"
"230165_at","<a href='https://www.ncbi.nlm.nih.gov/gene?term=SGO2[Gene Name] AND Homo sapiens[Organism]' target='_blank'>SGO2</a>",-0.52463022770741,8.92831904652899,-12.3773491717956,6.67439604297045e-07,8.61738689103518e-05,6.68058816875841,"<a href='https://www.ncbi.nlm.nih.gov/gene?term=SGO2[Gene Name] AND Homo sapiens[Organism]' target='_blank'>SGO2</a>"
"223339_at","<a href='https://www.ncbi.nlm.nih.gov/gene?term=ATP5IF1[Gene Name] AND Homo sapiens[Organism]' target='_blank'>ATP5IF1</a>",0.515365571244026,7.80763854215866,12.3290676352784,6.89817958979701e-07,8.62513354082186e-05,6.64682710770112,"<a href='https://www.ncbi.nlm.nih.gov/gene?term=ATP5IF1[Gene Name] AND Homo sapiens[Organism]' target='_blank'>ATP5IF1</a>"
"218308_at","<a href='https://www.ncbi.nlm.nih.gov/gene?term=TACC3[Gene Name] AND Homo sapiens[Organism]' target='_blank'>TACC3</a>",-0.510607200458461,7.83103271049694,-12.1623741367663,7.7370303255176e-07,9.14280939483198e-05,6.52921103372003,"<a href='https://www.ncbi.nlm.nih.gov/gene?term=TACC3[Gene Name] AND Homo sapiens[Organism]' target='_blank'>TACC3</a>"
"204602_at","<a href='https://www.ncbi.nlm.nih.gov/gene?term=DKK1[Gene Name] AND Homo sapiens[Organism]' target='_blank'>DKK1</a>",-0.730417478575665,6.82700875191492,-12.064745827664,8.28037074996132e-07,9.38711298678542e-05,6.45955624886789,"<a href='https://www.ncbi.nlm.nih.gov/gene?term=DKK1[Gene Name] AND Homo sapiens[Organism]' target='_blank'>DKK1</a>"
"228038_at","<a href='https://www.ncbi.nlm.nih.gov/gene?term=SOX2[Gene Name] AND Homo sapiens[Organism]' target='_blank'>SOX2</a>",0.714142362088674,6.73624244808359,12.0672271979274,8.26604898906486e-07,9.38711298678542e-05,6.46133375351543,"<a href='https://www.ncbi.nlm.nih.gov/gene?term=SOX2[Gene Name] AND Homo sapiens[Organism]' target='_blank'>SOX2</a>"
"1557675_at","<a href='https://www.ncbi.nlm.nih.gov/gene?term=RAF1[Gene Name] AND Homo sapiens[Organism]' target='_blank'>RAF1</a>",-0.71986615194874,6.56839915566099,-12.0175182405744,8.55825665569943e-07,9.4986392292103e-05,6.4256539644072,"<a href='https://www.ncbi.nlm.nih.gov/gene?term=RAF1[Gene Name] AND Homo sapiens[Organism]' target='_blank'>RAF1</a>"
"223494_at","<a href='https://www.ncbi.nlm.nih.gov/gene?term=OGA[Gene Name] AND Homo sapiens[Organism]' target='_blank'>OGA</a>",-1.0600305375696,7.75787558167657,-14.3590592679053,8.45916840792124e-07,9.4986392292103e-05,6.59589469981437,"<a href='https://www.ncbi.nlm.nih.gov/gene?term=OGA[Gene Name] AND Homo sapiens[Organism]' target='_blank'>OGA</a>"
"215470_at","<a href='https://www.ncbi.nlm.nih.gov/gene?term=GTF2H2B[Gene Name] AND Homo sapiens[Organism]' target='_blank'>GTF2H2B</a>",-0.785722445993217,6.81913137604734,-11.9905373079977,8.72163260944212e-07,9.54122940352852e-05,6.40622473274645,"<a href='https://www.ncbi.nlm.nih.gov/gene?term=GTF2H2B[Gene Name] AND Homo sapiens[Organism]' target='_blank'>GTF2H2B</a>"
"217997_at","<a href='https://www.ncbi.nlm.nih.gov/gene?term=PHLDA1[Gene Name] AND Homo sapiens[Organism]' target='_blank'>PHLDA1</a>",0.542707558927058,8.01718702685317,11.9845353006343,8.75844351442664e-07,9.54122940352852e-05,6.40189657763145,"<a href='https://www.ncbi.nlm.nih.gov/gene?term=PHLDA1[Gene Name] AND Homo sapiens[Organism]' target='_blank'>PHLDA1</a>"
"221577_x_at","<a href='https://www.ncbi.nlm.nih.gov/gene?term=GDF15[Gene Name] AND Homo sapiens[Organism]' target='_blank'>GDF15</a>",-0.509705102973566,8.22907846631836,-11.7475611550226,1.03587735954312e-06,0.000105380140719607,6.2292294267768,"<a href='https://www.ncbi.nlm.nih.gov/gene?term=GDF15[Gene Name] AND Homo sapiens[Organism]' target='_blank'>GDF15</a>"
"226980_at","<a href='https://www.ncbi.nlm.nih.gov/gene?term=DEPDC1B[Gene Name] AND Homo sapiens[Organism]' target='_blank'>DEPDC1B</a>",-0.634302109895971,9.24057811971474,-12.5130878460287,1.13074454448796e-06,0.000110259454044337,6.21663209313594,"<a href='https://www.ncbi.nlm.nih.gov/gene?term=DEPDC1B[Gene Name] AND Homo sapiens[Organism]' target='_blank'>DEPDC1B</a>"
"242438_at","<a href='https://www.ncbi.nlm.nih.gov/gene?term=ASXL1[Gene Name] AND Homo sapiens[Organism]' target='_blank'>ASXL1</a>",-0.61751012094969,6.60672275239771,-11.5844783323642,1.16474082166259e-06,0.00011209950470303,6.10834793701433,"<a href='https://www.ncbi.nlm.nih.gov/gene?term=ASXL1[Gene Name] AND Homo sapiens[Organism]' target='_blank'>ASXL1</a>"
"238797_at","<a href='https://www.ncbi.nlm.nih.gov/gene?term=TRIM11[Gene Name] AND Homo sapiens[Organism]' target='_blank'>TRIM11</a>",-0.771191305742147,6.37073230642001,-11.3104848755321,1.4230835621289e-06,0.000129695929348532,5.90137272841149,"<a href='https://www.ncbi.nlm.nih.gov/gene?term=TRIM11[Gene Name] AND Homo sapiens[Organism]' target='_blank'>TRIM11</a>"
"228613_at","<a href='https://www.ncbi.nlm.nih.gov/gene?term=RAB11FIP3[Gene Name] AND Homo sapiens[Organism]' target='_blank'>RAB11FIP3</a>",-0.530166395720255,7.55328607857149,-11.1676076644272,1.58248405391938e-06,0.000142060544125041,5.79146103218061,"<a href='https://www.ncbi.nlm.nih.gov/gene?term=RAB11FIP3[Gene Name] AND Homo sapiens[Organism]' target='_blank'>RAB11FIP3</a>"
"240452_at","<a href='https://www.ncbi.nlm.nih.gov/gene?term=GSPT1[Gene Name] AND Homo sapiens[Organism]' target='_blank'>GSPT1</a>",-0.969707156828626,6.8115069039061,-11.7709985613667,1.92398573958733e-06,0.000159690816385749,5.67653636762736,"<a href='https://www.ncbi.nlm.nih.gov/gene?term=GSPT1[Gene Name] AND Homo sapiens[Organism]' target='_blank'>GSPT1</a>"
"240192_at","<a href='https://www.ncbi.nlm.nih.gov/gene?term=GATA3-AS1[Gene Name] AND Homo sapiens[Organism]' target='_blank'>GATA3-AS1</a>",0.794071023785061,6.96289662048456,10.9496565997987,2.18727033571925e-06,0.000172312415600391,5.47902164360426,"<a href='https://www.ncbi.nlm.nih.gov/gene?term=GATA3-AS1[Gene Name] AND Homo sapiens[Organism]' target='_blank'>GATA3-AS1</a>"
"1559993_at","<a href='https://www.ncbi.nlm.nih.gov/gene?term=SFXN3[Gene Name] AND Homo sapiens[Organism]' target='_blank'>SFXN3</a>",-0.872126477864261,6.30503044597092,-10.4896922011302,2.79547146985638e-06,0.000206106819641732,5.20749590020278,"<a href='https://www.ncbi.nlm.nih.gov/gene?term=SFXN3[Gene Name] AND Homo sapiens[Organism]' target='_blank'>SFXN3</a>"
"214599_at","<a href='https://www.ncbi.nlm.nih.gov/gene?term=IVL[Gene Name] AND Homo sapiens[Organism]' target='_blank'>IVL</a>",-0.546571807477695,7.23423182351632,-10.4226588700296,2.80839757113662e-06,0.000206106819641732,5.195192692145,"<a href='https://www.ncbi.nlm.nih.gov/gene?term=IVL[Gene Name] AND Homo sapiens[Organism]' target='_blank'>IVL</a>"
"230807_at","<a href='https://www.ncbi.nlm.nih.gov/gene?term=ODAD3[Gene Name] AND Homo sapiens[Organism]' target='_blank'>ODAD3</a>",0.526940955761035,6.80322443186886,10.2569825791457,3.20594479782184e-06,0.000220215242664176,5.05702952405578,"<a href='https://www.ncbi.nlm.nih.gov/gene?term=ODAD3[Gene Name] AND Homo sapiens[Organism]' target='_blank'>ODAD3</a>"
"223315_at","<a href='https://www.ncbi.nlm.nih.gov/gene?term=NTN4[Gene Name] AND Homo sapiens[Organism]' target='_blank'>NTN4</a>",-0.537950450995902,6.66746034039544,-10.1206012167421,3.58004891328482e-06,0.000240000971379055,4.9417052154932,"<a href='https://www.ncbi.nlm.nih.gov/gene?term=NTN4[Gene Name] AND Homo sapiens[Organism]' target='_blank'>NTN4</a>"
"209369_at","<a href='https://www.ncbi.nlm.nih.gov/gene?term=ANXA3[Gene Name] AND Homo sapiens[Organism]' target='_blank'>ANXA3</a>",-0.574310456824035,8.34753701215342,-10.2564292130265,3.97075673668964e-06,0.000256334407112965,4.8675969141977,"<a href='https://www.ncbi.nlm.nih.gov/gene?term=ANXA3[Gene Name] AND Homo sapiens[Organism]' target='_blank'>ANXA3</a>"
"229538_s_at","<a href='https://www.ncbi.nlm.nih.gov/gene?term=IQGAP3[Gene Name] AND Homo sapiens[Organism]' target='_blank'>IQGAP3</a>",-0.583892820704294,7.24504241261591,-9.99637503477833,3.96308502321623e-06,0.000256334407112965,4.83538364451526,"<a href='https://www.ncbi.nlm.nih.gov/gene?term=IQGAP3[Gene Name] AND Homo sapiens[Organism]' target='_blank'>IQGAP3</a>"
"211450_s_at","<a href='https://www.ncbi.nlm.nih.gov/gene?term=MSH6[Gene Name] AND Homo sapiens[Organism]' target='_blank'>MSH6</a>",0.556409587994948,7.62379980131208,9.87956434718798,4.36487140747032e-06,0.000274161112188136,4.7342794169731,"<a href='https://www.ncbi.nlm.nih.gov/gene?term=MSH6[Gene Name] AND Homo sapiens[Organism]' target='_blank'>MSH6</a>"
"230449_x_at","<a href='https://www.ncbi.nlm.nih.gov/gene?term=VPS13B-DT[Gene Name] AND Homo sapiens[Organism]' target='_blank'>VPS13B-DT</a>",0.552091265100004,6.80999896802992,9.73948373987026,4.9070769245895e-06,0.00029289952452301,4.61156447280332,"<a href='https://www.ncbi.nlm.nih.gov/gene?term=VPS13B-DT[Gene Name] AND Homo sapiens[Organism]' target='_blank'>VPS13B-DT</a>"
"205642_at","<a href='https://www.ncbi.nlm.nih.gov/gene?term=CNTRL[Gene Name] AND Homo sapiens[Organism]' target='_blank'>CNTRL</a>",-0.586998391679333,6.50705982155159,-9.72016250833324,4.9875272855982e-06,0.000294686781654158,4.59451103451069,"<a href='https://www.ncbi.nlm.nih.gov/gene?term=CNTRL[Gene Name] AND Homo sapiens[Organism]' target='_blank'>CNTRL</a>"
"238549_at","<a href='https://www.ncbi.nlm.nih.gov/gene?term=CBFA2T2[Gene Name] AND Homo sapiens[Organism]' target='_blank'>CBFA2T2</a>",-0.557601608035224,6.48965974966433,-9.54879013928178,5.76832972154284e-06,0.000331002426490508,4.44187943655901,"<a href='https://www.ncbi.nlm.nih.gov/gene?term=CBFA2T2[Gene Name] AND Homo sapiens[Organism]' target='_blank'>CBFA2T2</a>"
"214782_at","<a href='https://www.ncbi.nlm.nih.gov/gene?term=CTTN[Gene Name] AND Homo sapiens[Organism]' target='_blank'>CTTN</a>",-0.932392208050215,6.41431744644567,-10.0130557454468,6.74877765889035e-06,0.000367597483107684,4.3684559349324,"<a href='https://www.ncbi.nlm.nih.gov/gene?term=CTTN[Gene Name] AND Homo sapiens[Organism]' target='_blank'>CTTN</a>"
"213796_at","<a href='https://www.ncbi.nlm.nih.gov/gene?term=SPRR1A[Gene Name] AND Homo sapiens[Organism]' target='_blank'>SPRR1A</a>",-0.65383412637436,6.45940886591218,-9.33828970459432,6.91754804661503e-06,0.000372425829969112,4.25095404377779,"<a href='https://www.ncbi.nlm.nih.gov/gene?term=SPRR1A[Gene Name] AND Homo sapiens[Organism]' target='_blank'>SPRR1A</a>"
"204492_at","<a href='https://www.ncbi.nlm.nih.gov/gene?term=ARHGAP11A[Gene Name] AND Homo sapiens[Organism]' target='_blank'>ARHGAP11A</a>",-0.564443946110627,6.60038795073548,-9.27755705521266,7.29444967924825e-06,0.000388220634837548,4.19514808774654,"<a href='https://www.ncbi.nlm.nih.gov/gene?term=ARHGAP11A[Gene Name] AND Homo sapiens[Organism]' target='_blank'>ARHGAP11A</a>"
"235174_s_at","<a href='https://www.ncbi.nlm.nih.gov/gene?term=LINC01003[Gene Name] AND Homo sapiens[Organism]' target='_blank'>LINC01003</a>",0.51551861462386,7.25996835417453,9.23485307314407,7.57300921301011e-06,0.000392557771249862,4.15571202247139,"<a href='https://www.ncbi.nlm.nih.gov/gene?term=LINC01003[Gene Name] AND Homo sapiens[Organism]' target='_blank'>LINC01003</a>"
"235060_at","<a href='https://www.ncbi.nlm.nih.gov/gene?term=LOC100190986[Gene Name] AND Homo sapiens[Organism]' target='_blank'>LOC100190986</a>",-0.667242867788461,6.52894770768962,-9.16220107233097,8.0742587930197e-06,0.000410903155510462,4.08824413791235,"<a href='https://www.ncbi.nlm.nih.gov/gene?term=LOC100190986[Gene Name] AND Homo sapiens[Organism]' target='_blank'>LOC100190986</a>"
"211340_s_at","<a href='https://www.ncbi.nlm.nih.gov/gene?term=MCAM[Gene Name] AND Homo sapiens[Organism]' target='_blank'>MCAM</a>",-0.500961022811787,6.67702650164286,-9.13654712556583,8.25989970613326e-06,0.000415797983762896,4.06430695437906,"<a href='https://www.ncbi.nlm.nih.gov/gene?term=MCAM[Gene Name] AND Homo sapiens[Organism]' target='_blank'>MCAM</a>"
"229381_at","<a href='https://www.ncbi.nlm.nih.gov/gene?term=SRARP[Gene Name] AND Homo sapiens[Organism]' target='_blank'>SRARP</a>",0.551196535699876,6.60601744673593,9.00279712030831,9.30717493827497e-06,0.000449063139582374,3.93853472586572,"<a href='https://www.ncbi.nlm.nih.gov/gene?term=SRARP[Gene Name] AND Homo sapiens[Organism]' target='_blank'>SRARP</a>"
"220295_x_at","<a href='https://www.ncbi.nlm.nih.gov/gene?term=DEPDC1[Gene Name] AND Homo sapiens[Organism]' target='_blank'>DEPDC1</a>",-0.67443320256506,9.49048654180348,-11.2186764055638,1.03737212184256e-05,0.000485406606274248,4.12828400302748,"<a href='https://www.ncbi.nlm.nih.gov/gene?term=DEPDC1[Gene Name] AND Homo sapiens[Organism]' target='_blank'>DEPDC1</a>"
"228360_at","<a href='https://www.ncbi.nlm.nih.gov/gene?term=LYPD6B[Gene Name] AND Homo sapiens[Organism]' target='_blank'>LYPD6B</a>",-0.503890508219217,6.55695980313013,-8.59973979895644,1.34572160138157e-05,0.000597603248715435,3.54937303406822,"<a href='https://www.ncbi.nlm.nih.gov/gene?term=LYPD6B[Gene Name] AND Homo sapiens[Organism]' target='_blank'>LYPD6B</a>"
"1556053_at","<a href='https://www.ncbi.nlm.nih.gov/gene?term=DNAJC7[Gene Name] AND Homo sapiens[Organism]' target='_blank'>DNAJC7</a>",-0.845805608974923,6.35966806799261,-9.01800038869819,1.4987925845031e-05,0.000639118158969764,3.52658084239215,"<a href='https://www.ncbi.nlm.nih.gov/gene?term=DNAJC7[Gene Name] AND Homo sapiens[Organism]' target='_blank'>DNAJC7</a>"
"238762_at","<a href='https://www.ncbi.nlm.nih.gov/gene?term=MTHFD2L[Gene Name] AND Homo sapiens[Organism]' target='_blank'>MTHFD2L</a>",0.608606945770337,6.753526024692,8.14206352321682,2.25486422261785e-05,0.00086272241374398,3.01922495136203,"<a href='https://www.ncbi.nlm.nih.gov/gene?term=MTHFD2L[Gene Name] AND Homo sapiens[Organism]' target='_blank'>MTHFD2L</a>"
"230256_at","<a href='https://www.ncbi.nlm.nih.gov/gene?term=RUSC1-AS1[Gene Name] AND Homo sapiens[Organism]' target='_blank'>RUSC1-AS1</a>",-0.664296040078911,6.38239636113037,-8.07008584353162,2.41713434891067e-05,0.000901190410727551,2.94552551384811,"<a href='https://www.ncbi.nlm.nih.gov/gene?term=RUSC1-AS1[Gene Name] AND Homo sapiens[Organism]' target='_blank'>RUSC1-AS1</a>"
"230464_at","<a href='https://www.ncbi.nlm.nih.gov/gene?term=S1PR5[Gene Name] AND Homo sapiens[Organism]' target='_blank'>S1PR5</a>",0.502718197960283,6.55603535227841,7.88829619268161,2.67259352079323e-05,0.000953111101123805,2.82294527094853,"<a href='https://www.ncbi.nlm.nih.gov/gene?term=S1PR5[Gene Name] AND Homo sapiens[Organism]' target='_blank'>S1PR5</a>"
"215623_x_at","<a href='https://www.ncbi.nlm.nih.gov/gene?term=SMC4[Gene Name] AND Homo sapiens[Organism]' target='_blank'>SMC4</a>",-0.781346450702433,7.44720035118538,-9.22856344691451,3.43962601447296e-05,0.00110004920059199,2.84119341393121,"<a href='https://www.ncbi.nlm.nih.gov/gene?term=SMC4[Gene Name] AND Homo sapiens[Organism]' target='_blank'>SMC4</a>"
"1553810_a_at","<a href='https://www.ncbi.nlm.nih.gov/gene?term=CIP2A[Gene Name] AND Homo sapiens[Organism]' target='_blank'>CIP2A</a>",-0.509435913424952,6.88100745714231,-7.62070043694791,3.50317287218366e-05,0.00111163798100295,2.53576151385876,"<a href='https://www.ncbi.nlm.nih.gov/gene?term=CIP2A[Gene Name] AND Homo sapiens[Organism]' target='_blank'>CIP2A</a>"
"236665_at","<a href='https://www.ncbi.nlm.nih.gov/gene?term=CCDC18[Gene Name] AND Homo sapiens[Organism]' target='_blank'>CCDC18</a>",-0.674110553002762,6.51757486287164,-7.37125478700401,6.6921717070238e-05,0.00167688157874845,1.9335098762109,"<a href='https://www.ncbi.nlm.nih.gov/gene?term=CCDC18[Gene Name] AND Homo sapiens[Organism]' target='_blank'>CCDC18</a>"
"227593_at","<a href='https://www.ncbi.nlm.nih.gov/gene?term=SPEN-AS1[Gene Name] AND Homo sapiens[Organism]' target='_blank'>SPEN-AS1</a>",0.64183897388164,6.86009780095362,7.4653254232032,6.87279678662927e-05,0.00171132639987069,1.93208132771029,"<a href='https://www.ncbi.nlm.nih.gov/gene?term=SPEN-AS1[Gene Name] AND Homo sapiens[Organism]' target='_blank'>SPEN-AS1</a>"
"230229_at","<a href='https://www.ncbi.nlm.nih.gov/gene?term=DLG1[Gene Name] AND Homo sapiens[Organism]' target='_blank'>DLG1</a>",-0.788393039504255,7.27527270295797,-8.00899664121702,0.000123470833669893,0.00258058380021299,1.55112006945523,"<a href='https://www.ncbi.nlm.nih.gov/gene?term=DLG1[Gene Name] AND Homo sapiens[Organism]' target='_blank'>DLG1</a>"
"235709_at","<a href='https://www.ncbi.nlm.nih.gov/gene?term=GAS2L3[Gene Name] AND Homo sapiens[Organism]' target='_blank'>GAS2L3</a>",-0.733737412527826,7.70108293493104,-7.91006190861111,0.000139235433087315,0.00279851881549871,1.4318499367135,"<a href='https://www.ncbi.nlm.nih.gov/gene?term=GAS2L3[Gene Name] AND Homo sapiens[Organism]' target='_blank'>GAS2L3</a>"
"227891_s_at","<a href='https://www.ncbi.nlm.nih.gov/gene?term=TAF15[Gene Name] AND Homo sapiens[Organism]' target='_blank'>TAF15</a>",-0.501415382217696,6.77020200584529,-6.1340665477082,0.000240575004560339,0.0039848924327433,0.557049137387347,"<a href='https://www.ncbi.nlm.nih.gov/gene?term=TAF15[Gene Name] AND Homo sapiens[Organism]' target='_blank'>TAF15</a>"
"204315_s_at","<a href='https://www.ncbi.nlm.nih.gov/gene?term=GTSE1[Gene Name] AND Homo sapiens[Organism]' target='_blank'>GTSE1</a>",-0.526250817123064,7.63985583197807,-5.66914651760742,0.000939114241879551,0.0100421848073378,-0.664658899338562,"<a href='https://www.ncbi.nlm.nih.gov/gene?term=GTSE1[Gene Name] AND Homo sapiens[Organism]' target='_blank'>GTSE1</a>"
"223940_x_at","<a href='https://www.ncbi.nlm.nih.gov/gene?term=MALAT1[Gene Name] AND Homo sapiens[Organism]' target='_blank'>MALAT1</a>",-0.556291589601457,11.6916444419447,-7.48653013956754,0.00123858503707395,0.0119637799185992,-0.431538662479457,"<a href='https://www.ncbi.nlm.nih.gov/gene?term=MALAT1[Gene Name] AND Homo sapiens[Organism]' target='_blank'>MALAT1</a>"
"229574_at","<a href='https://www.ncbi.nlm.nih.gov/gene?term=TRA2A[Gene Name] AND Homo sapiens[Organism]' target='_blank'>TRA2A</a>",-0.615977260488543,6.44226337614224,-5.08694179695124,0.00169307753842027,0.0145371140367809,-1.31324718034567,"<a href='https://www.ncbi.nlm.nih.gov/gene?term=TRA2A[Gene Name] AND Homo sapiens[Organism]' target='_blank'>TRA2A</a>"
"225239_at","<a href='https://www.ncbi.nlm.nih.gov/gene?term=NEAT1[Gene Name] AND Homo sapiens[Organism]' target='_blank'>NEAT1</a>",-0.787617519949382,7.64919936576672,-5.36671831307961,0.00373818400845448,0.0250722644607452,-1.80207510392705,"<a href='https://www.ncbi.nlm.nih.gov/gene?term=NEAT1[Gene Name] AND Homo sapiens[Organism]' target='_blank'>NEAT1</a>"
