"probeID","gene_symbol","logFC","AveExpr","t","P.Value","adj.P.Val","B","url"
"219612_s_at","<a href='https://www.ncbi.nlm.nih.gov/gene?term=FGG[Gene Name] AND Homo sapiens[Organism]' target='_blank'>FGG</a>",1.85832241298283,7.49921050475164,26.2671324257041,1.68193138740973e-08,0.000107029703837818,9.68877578278487,"<a href='https://www.ncbi.nlm.nih.gov/gene?term=FGG[Gene Name] AND Homo sapiens[Organism]' target='_blank'>FGG</a>"
"214805_at","<a href='https://www.ncbi.nlm.nih.gov/gene?term=EIF4A1[Gene Name] AND Homo sapiens[Organism]' target='_blank'>EIF4A1</a>",-1.60869929374122,6.99195609716099,-19.9728934740125,1.21376673347213e-07,0.00026813200109063,8.23336541599769,"<a href='https://www.ncbi.nlm.nih.gov/gene?term=EIF4A1[Gene Name] AND Homo sapiens[Organism]' target='_blank'>EIF4A1</a>"
"202917_s_at","<a href='https://www.ncbi.nlm.nih.gov/gene?term=S100A8[Gene Name] AND Homo sapiens[Organism]' target='_blank'>S100A8</a>",0.664294432238712,11.2226426490711,19.194700505813,1.61478510480018e-07,0.000275280457905461,8.00137243387718,"<a href='https://www.ncbi.nlm.nih.gov/gene?term=S100A8[Gene Name] AND Homo sapiens[Organism]' target='_blank'>S100A8</a>"
"204988_at","<a href='https://www.ncbi.nlm.nih.gov/gene?term=FGB[Gene Name] AND Homo sapiens[Organism]' target='_blank'>FGB</a>",1.57301454353904,6.17011875455383,18.2211711898298,2.34547629372411e-07,0.000302807087758944,7.69049356526759,"<a href='https://www.ncbi.nlm.nih.gov/gene?term=FGB[Gene Name] AND Homo sapiens[Organism]' target='_blank'>FGB</a>"
"206561_s_at","<a href='https://www.ncbi.nlm.nih.gov/gene?term=AKR1B10[Gene Name] AND Homo sapiens[Organism]' target='_blank'>AKR1B10</a>",0.701031680241439,10.0375119019374,18.1848473810575,2.37924953059593e-07,0.000302807087758944,7.67842251502617,"<a href='https://www.ncbi.nlm.nih.gov/gene?term=AKR1B10[Gene Name] AND Homo sapiens[Organism]' target='_blank'>AKR1B10</a>"
"242550_at","<a href='https://www.ncbi.nlm.nih.gov/gene?term=EIF3B[Gene Name] AND Homo sapiens[Organism]' target='_blank'>EIF3B</a>",-1.601639196504,7.33955464084602,-17.1411047801007,3.63190029801221e-07,0.000420210864480013,7.3160054449255,"<a href='https://www.ncbi.nlm.nih.gov/gene?term=EIF3B[Gene Name] AND Homo sapiens[Organism]' target='_blank'>EIF3B</a>"
"211506_s_at","<a href='https://www.ncbi.nlm.nih.gov/gene?term=CXCL8[Gene Name] AND Homo sapiens[Organism]' target='_blank'>CXCL8</a>",-0.853150861280175,9.04738039906083,-15.9232523792807,6.14475058013209e-07,0.000509426468634258,6.8518391343592,"<a href='https://www.ncbi.nlm.nih.gov/gene?term=CXCL8[Gene Name] AND Homo sapiens[Organism]' target='_blank'>CXCL8</a>"
"209160_at","<a href='https://www.ncbi.nlm.nih.gov/gene?term=AKR1C3[Gene Name] AND Homo sapiens[Organism]' target='_blank'>AKR1C3</a>",0.718817687257175,9.31037587962702,15.066767394655,9.10506907590354e-07,0.000551810543471544,6.49555373489933,"<a href='https://www.ncbi.nlm.nih.gov/gene?term=AKR1C3[Gene Name] AND Homo sapiens[Organism]' target='_blank'>AKR1C3</a>"
"204151_x_at","<a href='https://www.ncbi.nlm.nih.gov/gene?term=AKR1C1[Gene Name] AND Homo sapiens[Organism]' target='_blank'>AKR1C1</a>",0.50632227601764,10.8262830844136,14.8737941931877,9.97762024859094e-07,0.000577205331380986,6.41157607418581,"<a href='https://www.ncbi.nlm.nih.gov/gene?term=AKR1C1[Gene Name] AND Homo sapiens[Organism]' target='_blank'>AKR1C1</a>"
"238909_at","<a href='https://www.ncbi.nlm.nih.gov/gene?term=S100A10[Gene Name] AND Homo sapiens[Organism]' target='_blank'>S100A10</a>",-1.01534820214932,7.14729044370663,-14.6114027151866,1.13202215307105e-06,0.000626401997484142,6.29509074216742,"<a href='https://www.ncbi.nlm.nih.gov/gene?term=S100A10[Gene Name] AND Homo sapiens[Organism]' target='_blank'>S100A10</a>"
"1552729_at","<a href='https://www.ncbi.nlm.nih.gov/gene?term=SNHG7[Gene Name] AND Homo sapiens[Organism]' target='_blank'>SNHG7</a>",-1.32258938242011,6.50760721949954,-14.3100195954217,1.31215580126013e-06,0.000651648340407414,6.15792807540409,"<a href='https://www.ncbi.nlm.nih.gov/gene?term=SNHG7[Gene Name] AND Homo sapiens[Organism]' target='_blank'>SNHG7</a>"
"206424_at","<a href='https://www.ncbi.nlm.nih.gov/gene?term=CYP26A1[Gene Name] AND Homo sapiens[Organism]' target='_blank'>CYP26A1</a>",1.13583708009321,6.634128492024,14.0283034263736,1.51038597817615e-06,0.000651648340407414,6.02634873413989,"<a href='https://www.ncbi.nlm.nih.gov/gene?term=CYP26A1[Gene Name] AND Homo sapiens[Organism]' target='_blank'>CYP26A1</a>"
"209699_x_at","<a href='https://www.ncbi.nlm.nih.gov/gene?term=AKR1C2[Gene Name] AND Homo sapiens[Organism]' target='_blank'>AKR1C2</a>",0.581320407006437,10.0723863791637,13.7788035548821,1.7146285830537e-06,0.000676837430237453,5.90700673176498,"<a href='https://www.ncbi.nlm.nih.gov/gene?term=AKR1C2[Gene Name] AND Homo sapiens[Organism]' target='_blank'>AKR1C2</a>"
"212320_at","<a href='https://www.ncbi.nlm.nih.gov/gene?term=TUBB[Gene Name] AND Homo sapiens[Organism]' target='_blank'>TUBB</a>",0.511503722325708,10.3306669588611,13.7334971424505,1.75498037226651e-06,0.000676837430237453,5.88504567580786,"<a href='https://www.ncbi.nlm.nih.gov/gene?term=TUBB[Gene Name] AND Homo sapiens[Organism]' target='_blank'>TUBB</a>"
"1555037_a_at","<a href='https://www.ncbi.nlm.nih.gov/gene?term=IDH1[Gene Name] AND Homo sapiens[Organism]' target='_blank'>IDH1</a>",0.530019484770754,10.6909524877191,13.2837442018531,2.21960943919659e-06,0.000697761079677676,5.66205687220993,"<a href='https://www.ncbi.nlm.nih.gov/gene?term=IDH1[Gene Name] AND Homo sapiens[Organism]' target='_blank'>IDH1</a>"
"215224_at","<a href='https://www.ncbi.nlm.nih.gov/gene?term=SNORA21[Gene Name] AND Homo sapiens[Organism]' target='_blank'>SNORA21</a>",-1.8217035252138,5.99953024442663,-13.2477684023257,2.26242473511343e-06,0.000697761079677676,5.64382012253853,"<a href='https://www.ncbi.nlm.nih.gov/gene?term=SNORA21[Gene Name] AND Homo sapiens[Organism]' target='_blank'>SNORA21</a>"
"218806_s_at","<a href='https://www.ncbi.nlm.nih.gov/gene?term=VAV3[Gene Name] AND Homo sapiens[Organism]' target='_blank'>VAV3</a>",1.04846139242749,6.60219353421643,13.3576333392918,2.13451800655998e-06,0.000697761079677676,5.69932386537191,"<a href='https://www.ncbi.nlm.nih.gov/gene?term=VAV3[Gene Name] AND Homo sapiens[Organism]' target='_blank'>VAV3</a>"
"219799_s_at","<a href='https://www.ncbi.nlm.nih.gov/gene?term=DHRS9[Gene Name] AND Homo sapiens[Organism]' target='_blank'>DHRS9</a>",0.586369283610882,9.84533311691919,13.0168459053104,2.560579473089e-06,0.000740647612590994,5.52530825901249,"<a href='https://www.ncbi.nlm.nih.gov/gene?term=DHRS9[Gene Name] AND Homo sapiens[Organism]' target='_blank'>DHRS9</a>"
"243871_at","<a href='https://www.ncbi.nlm.nih.gov/gene?term=WAKMAR2[Gene Name] AND Homo sapiens[Organism]' target='_blank'>WAKMAR2</a>",-0.909736089426747,7.1405595242048,-12.8285096659116,2.83691079819992e-06,0.000784899211493269,5.42675378298535,"<a href='https://www.ncbi.nlm.nih.gov/gene?term=WAKMAR2[Gene Name] AND Homo sapiens[Organism]' target='_blank'>WAKMAR2</a>"
"202376_at","<a href='https://www.ncbi.nlm.nih.gov/gene?term=SERPINA3[Gene Name] AND Homo sapiens[Organism]' target='_blank'>SERPINA3</a>",0.904872206627656,7.38483819175904,12.7043851601215,3.03745697872769e-06,0.000788932958536068,5.36084634062384,"<a href='https://www.ncbi.nlm.nih.gov/gene?term=SERPINA3[Gene Name] AND Homo sapiens[Organism]' target='_blank'>SERPINA3</a>"
"214461_at","<a href='https://www.ncbi.nlm.nih.gov/gene?term=LBP[Gene Name] AND Homo sapiens[Organism]' target='_blank'>LBP</a>",0.937015266359423,6.72765913340133,12.7258486900735,3.00165995324065e-06,0.000788932958536068,5.37229791444288,"<a href='https://www.ncbi.nlm.nih.gov/gene?term=LBP[Gene Name] AND Homo sapiens[Organism]' target='_blank'>LBP</a>"
"208937_s_at","<a href='https://www.ncbi.nlm.nih.gov/gene?term=ID1[Gene Name] AND Homo sapiens[Organism]' target='_blank'>ID1</a>",0.780368511955443,10.0856173164979,12.4717763960428,3.45802778807409e-06,0.000862947444290568,5.2352456077428,"<a href='https://www.ncbi.nlm.nih.gov/gene?term=ID1[Gene Name] AND Homo sapiens[Organism]' target='_blank'>ID1</a>"
"202237_at","<a href='https://www.ncbi.nlm.nih.gov/gene?term=NNMT[Gene Name] AND Homo sapiens[Organism]' target='_blank'>NNMT</a>",0.664303469810211,9.36718763679357,12.2941188912908,3.82381782843468e-06,0.000873753915857851,5.13743713071923,"<a href='https://www.ncbi.nlm.nih.gov/gene?term=NNMT[Gene Name] AND Homo sapiens[Organism]' target='_blank'>NNMT</a>"
"219622_at","<a href='https://www.ncbi.nlm.nih.gov/gene?term=RAB20[Gene Name] AND Homo sapiens[Organism]' target='_blank'>RAB20</a>",0.652544394061048,8.56740892580066,12.1791014432909,4.08393537488317e-06,0.000911863956423476,5.07322652475148,"<a href='https://www.ncbi.nlm.nih.gov/gene?term=RAB20[Gene Name] AND Homo sapiens[Organism]' target='_blank'>RAB20</a>"
"202779_s_at","<a href='https://www.ncbi.nlm.nih.gov/gene?term=UBE2S[Gene Name] AND Homo sapiens[Organism]' target='_blank'>UBE2S</a>",-0.502639364592579,10.2910961883861,-12.0142387671839,4.49243016985896e-06,0.00095291931286325,4.97994634543637,"<a href='https://www.ncbi.nlm.nih.gov/gene?term=UBE2S[Gene Name] AND Homo sapiens[Organism]' target='_blank'>UBE2S</a>"
"223494_at","<a href='https://www.ncbi.nlm.nih.gov/gene?term=OGA[Gene Name] AND Homo sapiens[Organism]' target='_blank'>OGA</a>",-1.6483303407761,6.58279592013109,-12.0369138726239,4.43359625281191e-06,0.00095291931286325,4.99286386301058,"<a href='https://www.ncbi.nlm.nih.gov/gene?term=OGA[Gene Name] AND Homo sapiens[Organism]' target='_blank'>OGA</a>"
"202643_s_at","<a href='https://www.ncbi.nlm.nih.gov/gene?term=TNFAIP3[Gene Name] AND Homo sapiens[Organism]' target='_blank'>TNFAIP3</a>",-0.961037715320945,7.39525841029091,-11.8627332748858,4.90896578416636e-06,0.00100768399250137,4.8929078516654,"<a href='https://www.ncbi.nlm.nih.gov/gene?term=TNFAIP3[Gene Name] AND Homo sapiens[Organism]' target='_blank'>TNFAIP3</a>"
"214598_at","<a href='https://www.ncbi.nlm.nih.gov/gene?term=CLDN8[Gene Name] AND Homo sapiens[Organism]' target='_blank'>CLDN8</a>",0.62950436113295,8.83549772279477,11.668406758394,5.50864335813341e-06,0.00111283339712641,4.77938116197387,"<a href='https://www.ncbi.nlm.nih.gov/gene?term=CLDN8[Gene Name] AND Homo sapiens[Organism]' target='_blank'>CLDN8</a>"
"202687_s_at","<a href='https://www.ncbi.nlm.nih.gov/gene?term=TNFSF10[Gene Name] AND Homo sapiens[Organism]' target='_blank'>TNFSF10</a>",0.779001977240963,8.41083780857292,11.5571666996714,5.88898277897421e-06,0.00111864304220903,4.71341917352622,"<a href='https://www.ncbi.nlm.nih.gov/gene?term=TNFSF10[Gene Name] AND Homo sapiens[Organism]' target='_blank'>TNFSF10</a>"
"212240_s_at","<a href='https://www.ncbi.nlm.nih.gov/gene?term=PIK3R1[Gene Name] AND Homo sapiens[Organism]' target='_blank'>PIK3R1</a>",0.780141298576256,7.56602209492447,11.5911472908177,5.76973898202691e-06,0.00111864304220903,4.73364486837204,"<a href='https://www.ncbi.nlm.nih.gov/gene?term=PIK3R1[Gene Name] AND Homo sapiens[Organism]' target='_blank'>PIK3R1</a>"
"207165_at","<a href='https://www.ncbi.nlm.nih.gov/gene?term=HMMR[Gene Name] AND Homo sapiens[Organism]' target='_blank'>HMMR</a>",-0.623096327628982,10.2568369563716,-11.5119458541807,6.05201472151192e-06,0.00113270575530415,4.68639838407749,"<a href='https://www.ncbi.nlm.nih.gov/gene?term=HMMR[Gene Name] AND Homo sapiens[Organism]' target='_blank'>HMMR</a>"
"226840_at","<a href='https://www.ncbi.nlm.nih.gov/gene?term=MACROH2A1[Gene Name] AND Homo sapiens[Organism]' target='_blank'>MACROH2A1</a>",-1.33021832472727,6.14722927808,-11.1751152890201,7.44028125080792e-06,0.00133369661238074,4.48129540292207,"<a href='https://www.ncbi.nlm.nih.gov/gene?term=MACROH2A1[Gene Name] AND Homo sapiens[Organism]' target='_blank'>MACROH2A1</a>"
"220295_x_at","<a href='https://www.ncbi.nlm.nih.gov/gene?term=DEPDC1[Gene Name] AND Homo sapiens[Organism]' target='_blank'>DEPDC1</a>",-0.644632861814166,9.28369038207798,-11.1192127913083,7.70389720830502e-06,0.00134311643520682,4.44658721707675,"<a href='https://www.ncbi.nlm.nih.gov/gene?term=DEPDC1[Gene Name] AND Homo sapiens[Organism]' target='_blank'>DEPDC1</a>"
"211906_s_at","<a href='https://www.ncbi.nlm.nih.gov/gene?term=SERPINB4[Gene Name] AND Homo sapiens[Organism]' target='_blank'>SERPINB4</a>",0.852552814049462,6.39254208037461,10.9444860683338,8.59840155372016e-06,0.00145841552891226,4.33684560257536,"<a href='https://www.ncbi.nlm.nih.gov/gene?term=SERPINB4[Gene Name] AND Homo sapiens[Organism]' target='_blank'>SERPINB4</a>"
"216598_s_at","<a href='https://www.ncbi.nlm.nih.gov/gene?term=CCL2[Gene Name] AND Homo sapiens[Organism]' target='_blank'>CCL2</a>",0.927919451446836,7.7300389773104,10.9186684234806,8.7402712302825e-06,0.00145841552891226,4.3204664343777,"<a href='https://www.ncbi.nlm.nih.gov/gene?term=CCL2[Gene Name] AND Homo sapiens[Organism]' target='_blank'>CCL2</a>"
"226456_at","<a href='https://www.ncbi.nlm.nih.gov/gene?term=RMI2[Gene Name] AND Homo sapiens[Organism]' target='_blank'>RMI2</a>",0.625613563728715,8.29790940736159,10.8834300899308,8.93819527423245e-06,0.00145841552891226,4.29804181623387,"<a href='https://www.ncbi.nlm.nih.gov/gene?term=RMI2[Gene Name] AND Homo sapiens[Organism]' target='_blank'>RMI2</a>"
"202437_s_at","<a href='https://www.ncbi.nlm.nih.gov/gene?term=CYP1B1[Gene Name] AND Homo sapiens[Organism]' target='_blank'>CYP1B1</a>",0.517193013906805,9.73956967555053,10.4147162373205,1.21158689470713e-05,0.00190368721097995,3.99201871585556,"<a href='https://www.ncbi.nlm.nih.gov/gene?term=CYP1B1[Gene Name] AND Homo sapiens[Organism]' target='_blank'>CYP1B1</a>"
"209719_x_at","<a href='https://www.ncbi.nlm.nih.gov/gene?term=SERPINB3[Gene Name] AND Homo sapiens[Organism]' target='_blank'>SERPINB3</a>",0.870712349154791,7.90905000336848,10.3674829892534,1.25014140553642e-05,0.0019403109351539,3.96035936028016,"<a href='https://www.ncbi.nlm.nih.gov/gene?term=SERPINB3[Gene Name] AND Homo sapiens[Organism]' target='_blank'>SERPINB3</a>"
"223834_at","<a href='https://www.ncbi.nlm.nih.gov/gene?term=CD274[Gene Name] AND Homo sapiens[Organism]' target='_blank'>CD274</a>",-0.755021843181948,6.82869557828275,-10.2639380553087,1.33960407265194e-05,0.00205411337742665,3.89041380841737,"<a href='https://www.ncbi.nlm.nih.gov/gene?term=CD274[Gene Name] AND Homo sapiens[Organism]' target='_blank'>CD274</a>"
"223679_at","<a href='https://www.ncbi.nlm.nih.gov/gene?term=CTNNB1[Gene Name] AND Homo sapiens[Organism]' target='_blank'>CTNNB1</a>",-1.35235627626782,6.29089154488717,-10.2202294795515,1.37951983320683e-05,0.00206877291627284,3.86066278573041,"<a href='https://www.ncbi.nlm.nih.gov/gene?term=CTNNB1[Gene Name] AND Homo sapiens[Organism]' target='_blank'>CTNNB1</a>"
"203913_s_at","<a href='https://www.ncbi.nlm.nih.gov/gene?term=HPGD[Gene Name] AND Homo sapiens[Organism]' target='_blank'>HPGD</a>",1.07018738872437,6.89364070619439,10.1135515076902,1.48270076366118e-05,0.00212050271351162,3.7874814538803,"<a href='https://www.ncbi.nlm.nih.gov/gene?term=HPGD[Gene Name] AND Homo sapiens[Organism]' target='_blank'>HPGD</a>"
"228729_at","<a href='https://www.ncbi.nlm.nih.gov/gene?term=CCNB1[Gene Name] AND Homo sapiens[Organism]' target='_blank'>CCNB1</a>",-0.62268568105825,9.00487134422611,-10.1192111980843,1.47701279867892e-05,0.00212050271351162,3.79138443920042,"<a href='https://www.ncbi.nlm.nih.gov/gene?term=CCNB1[Gene Name] AND Homo sapiens[Organism]' target='_blank'>CCNB1</a>"
"1558034_s_at","<a href='https://www.ncbi.nlm.nih.gov/gene?term=CP[Gene Name] AND Homo sapiens[Organism]' target='_blank'>CP</a>",0.714408506779542,7.34145141347539,10.0311210381235,1.56840806297763e-05,0.00219353070522158,3.73037465248303,"<a href='https://www.ncbi.nlm.nih.gov/gene?term=CP[Gene Name] AND Homo sapiens[Organism]' target='_blank'>CP</a>"
"202330_s_at","<a href='https://www.ncbi.nlm.nih.gov/gene?term=UNG[Gene Name] AND Homo sapiens[Organism]' target='_blank'>UNG</a>",0.550044525894689,9.74113122627094,9.97062786965682,1.63486567200438e-05,0.00226162341386954,3.68815167892485,"<a href='https://www.ncbi.nlm.nih.gov/gene?term=UNG[Gene Name] AND Homo sapiens[Organism]' target='_blank'>UNG</a>"
"204798_at","<a href='https://www.ncbi.nlm.nih.gov/gene?term=MYB[Gene Name] AND Homo sapiens[Organism]' target='_blank'>MYB</a>",0.804177492507906,6.70741169946835,9.78335392670231,1.86162539166408e-05,0.00252052195316051,3.55572499987105,"<a href='https://www.ncbi.nlm.nih.gov/gene?term=MYB[Gene Name] AND Homo sapiens[Organism]' target='_blank'>MYB</a>"
"224833_at","<a href='https://www.ncbi.nlm.nih.gov/gene?term=ETS1[Gene Name] AND Homo sapiens[Organism]' target='_blank'>ETS1</a>",-0.582007442822269,8.36696903503139,-9.67250415136052,2.01246691473131e-05,0.00266798608581098,3.47609768929818,"<a href='https://www.ncbi.nlm.nih.gov/gene?term=ETS1[Gene Name] AND Homo sapiens[Organism]' target='_blank'>ETS1</a>"
"203499_at","<a href='https://www.ncbi.nlm.nih.gov/gene?term=EPHA2[Gene Name] AND Homo sapiens[Organism]' target='_blank'>EPHA2</a>",-0.509719560034201,8.50155334306557,-9.52498281059593,2.23504791776038e-05,0.00278877008326828,3.36866268780058,"<a href='https://www.ncbi.nlm.nih.gov/gene?term=EPHA2[Gene Name] AND Homo sapiens[Organism]' target='_blank'>EPHA2</a>"
"213338_at","<a href='https://www.ncbi.nlm.nih.gov/gene?term=TMEM158[Gene Name] AND Homo sapiens[Organism]' target='_blank'>TMEM158</a>",-0.654840826319713,7.15094064778402,-9.48612419763604,2.2982075458819e-05,0.00283422799970246,3.34008061074837,"<a href='https://www.ncbi.nlm.nih.gov/gene?term=TMEM158[Gene Name] AND Homo sapiens[Organism]' target='_blank'>TMEM158</a>"
"230256_at","<a href='https://www.ncbi.nlm.nih.gov/gene?term=RUSC1-AS1[Gene Name] AND Homo sapiens[Organism]' target='_blank'>RUSC1-AS1</a>",-1.13079321015021,6.80188873097905,-9.40697795791336,2.43317049959764e-05,0.00286731119892399,3.28149598651232,"<a href='https://www.ncbi.nlm.nih.gov/gene?term=RUSC1-AS1[Gene Name] AND Homo sapiens[Organism]' target='_blank'>RUSC1-AS1</a>"
"205053_at","<a href='https://www.ncbi.nlm.nih.gov/gene?term=PRIM1[Gene Name] AND Homo sapiens[Organism]' target='_blank'>PRIM1</a>",0.618466644680502,7.90302367099366,9.27384110434606,2.68084388991923e-05,0.00302852719072379,3.18181497982557,"<a href='https://www.ncbi.nlm.nih.gov/gene?term=PRIM1[Gene Name] AND Homo sapiens[Organism]' target='_blank'>PRIM1</a>"
"212558_at","<a href='https://www.ncbi.nlm.nih.gov/gene?term=SPRY1[Gene Name] AND Homo sapiens[Organism]' target='_blank'>SPRY1</a>",0.806884278154314,6.98415960613817,9.28318271336979,2.66256786102583e-05,0.00302852719072379,3.18885594925148,"<a href='https://www.ncbi.nlm.nih.gov/gene?term=SPRY1[Gene Name] AND Homo sapiens[Organism]' target='_blank'>SPRY1</a>"
"214985_at","<a href='https://www.ncbi.nlm.nih.gov/gene?term=EXT1[Gene Name] AND Homo sapiens[Organism]' target='_blank'>EXT1</a>",-0.890869806909795,6.80435102652355,-9.24172196605174,2.74476912645203e-05,0.00303762405846566,3.15755174796729,"<a href='https://www.ncbi.nlm.nih.gov/gene?term=EXT1[Gene Name] AND Homo sapiens[Organism]' target='_blank'>EXT1</a>"
"231825_x_at","<a href='https://www.ncbi.nlm.nih.gov/gene?term=ATF7IP[Gene Name] AND Homo sapiens[Organism]' target='_blank'>ATF7IP</a>",-0.54807498427189,8.71217594277116,-9.25359727832939,2.72093623190297e-05,0.00303762405846566,3.16653234673259,"<a href='https://www.ncbi.nlm.nih.gov/gene?term=ATF7IP[Gene Name] AND Homo sapiens[Organism]' target='_blank'>ATF7IP</a>"
"202831_at","<a href='https://www.ncbi.nlm.nih.gov/gene?term=GPX2[Gene Name] AND Homo sapiens[Organism]' target='_blank'>GPX2</a>",0.675080886346497,6.84067148528119,9.22491103837628,2.77891064195301e-05,0.00304889618449448,3.14481887170177,"<a href='https://www.ncbi.nlm.nih.gov/gene?term=GPX2[Gene Name] AND Homo sapiens[Organism]' target='_blank'>GPX2</a>"
"1552378_s_at","<a href='https://www.ncbi.nlm.nih.gov/gene?term=RDH10[Gene Name] AND Homo sapiens[Organism]' target='_blank'>RDH10</a>",0.576342771366838,7.83785923355422,9.21055780964873,2.80843974305275e-05,0.00305495834272071,3.13392912627702,"<a href='https://www.ncbi.nlm.nih.gov/gene?term=RDH10[Gene Name] AND Homo sapiens[Organism]' target='_blank'>RDH10</a>"
"214455_at","<a href='https://www.ncbi.nlm.nih.gov/gene?term=H2BC4[Gene Name] AND Homo sapiens[Organism]' target='_blank'>H2BC4</a>",-0.801838518552592,6.86963303971611,-8.97082566515429,3.35782951105228e-05,0.00341880769497299,2.94950830805583,"<a href='https://www.ncbi.nlm.nih.gov/gene?term=H2BC4[Gene Name] AND Homo sapiens[Organism]' target='_blank'>H2BC4</a>"
"205916_at","<a href='https://www.ncbi.nlm.nih.gov/gene?term=S100A7[Gene Name] AND Homo sapiens[Organism]' target='_blank'>S100A7</a>",0.666892809125404,6.97453291179121,8.93540718052093,3.44883380166251e-05,0.00348359585664752,2.92184965353397,"<a href='https://www.ncbi.nlm.nih.gov/gene?term=S100A7[Gene Name] AND Homo sapiens[Organism]' target='_blank'>S100A7</a>"
"228173_at","<a href='https://www.ncbi.nlm.nih.gov/gene?term=GNAS[Gene Name] AND Homo sapiens[Organism]' target='_blank'>GNAS</a>",-0.917564797856071,6.50978798681663,-8.91838857054894,3.49354683679654e-05,0.00348854617026391,2.90852135147393,"<a href='https://www.ncbi.nlm.nih.gov/gene?term=GNAS[Gene Name] AND Homo sapiens[Organism]' target='_blank'>GNAS</a>"
"228298_at","<a href='https://www.ncbi.nlm.nih.gov/gene?term=PCED1B[Gene Name] AND Homo sapiens[Organism]' target='_blank'>PCED1B</a>",0.648784581324151,7.28519871213997,8.90246805090462,3.53596649614241e-05,0.00348854617026391,2.89603044619388,"<a href='https://www.ncbi.nlm.nih.gov/gene?term=PCED1B[Gene Name] AND Homo sapiens[Organism]' target='_blank'>PCED1B</a>"
"230229_at","<a href='https://www.ncbi.nlm.nih.gov/gene?term=DLG1[Gene Name] AND Homo sapiens[Organism]' target='_blank'>DLG1</a>",-1.54721749078224,6.36556758108849,-8.87862846148923,3.6005749712883e-05,0.00349957970820422,2.87728546420209,"<a href='https://www.ncbi.nlm.nih.gov/gene?term=DLG1[Gene Name] AND Homo sapiens[Organism]' target='_blank'>DLG1</a>"
"205990_s_at","<a href='https://www.ncbi.nlm.nih.gov/gene?term=WNT5A[Gene Name] AND Homo sapiens[Organism]' target='_blank'>WNT5A</a>",0.93322923749228,7.25964883743359,8.79082074511627,3.85027309095701e-05,0.00355090040787028,2.80781632441182,"<a href='https://www.ncbi.nlm.nih.gov/gene?term=WNT5A[Gene Name] AND Homo sapiens[Organism]' target='_blank'>WNT5A</a>"
"212845_at","<a href='https://www.ncbi.nlm.nih.gov/gene?term=SAMD4A[Gene Name] AND Homo sapiens[Organism]' target='_blank'>SAMD4A</a>",-0.541645473599104,8.1771300887402,-8.82109840379617,3.76203474261996e-05,0.00355090040787028,2.83184657306157,"<a href='https://www.ncbi.nlm.nih.gov/gene?term=SAMD4A[Gene Name] AND Homo sapiens[Organism]' target='_blank'>SAMD4A</a>"
"214782_at","<a href='https://www.ncbi.nlm.nih.gov/gene?term=CTTN[Gene Name] AND Homo sapiens[Organism]' target='_blank'>CTTN</a>",-1.45491285379059,6.90778182319954,-8.73344644337673,4.02394424953686e-05,0.00365805274741826,2.76205923469278,"<a href='https://www.ncbi.nlm.nih.gov/gene?term=CTTN[Gene Name] AND Homo sapiens[Organism]' target='_blank'>CTTN</a>"
"206683_at","<a href='https://www.ncbi.nlm.nih.gov/gene?term=ZNF165[Gene Name] AND Homo sapiens[Organism]' target='_blank'>ZNF165</a>",-0.574425600745427,7.83428088843274,-8.71619173297257,4.07788581242837e-05,0.00368079806629616,2.74824131559808,"<a href='https://www.ncbi.nlm.nih.gov/gene?term=ZNF165[Gene Name] AND Homo sapiens[Organism]' target='_blank'>ZNF165</a>"
"212148_at","<a href='https://www.ncbi.nlm.nih.gov/gene?term=PBX1[Gene Name] AND Homo sapiens[Organism]' target='_blank'>PBX1</a>",0.733925294393794,6.57755756383566,8.66860427847678,4.23091932970283e-05,0.00377992220571849,2.70999495864468,"<a href='https://www.ncbi.nlm.nih.gov/gene?term=PBX1[Gene Name] AND Homo sapiens[Organism]' target='_blank'>PBX1</a>"
"215659_at","<a href='https://www.ncbi.nlm.nih.gov/gene?term=GSDMB[Gene Name] AND Homo sapiens[Organism]' target='_blank'>GSDMB</a>",-0.955534880695934,8.46078577200618,-8.65367725321138,4.28024585567304e-05,0.00377992220571849,2.6979562933034,"<a href='https://www.ncbi.nlm.nih.gov/gene?term=GSDMB[Gene Name] AND Homo sapiens[Organism]' target='_blank'>GSDMB</a>"
"228049_x_at","<a href='https://www.ncbi.nlm.nih.gov/gene?term=SNHG19[Gene Name] AND Homo sapiens[Organism]' target='_blank'>SNHG19</a>",0.525883852134646,8.54607932764471,8.6079517494087,4.43542011697685e-05,0.00378856320998419,2.66095393484138,"<a href='https://www.ncbi.nlm.nih.gov/gene?term=SNHG19[Gene Name] AND Homo sapiens[Organism]' target='_blank'>SNHG19</a>"
"220169_at","<a href='https://www.ncbi.nlm.nih.gov/gene?term=TMEM156[Gene Name] AND Homo sapiens[Organism]' target='_blank'>TMEM156</a>",-0.652047243144794,6.76334992929851,-8.56643725273132,4.5818033152415e-05,0.00386176230417739,2.62719555087071,"<a href='https://www.ncbi.nlm.nih.gov/gene?term=TMEM156[Gene Name] AND Homo sapiens[Organism]' target='_blank'>TMEM156</a>"
"222847_s_at","<a href='https://www.ncbi.nlm.nih.gov/gene?term=EGLN3[Gene Name] AND Homo sapiens[Organism]' target='_blank'>EGLN3</a>",0.562694350771651,7.33254695320537,8.48294996469449,4.89294067660864e-05,0.00404366597345443,2.55883020222099,"<a href='https://www.ncbi.nlm.nih.gov/gene?term=EGLN3[Gene Name] AND Homo sapiens[Organism]' target='_blank'>EGLN3</a>"
"204614_at","<a href='https://www.ncbi.nlm.nih.gov/gene?term=SERPINB2[Gene Name] AND Homo sapiens[Organism]' target='_blank'>SERPINB2</a>",-0.568869724051835,9.2384694160071,-8.3552751059291,5.41580351125371e-05,0.00430793320548287,2.45303507348061,"<a href='https://www.ncbi.nlm.nih.gov/gene?term=SERPINB2[Gene Name] AND Homo sapiens[Organism]' target='_blank'>SERPINB2</a>"
"203373_at","<a href='https://www.ncbi.nlm.nih.gov/gene?term=SOCS2[Gene Name] AND Homo sapiens[Organism]' target='_blank'>SOCS2</a>",-0.60378217220971,7.09323465749068,-8.29230407543351,5.69661853743249e-05,0.00450315926247846,2.40029262985604,"<a href='https://www.ncbi.nlm.nih.gov/gene?term=SOCS2[Gene Name] AND Homo sapiens[Organism]' target='_blank'>SOCS2</a>"
"213835_x_at","<a href='https://www.ncbi.nlm.nih.gov/gene?term=GTPBP3[Gene Name] AND Homo sapiens[Organism]' target='_blank'>GTPBP3</a>",0.532574399705224,8.28017517152083,8.27528894896035,5.77528005516104e-05,0.00450932449460335,2.38597682348945,"<a href='https://www.ncbi.nlm.nih.gov/gene?term=GTPBP3[Gene Name] AND Homo sapiens[Organism]' target='_blank'>GTPBP3</a>"
"209822_s_at","<a href='https://www.ncbi.nlm.nih.gov/gene?term=VLDLR[Gene Name] AND Homo sapiens[Organism]' target='_blank'>VLDLR</a>",0.532177294770046,8.20685126761192,8.19338871208685,6.17140186751219e-05,0.00473153202215829,2.31668220465833,"<a href='https://www.ncbi.nlm.nih.gov/gene?term=VLDLR[Gene Name] AND Homo sapiens[Organism]' target='_blank'>VLDLR</a>"
"202743_at","<a href='https://www.ncbi.nlm.nih.gov/gene?term=PIK3R3[Gene Name] AND Homo sapiens[Organism]' target='_blank'>PIK3R3</a>",0.529408513906415,8.24549976885205,8.12279060532024,6.53747954804919e-05,0.0049711723944889,2.25643092869552,"<a href='https://www.ncbi.nlm.nih.gov/gene?term=PIK3R3[Gene Name] AND Homo sapiens[Organism]' target='_blank'>PIK3R3</a>"
"210096_at","<a href='https://www.ncbi.nlm.nih.gov/gene?term=CYP4B1[Gene Name] AND Homo sapiens[Organism]' target='_blank'>CYP4B1</a>",0.510787397310185,7.65404178374141,7.97262051819701,7.400229208384e-05,0.00548136488087117,2.12664508162547,"<a href='https://www.ncbi.nlm.nih.gov/gene?term=CYP4B1[Gene Name] AND Homo sapiens[Organism]' target='_blank'>CYP4B1</a>"
"231929_at","<a href='https://www.ncbi.nlm.nih.gov/gene?term=IKZF2[Gene Name] AND Homo sapiens[Organism]' target='_blank'>IKZF2</a>",0.551673871805799,6.93049242082233,7.7367563841829,9.02600618905006e-05,0.0060779884004254,1.91822642382676,"<a href='https://www.ncbi.nlm.nih.gov/gene?term=IKZF2[Gene Name] AND Homo sapiens[Organism]' target='_blank'>IKZF2</a>"
"229964_at","<a href='https://www.ncbi.nlm.nih.gov/gene?term=C9orf152[Gene Name] AND Homo sapiens[Organism]' target='_blank'>C9orf152</a>",0.692367885512509,6.65368012814707,7.71052328332924,9.23038200647692e-05,0.00615052731918491,1.89469309456038,"<a href='https://www.ncbi.nlm.nih.gov/gene?term=C9orf152[Gene Name] AND Homo sapiens[Organism]' target='_blank'>C9orf152</a>"
"204472_at","<a href='https://www.ncbi.nlm.nih.gov/gene?term=GEM[Gene Name] AND Homo sapiens[Organism]' target='_blank'>GEM</a>",-0.58609444248513,6.96699244566156,-7.65563881408192,9.67499436209243e-05,0.00628232924726277,1.84522479047194,"<a href='https://www.ncbi.nlm.nih.gov/gene?term=GEM[Gene Name] AND Homo sapiens[Organism]' target='_blank'>GEM</a>"
"224558_s_at","<a href='https://www.ncbi.nlm.nih.gov/gene?term=MALAT1[Gene Name] AND Homo sapiens[Organism]' target='_blank'>MALAT1</a>",-0.778427593575774,9.69512380796419,-7.66122691947077,9.62864418494464e-05,0.00628232924726277,1.85027587272479,"<a href='https://www.ncbi.nlm.nih.gov/gene?term=MALAT1[Gene Name] AND Homo sapiens[Organism]' target='_blank'>MALAT1</a>"
"207173_x_at","<a href='https://www.ncbi.nlm.nih.gov/gene?term=CDH11[Gene Name] AND Homo sapiens[Organism]' target='_blank'>CDH11</a>",-0.541462805698664,6.85859564638437,-7.63607139306792,9.83927939183113e-05,0.0063478336820172,1.8275119384409,"<a href='https://www.ncbi.nlm.nih.gov/gene?term=CDH11[Gene Name] AND Homo sapiens[Organism]' target='_blank'>CDH11</a>"
"1554997_a_at","<a href='https://www.ncbi.nlm.nih.gov/gene?term=PTGS2[Gene Name] AND Homo sapiens[Organism]' target='_blank'>PTGS2</a>",-0.532045235230079,7.80231928799815,-7.60852485265475,0.000100758870854756,0.00644401080084665,1.80250778432782,"<a href='https://www.ncbi.nlm.nih.gov/gene?term=PTGS2[Gene Name] AND Homo sapiens[Organism]' target='_blank'>PTGS2</a>"
"1558953_s_at","<a href='https://www.ncbi.nlm.nih.gov/gene?term=CEP164[Gene Name] AND Homo sapiens[Organism]' target='_blank'>CEP164</a>",-0.559410052630855,7.09475960622143,-7.54548699462896,0.000106417442246265,0.00657778940009138,1.74498511739185,"<a href='https://www.ncbi.nlm.nih.gov/gene?term=CEP164[Gene Name] AND Homo sapiens[Organism]' target='_blank'>CEP164</a>"
"201041_s_at","<a href='https://www.ncbi.nlm.nih.gov/gene?term=DUSP1[Gene Name] AND Homo sapiens[Organism]' target='_blank'>DUSP1</a>",-0.533499461805666,7.67376125566041,-7.40496316139507,0.000120360815596796,0.00690014459504694,1.6152200949715,"<a href='https://www.ncbi.nlm.nih.gov/gene?term=DUSP1[Gene Name] AND Homo sapiens[Organism]' target='_blank'>DUSP1</a>"
"209946_at","<a href='https://www.ncbi.nlm.nih.gov/gene?term=VEGFC[Gene Name] AND Homo sapiens[Organism]' target='_blank'>VEGFC</a>",-0.543182434313199,7.89893768312639,-7.40692402520458,0.000120152676197015,0.00690014459504694,1.61704557197947,"<a href='https://www.ncbi.nlm.nih.gov/gene?term=VEGFC[Gene Name] AND Homo sapiens[Organism]' target='_blank'>VEGFC</a>"
"213848_at","<a href='https://www.ncbi.nlm.nih.gov/gene?term=DUSP7[Gene Name] AND Homo sapiens[Organism]' target='_blank'>DUSP7</a>",-0.571066982641373,6.65443248906141,-7.42989306176552,0.000117744401234749,0.00690014459504694,1.63839746783553,"<a href='https://www.ncbi.nlm.nih.gov/gene?term=DUSP7[Gene Name] AND Homo sapiens[Organism]' target='_blank'>DUSP7</a>"
"204420_at","<a href='https://www.ncbi.nlm.nih.gov/gene?term=FOSL1[Gene Name] AND Homo sapiens[Organism]' target='_blank'>FOSL1</a>",-0.521242908000752,7.13486525525531,-7.31526590004319,0.000130328362134452,0.00723781955520587,1.53126446572901,"<a href='https://www.ncbi.nlm.nih.gov/gene?term=FOSL1[Gene Name] AND Homo sapiens[Organism]' target='_blank'>FOSL1</a>"
"230165_at","<a href='https://www.ncbi.nlm.nih.gov/gene?term=SGO2[Gene Name] AND Homo sapiens[Organism]' target='_blank'>SGO2</a>",-0.65788416279463,8.58083973486918,-7.31120927413453,0.000130800541973548,0.00723781955520587,1.52744651974993,"<a href='https://www.ncbi.nlm.nih.gov/gene?term=SGO2[Gene Name] AND Homo sapiens[Organism]' target='_blank'>SGO2</a>"
"240452_at","<a href='https://www.ncbi.nlm.nih.gov/gene?term=GSPT1[Gene Name] AND Homo sapiens[Organism]' target='_blank'>GSPT1</a>",-1.70944444442578,6.20972758611303,-7.32998648867774,0.000138175542285346,0.00737370234413413,1.48554906148476,"<a href='https://www.ncbi.nlm.nih.gov/gene?term=GSPT1[Gene Name] AND Homo sapiens[Organism]' target='_blank'>GSPT1</a>"
"1554712_a_at","<a href='https://www.ncbi.nlm.nih.gov/gene?term=GLYATL2[Gene Name] AND Homo sapiens[Organism]' target='_blank'>GLYATL2</a>",0.522617876973719,7.28735912053339,7.20142964646806,0.000144336184288944,0.00743818150991927,1.42342893975817,"<a href='https://www.ncbi.nlm.nih.gov/gene?term=GLYATL2[Gene Name] AND Homo sapiens[Organism]' target='_blank'>GLYATL2</a>"
"235086_at","<a href='https://www.ncbi.nlm.nih.gov/gene?term=THBS1[Gene Name] AND Homo sapiens[Organism]' target='_blank'>THBS1</a>",-0.56425679596428,7.0005871946824,-7.12401749999194,0.000154824411814678,0.00764315349603657,1.34926357236932,"<a href='https://www.ncbi.nlm.nih.gov/gene?term=THBS1[Gene Name] AND Homo sapiens[Organism]' target='_blank'>THBS1</a>"
"228361_at","<a href='https://www.ncbi.nlm.nih.gov/gene?term=E2F2[Gene Name] AND Homo sapiens[Organism]' target='_blank'>E2F2</a>",0.540774784774055,7.22325667186881,7.05349232454701,0.000165127089047604,0.00796050175116993,1.28110062777361,"<a href='https://www.ncbi.nlm.nih.gov/gene?term=E2F2[Gene Name] AND Homo sapiens[Organism]' target='_blank'>E2F2</a>"
"214657_s_at","<a href='https://www.ncbi.nlm.nih.gov/gene?term=NEAT1[Gene Name] AND Homo sapiens[Organism]' target='_blank'>NEAT1</a>",-1.3227813004373,6.36390876137643,-6.98773766939797,0.000175428564971668,0.0082999232207971,1.21703109808286,"<a href='https://www.ncbi.nlm.nih.gov/gene?term=NEAT1[Gene Name] AND Homo sapiens[Organism]' target='_blank'>NEAT1</a>"
"219741_x_at","<a href='https://www.ncbi.nlm.nih.gov/gene?term=ZNF552[Gene Name] AND Homo sapiens[Organism]' target='_blank'>ZNF552</a>",0.536267205031224,7.10734725634657,6.98186953607946,0.000176382318151705,0.00831413986339538,1.2112889087588,"<a href='https://www.ncbi.nlm.nih.gov/gene?term=ZNF552[Gene Name] AND Homo sapiens[Organism]' target='_blank'>ZNF552</a>"
"1555673_at","<a href='https://www.ncbi.nlm.nih.gov/gene?term=KRTAP2-3[Gene Name] AND Homo sapiens[Organism]' target='_blank'>KRTAP2-3</a>",-0.769200885515767,6.59528589626208,-6.9578149424291,0.000180353052015156,0.00831649743839454,1.18770851984894,"<a href='https://www.ncbi.nlm.nih.gov/gene?term=KRTAP2-3[Gene Name] AND Homo sapiens[Organism]' target='_blank'>KRTAP2-3</a>"
"201617_x_at","<a href='https://www.ncbi.nlm.nih.gov/gene?term=CALD1[Gene Name] AND Homo sapiens[Organism]' target='_blank'>CALD1</a>",-0.571161641070765,7.62998954686532,-6.96744659996582,0.000178751250387438,0.00831649743839454,1.19715842859361,"<a href='https://www.ncbi.nlm.nih.gov/gene?term=CALD1[Gene Name] AND Homo sapiens[Organism]' target='_blank'>CALD1</a>"
"1555564_a_at","<a href='https://www.ncbi.nlm.nih.gov/gene?term=CFI[Gene Name] AND Homo sapiens[Organism]' target='_blank'>CFI</a>",0.516358972659613,7.77484466621665,6.8929062594711,0.000191576120881314,0.00861550986027025,1.12374032385227,"<a href='https://www.ncbi.nlm.nih.gov/gene?term=CFI[Gene Name] AND Homo sapiens[Organism]' target='_blank'>CFI</a>"
"230081_at","<a href='https://www.ncbi.nlm.nih.gov/gene?term=PLCXD3[Gene Name] AND Homo sapiens[Organism]' target='_blank'>PLCXD3</a>",0.61614135348064,6.98463455675359,6.89741253988605,0.000190772208394135,0.00861550986027025,1.12819736430354,"<a href='https://www.ncbi.nlm.nih.gov/gene?term=PLCXD3[Gene Name] AND Homo sapiens[Organism]' target='_blank'>PLCXD3</a>"
"209278_s_at","<a href='https://www.ncbi.nlm.nih.gov/gene?term=TFPI2[Gene Name] AND Homo sapiens[Organism]' target='_blank'>TFPI2</a>",-0.590278172562095,6.57783228494689,-6.88571019148049,0.000192867757810641,0.00864305617484517,1.11661790214823,"<a href='https://www.ncbi.nlm.nih.gov/gene?term=TFPI2[Gene Name] AND Homo sapiens[Organism]' target='_blank'>TFPI2</a>"
"201626_at","<a href='https://www.ncbi.nlm.nih.gov/gene?term=INSIG1[Gene Name] AND Homo sapiens[Organism]' target='_blank'>INSIG1</a>",0.584795454798287,7.88621353883086,6.87401441232362,0.000194987895850945,0.0086817826184213,1.10502872532011,"<a href='https://www.ncbi.nlm.nih.gov/gene?term=INSIG1[Gene Name] AND Homo sapiens[Organism]' target='_blank'>INSIG1</a>"
"208981_at","<a href='https://www.ncbi.nlm.nih.gov/gene?term=PECAM1[Gene Name] AND Homo sapiens[Organism]' target='_blank'>PECAM1</a>",0.518136007849866,6.71317572813494,6.86685526210519,0.000196298520834782,0.00870484764691384,1.09792681725028,"<a href='https://www.ncbi.nlm.nih.gov/gene?term=PECAM1[Gene Name] AND Homo sapiens[Organism]' target='_blank'>PECAM1</a>"
"219825_at","<a href='https://www.ncbi.nlm.nih.gov/gene?term=CYP26B1[Gene Name] AND Homo sapiens[Organism]' target='_blank'>CYP26B1</a>",0.698025353710255,7.1073158279026,6.81494707275129,0.00020610152053421,0.00883183182437336,1.04625105793631,"<a href='https://www.ncbi.nlm.nih.gov/gene?term=CYP26B1[Gene Name] AND Homo sapiens[Organism]' target='_blank'>CYP26B1</a>"
"223254_s_at","<a href='https://www.ncbi.nlm.nih.gov/gene?term=G2E3[Gene Name] AND Homo sapiens[Organism]' target='_blank'>G2E3</a>",-0.526182848079202,8.73121814368683,-6.75477391826223,0.000218156928739058,0.0091076363877921,0.985943229164642,"<a href='https://www.ncbi.nlm.nih.gov/gene?term=G2E3[Gene Name] AND Homo sapiens[Organism]' target='_blank'>G2E3</a>"
"207826_s_at","<a href='https://www.ncbi.nlm.nih.gov/gene?term=ID3[Gene Name] AND Homo sapiens[Organism]' target='_blank'>ID3</a>",0.552500608740077,6.72934763968239,6.68606367847331,0.000232896838074272,0.0093497839769915,0.916543728381074,"<a href='https://www.ncbi.nlm.nih.gov/gene?term=ID3[Gene Name] AND Homo sapiens[Organism]' target='_blank'>ID3</a>"
"209774_x_at","<a href='https://www.ncbi.nlm.nih.gov/gene?term=CXCL2[Gene Name] AND Homo sapiens[Organism]' target='_blank'>CXCL2</a>",-0.517731215677322,8.14543154074457,-6.68404249290972,0.000233346972913866,0.0093497839769915,0.914493565985157,"<a href='https://www.ncbi.nlm.nih.gov/gene?term=CXCL2[Gene Name] AND Homo sapiens[Organism]' target='_blank'>CXCL2</a>"
"238756_at","<a href='https://www.ncbi.nlm.nih.gov/gene?term=GAS2L3[Gene Name] AND Homo sapiens[Organism]' target='_blank'>GAS2L3</a>",-0.62911263295104,8.53133729758316,-6.67283265568464,0.000235861217321297,0.00938064285265044,0.90311395383767,"<a href='https://www.ncbi.nlm.nih.gov/gene?term=GAS2L3[Gene Name] AND Homo sapiens[Organism]' target='_blank'>GAS2L3</a>"
"226559_at","<a href='https://www.ncbi.nlm.nih.gov/gene?term=IER5L[Gene Name] AND Homo sapiens[Organism]' target='_blank'>IER5L</a>",0.659194957696246,6.7721356676642,6.6618589195341,0.000238351869302966,0.00942237074814486,0.891959122841603,"<a href='https://www.ncbi.nlm.nih.gov/gene?term=IER5L[Gene Name] AND Homo sapiens[Organism]' target='_blank'>IER5L</a>"
"1557828_a_at","<a href='https://www.ncbi.nlm.nih.gov/gene?term=TMEM267[Gene Name] AND Homo sapiens[Organism]' target='_blank'>TMEM267</a>",-1.22543330046864,6.33614841882359,-6.63418233200589,0.000244765060512403,0.00946060853617147,0.863760183155467,"<a href='https://www.ncbi.nlm.nih.gov/gene?term=TMEM267[Gene Name] AND Homo sapiens[Organism]' target='_blank'>TMEM267</a>"
"227239_at","<a href='https://www.ncbi.nlm.nih.gov/gene?term=HYCC1[Gene Name] AND Homo sapiens[Organism]' target='_blank'>HYCC1</a>",-0.57013675075137,8.61025583299519,-6.63428862643864,0.000244740064099547,0.00946060853617147,0.863868663838228,"<a href='https://www.ncbi.nlm.nih.gov/gene?term=HYCC1[Gene Name] AND Homo sapiens[Organism]' target='_blank'>HYCC1</a>"
"204739_at","<a href='https://www.ncbi.nlm.nih.gov/gene?term=CENPC[Gene Name] AND Homo sapiens[Organism]' target='_blank'>CENPC</a>",0.526444703928319,6.76294420148595,6.61017913833308,0.00025048345456063,0.00960211724756971,0.839227637147115,"<a href='https://www.ncbi.nlm.nih.gov/gene?term=CENPC[Gene Name] AND Homo sapiens[Organism]' target='_blank'>CENPC</a>"
"208798_x_at","<a href='https://www.ncbi.nlm.nih.gov/gene?term=GOLGA8A[Gene Name] AND Homo sapiens[Organism]' target='_blank'>GOLGA8A</a>",-0.85593965052816,7.71036730462881,-6.40788076568828,0.000305072082100461,0.0107196436233143,0.629615412123971,"<a href='https://www.ncbi.nlm.nih.gov/gene?term=GOLGA8A[Gene Name] AND Homo sapiens[Organism]' target='_blank'>GOLGA8A</a>"
"207526_s_at","<a href='https://www.ncbi.nlm.nih.gov/gene?term=IL1RL1[Gene Name] AND Homo sapiens[Organism]' target='_blank'>IL1RL1</a>",-0.561125133250084,6.6039304742775,-6.39201047876765,0.000309887132689674,0.0107387776896523,0.612953058910497,"<a href='https://www.ncbi.nlm.nih.gov/gene?term=IL1RL1[Gene Name] AND Homo sapiens[Organism]' target='_blank'>IL1RL1</a>"
"224480_s_at","<a href='https://www.ncbi.nlm.nih.gov/gene?term=GPAT3[Gene Name] AND Homo sapiens[Organism]' target='_blank'>GPAT3</a>",-0.520662906204136,7.72275854592054,-6.38997523153334,0.000310510740142379,0.0107387776896523,0.610813912943047,"<a href='https://www.ncbi.nlm.nih.gov/gene?term=GPAT3[Gene Name] AND Homo sapiens[Organism]' target='_blank'>GPAT3</a>"
"223556_at","<a href='https://www.ncbi.nlm.nih.gov/gene?term=HELLS[Gene Name] AND Homo sapiens[Organism]' target='_blank'>HELLS</a>",0.513988607678013,7.64416668826386,6.32107622621801,0.000332470885472808,0.0111940660301916,0.538084927327366,"<a href='https://www.ncbi.nlm.nih.gov/gene?term=HELLS[Gene Name] AND Homo sapiens[Organism]' target='_blank'>HELLS</a>"
"223611_s_at","<a href='https://www.ncbi.nlm.nih.gov/gene?term=LNX1[Gene Name] AND Homo sapiens[Organism]' target='_blank'>LNX1</a>",0.539768339279687,6.82094302159597,6.16461672802734,0.000389069759527724,0.0121068235440326,0.37064773564098,"<a href='https://www.ncbi.nlm.nih.gov/gene?term=LNX1[Gene Name] AND Homo sapiens[Organism]' target='_blank'>LNX1</a>"
"227801_at","<a href='https://www.ncbi.nlm.nih.gov/gene?term=TRIM59[Gene Name] AND Homo sapiens[Organism]' target='_blank'>TRIM59</a>",-0.53500990044637,8.06541683590964,-6.03282299928709,0.000445151477286492,0.0129644001176778,0.227109077990551,"<a href='https://www.ncbi.nlm.nih.gov/gene?term=TRIM59[Gene Name] AND Homo sapiens[Organism]' target='_blank'>TRIM59</a>"
"236841_at","<a href='https://www.ncbi.nlm.nih.gov/gene?term=WASHC1[Gene Name] AND Homo sapiens[Organism]' target='_blank'>WASHC1</a>",-0.632055474948147,6.80731115442001,-5.97282698886698,0.000473619149425355,0.0134088185075697,0.160997953538311,"<a href='https://www.ncbi.nlm.nih.gov/gene?term=WASHC1[Gene Name] AND Homo sapiens[Organism]' target='_blank'>WASHC1</a>"
"232169_x_at","<a href='https://www.ncbi.nlm.nih.gov/gene?term=NDUFS8[Gene Name] AND Homo sapiens[Organism]' target='_blank'>NDUFS8</a>",-0.576340869147286,6.79131157927101,-5.92331815856745,0.000498640991670829,0.0139784226894155,0.10607698572294,"<a href='https://www.ncbi.nlm.nih.gov/gene?term=NDUFS8[Gene Name] AND Homo sapiens[Organism]' target='_blank'>NDUFS8</a>"
"212966_at","<a href='https://www.ncbi.nlm.nih.gov/gene?term=HIC2[Gene Name] AND Homo sapiens[Organism]' target='_blank'>HIC2</a>",-0.659421867407951,6.61611071012599,-5.60204644416305,0.000701613346377561,0.0175086922732298,-0.258501501962381,"<a href='https://www.ncbi.nlm.nih.gov/gene?term=HIC2[Gene Name] AND Homo sapiens[Organism]' target='_blank'>HIC2</a>"
"227525_at","<a href='https://www.ncbi.nlm.nih.gov/gene?term=GLCCI1[Gene Name] AND Homo sapiens[Organism]' target='_blank'>GLCCI1</a>",-0.551975928281907,7.59734802736232,-5.56101093766308,0.000733587868661696,0.0180937457450725,-0.30610708310432,"<a href='https://www.ncbi.nlm.nih.gov/gene?term=GLCCI1[Gene Name] AND Homo sapiens[Organism]' target='_blank'>GLCCI1</a>"
"202948_at","<a href='https://www.ncbi.nlm.nih.gov/gene?term=IL1R1[Gene Name] AND Homo sapiens[Organism]' target='_blank'>IL1R1</a>",0.504344320558637,7.54820225914341,5.55432941198814,0.00073894557207623,0.0181555218065911,-0.31388095061038,"<a href='https://www.ncbi.nlm.nih.gov/gene?term=IL1R1[Gene Name] AND Homo sapiens[Organism]' target='_blank'>IL1R1</a>"
"214594_x_at","<a href='https://www.ncbi.nlm.nih.gov/gene?term=ATP8B1[Gene Name] AND Homo sapiens[Organism]' target='_blank'>ATP8B1</a>",-0.583650502533741,7.16650022665157,-5.54811281997097,0.000743969475640237,0.0182437370259601,-0.32111956420076,"<a href='https://www.ncbi.nlm.nih.gov/gene?term=ATP8B1[Gene Name] AND Homo sapiens[Organism]' target='_blank'>ATP8B1</a>"
"235146_at","<a href='https://www.ncbi.nlm.nih.gov/gene?term=TMCC3[Gene Name] AND Homo sapiens[Organism]' target='_blank'>TMCC3</a>",-0.531975406353697,6.69916592809881,-5.48303031047308,0.000798902946118682,0.0188333404492685,-0.397231994291552,"<a href='https://www.ncbi.nlm.nih.gov/gene?term=TMCC3[Gene Name] AND Homo sapiens[Organism]' target='_blank'>TMCC3</a>"
"211343_s_at","<a href='https://www.ncbi.nlm.nih.gov/gene?term=COL13A1[Gene Name] AND Homo sapiens[Organism]' target='_blank'>COL13A1</a>",-0.668062147409281,6.68841654823239,-5.46229028585505,0.000817342625651671,0.019032789010869,-0.421614020830291,"<a href='https://www.ncbi.nlm.nih.gov/gene?term=COL13A1[Gene Name] AND Homo sapiens[Organism]' target='_blank'>COL13A1</a>"
"1554479_a_at","<a href='https://www.ncbi.nlm.nih.gov/gene?term=CARD8[Gene Name] AND Homo sapiens[Organism]' target='_blank'>CARD8</a>",-0.510362711655667,7.02024727112056,-5.35703154011801,0.000918504362207411,0.0199484727266446,-0.546309272565861,"<a href='https://www.ncbi.nlm.nih.gov/gene?term=CARD8[Gene Name] AND Homo sapiens[Organism]' target='_blank'>CARD8</a>"
"235429_at","<a href='https://www.ncbi.nlm.nih.gov/gene?term=EIF3E[Gene Name] AND Homo sapiens[Organism]' target='_blank'>EIF3E</a>",-0.523422840125927,6.9721304440463,-5.34439242242642,0.00093155722127114,0.0200607931558677,-0.561389787821447,"<a href='https://www.ncbi.nlm.nih.gov/gene?term=EIF3E[Gene Name] AND Homo sapiens[Organism]' target='_blank'>EIF3E</a>"
"236487_at","<a href='https://www.ncbi.nlm.nih.gov/gene?term=SCLT1[Gene Name] AND Homo sapiens[Organism]' target='_blank'>SCLT1</a>",-0.624698212000228,6.96571513664357,-5.17029925562668,0.00113390639529117,0.0224785462505775,-0.771477356463249,"<a href='https://www.ncbi.nlm.nih.gov/gene?term=SCLT1[Gene Name] AND Homo sapiens[Organism]' target='_blank'>SCLT1</a>"
"204521_at","<a href='https://www.ncbi.nlm.nih.gov/gene?term=FAM216A[Gene Name] AND Homo sapiens[Organism]' target='_blank'>FAM216A</a>",-0.547897066193643,8.00133705793949,-5.08320556250883,0.001253029035791,0.0239089963096133,-0.878245850186778,"<a href='https://www.ncbi.nlm.nih.gov/gene?term=FAM216A[Gene Name] AND Homo sapiens[Organism]' target='_blank'>FAM216A</a>"
"228029_at","<a href='https://www.ncbi.nlm.nih.gov/gene?term=ZNF721[Gene Name] AND Homo sapiens[Organism]' target='_blank'>ZNF721</a>",-0.552038582888736,7.78377796602882,-4.96299704540592,0.00144077023334286,0.025683147729043,-1.02745322018868,"<a href='https://www.ncbi.nlm.nih.gov/gene?term=ZNF721[Gene Name] AND Homo sapiens[Organism]' target='_blank'>ZNF721</a>"
"219973_at","<a href='https://www.ncbi.nlm.nih.gov/gene?term=ARSJ[Gene Name] AND Homo sapiens[Organism]' target='_blank'>ARSJ</a>",-0.538588738093215,7.31597566102586,-4.92667793786257,0.00150344664231705,0.0264286815148745,-1.07295634328879,"<a href='https://www.ncbi.nlm.nih.gov/gene?term=ARSJ[Gene Name] AND Homo sapiens[Organism]' target='_blank'>ARSJ</a>"
"236814_at","<a href='https://www.ncbi.nlm.nih.gov/gene?term=MDM4[Gene Name] AND Homo sapiens[Organism]' target='_blank'>MDM4</a>",-0.54887611375254,7.35717892494314,-4.85524030898112,0.00163568909900096,0.027756553550647,-1.16303250668126,"<a href='https://www.ncbi.nlm.nih.gov/gene?term=MDM4[Gene Name] AND Homo sapiens[Organism]' target='_blank'>MDM4</a>"
"232020_at","<a href='https://www.ncbi.nlm.nih.gov/gene?term=SMURF2[Gene Name] AND Homo sapiens[Organism]' target='_blank'>SMURF2</a>",-0.517446218376669,6.76330321351092,-4.7588010256123,0.00183497626216698,0.0292287145038788,-1.28584371312438,"<a href='https://www.ncbi.nlm.nih.gov/gene?term=SMURF2[Gene Name] AND Homo sapiens[Organism]' target='_blank'>SMURF2</a>"
"226847_at","<a href='https://www.ncbi.nlm.nih.gov/gene?term=FST[Gene Name] AND Homo sapiens[Organism]' target='_blank'>FST</a>",-0.550823083983565,6.89749759987907,-4.65598229794027,0.00207733172719558,0.0311663698864598,-1.41831354821997,"<a href='https://www.ncbi.nlm.nih.gov/gene?term=FST[Gene Name] AND Homo sapiens[Organism]' target='_blank'>FST</a>"
"208003_s_at","<a href='https://www.ncbi.nlm.nih.gov/gene?term=NFAT5[Gene Name] AND Homo sapiens[Organism]' target='_blank'>NFAT5</a>",-0.547429214138946,8.28678000546959,-4.60194049729193,0.00221866158837981,0.0322339109992122,-1.48857549277857,"<a href='https://www.ncbi.nlm.nih.gov/gene?term=NFAT5[Gene Name] AND Homo sapiens[Organism]' target='_blank'>NFAT5</a>"
"223578_x_at","<a href='https://www.ncbi.nlm.nih.gov/gene?term=TALAM1[Gene Name] AND Homo sapiens[Organism]' target='_blank'>TALAM1</a>",-0.758058568334285,7.55147596315195,-4.52350088894745,0.00244293747184655,0.0338684806145872,-1.59133650283309,"<a href='https://www.ncbi.nlm.nih.gov/gene?term=TALAM1[Gene Name] AND Homo sapiens[Organism]' target='_blank'>TALAM1</a>"
"1554251_at","<a href='https://www.ncbi.nlm.nih.gov/gene?term=HP1BP3[Gene Name] AND Homo sapiens[Organism]' target='_blank'>HP1BP3</a>",-0.537357148802005,7.69562755498362,-4.36150213906536,0.00298905477878302,0.0381561686755983,-1.80647474926293,"<a href='https://www.ncbi.nlm.nih.gov/gene?term=HP1BP3[Gene Name] AND Homo sapiens[Organism]' target='_blank'>HP1BP3</a>"
"210517_s_at","<a href='https://www.ncbi.nlm.nih.gov/gene?term=AKAP12[Gene Name] AND Homo sapiens[Organism]' target='_blank'>AKAP12</a>",-0.513644218828953,6.80323891849664,-4.33579368494557,0.00308741238135112,0.0389044528489661,-1.84097503565245,"<a href='https://www.ncbi.nlm.nih.gov/gene?term=AKAP12[Gene Name] AND Homo sapiens[Organism]' target='_blank'>AKAP12</a>"
"221510_s_at","<a href='https://www.ncbi.nlm.nih.gov/gene?term=GLS[Gene Name] AND Homo sapiens[Organism]' target='_blank'>GLS</a>",-0.509179423672096,8.88633302432162,-4.25965275205513,0.00340008436578094,0.0412122606888514,-1.94372773282775,"<a href='https://www.ncbi.nlm.nih.gov/gene?term=GLS[Gene Name] AND Homo sapiens[Organism]' target='_blank'>GLS</a>"
"1556035_s_at","<a href='https://www.ncbi.nlm.nih.gov/gene?term=ZNF207[Gene Name] AND Homo sapiens[Organism]' target='_blank'>ZNF207</a>",-0.541518965408061,6.87093439400514,-4.09667153168414,0.00419210694785674,0.0461131764264241,-2.16652393457648,"<a href='https://www.ncbi.nlm.nih.gov/gene?term=ZNF207[Gene Name] AND Homo sapiens[Organism]' target='_blank'>ZNF207</a>"
"214683_s_at","<a href='https://www.ncbi.nlm.nih.gov/gene?term=CLK1[Gene Name] AND Homo sapiens[Organism]' target='_blank'>CLK1</a>",-0.560230735406259,6.68687338099684,-4.01545342488557,0.00466011236541843,0.0486540197495327,-2.27897935825468,"<a href='https://www.ncbi.nlm.nih.gov/gene?term=CLK1[Gene Name] AND Homo sapiens[Organism]' target='_blank'>CLK1</a>"
