"probeID","gene_symbol","logFC","AveExpr","t","P.Value","adj.P.Val","B","url"
"205967_at","<a href='https://www.ncbi.nlm.nih.gov/gene?term=H4C3[Gene Name] AND Homo sapiens[Organism]' target='_blank'>H4C3</a>",0.707640668492747,11.8064106254625,17.424521092144,1.33345447750616e-67,4.22238360302327e-64,143.327930344465,"<a href='https://www.ncbi.nlm.nih.gov/gene?term=H4C3[Gene Name] AND Homo sapiens[Organism]' target='_blank'>H4C3</a>"
"239937_at","<a href='https://www.ncbi.nlm.nih.gov/gene?term=ZNF207[Gene Name] AND Homo sapiens[Organism]' target='_blank'>ZNF207</a>",-1.69634369905206,6.16233890545387,-14.7981056423701,2.42234803266751e-49,6.13629203635332e-46,101.461997839497,"<a href='https://www.ncbi.nlm.nih.gov/gene?term=ZNF207[Gene Name] AND Homo sapiens[Organism]' target='_blank'>ZNF207</a>"
"201930_at","<a href='https://www.ncbi.nlm.nih.gov/gene?term=MCM6[Gene Name] AND Homo sapiens[Organism]' target='_blank'>MCM6</a>",1.27210234699658,8.70323352120815,13.7001006489725,1.43818824748866e-42,2.27701154283642e-39,85.9824509136842,"<a href='https://www.ncbi.nlm.nih.gov/gene?term=MCM6[Gene Name] AND Homo sapiens[Organism]' target='_blank'>MCM6</a>"
"205034_at","<a href='https://www.ncbi.nlm.nih.gov/gene?term=CCNE2[Gene Name] AND Homo sapiens[Organism]' target='_blank'>CCNE2</a>",1.28454854766909,8.22266613950786,12.7857616500534,2.56887074174692e-37,2.95793789226968e-34,74.0024247984196,"<a href='https://www.ncbi.nlm.nih.gov/gene?term=CCNE2[Gene Name] AND Homo sapiens[Organism]' target='_blank'>CCNE2</a>"
"209026_x_at","<a href='https://www.ncbi.nlm.nih.gov/gene?term=TUBB[Gene Name] AND Homo sapiens[Organism]' target='_blank'>TUBB</a>",0.640163185056661,11.0760105153605,12.7653795201817,3.33262061283591e-37,3.5175810568483e-34,73.7447948954253,"<a href='https://www.ncbi.nlm.nih.gov/gene?term=TUBB[Gene Name] AND Homo sapiens[Organism]' target='_blank'>TUBB</a>"
"218585_s_at","<a href='https://www.ncbi.nlm.nih.gov/gene?term=DTL[Gene Name] AND Homo sapiens[Organism]' target='_blank'>DTL</a>",1.15942704733495,8.43732735672454,11.9291512804689,1.02082585678645e-32,8.08111268878572e-30,63.5292388058057,"<a href='https://www.ncbi.nlm.nih.gov/gene?term=DTL[Gene Name] AND Homo sapiens[Organism]' target='_blank'>DTL</a>"
"202954_at","<a href='https://www.ncbi.nlm.nih.gov/gene?term=UBE2C[Gene Name] AND Homo sapiens[Organism]' target='_blank'>UBE2C</a>",0.685086845856587,10.4856252557964,11.5446758125165,9.37731415944731e-31,6.59850339686442e-28,59.0645731712421,"<a href='https://www.ncbi.nlm.nih.gov/gene?term=UBE2C[Gene Name] AND Homo sapiens[Organism]' target='_blank'>UBE2C</a>"
"202330_s_at","<a href='https://www.ncbi.nlm.nih.gov/gene?term=UNG[Gene Name] AND Homo sapiens[Organism]' target='_blank'>UNG</a>",0.856407698901197,9.67882786380842,11.4402718522275,3.12129939694391e-30,1.97671890808458e-27,57.8774469547686,"<a href='https://www.ncbi.nlm.nih.gov/gene?term=UNG[Gene Name] AND Homo sapiens[Organism]' target='_blank'>UNG</a>"
"214710_s_at","<a href='https://www.ncbi.nlm.nih.gov/gene?term=CCNB1[Gene Name] AND Homo sapiens[Organism]' target='_blank'>CCNB1</a>",-0.546203597721032,11.1410962208818,-11.0973366962252,1.50394204585225e-28,9.070919025126e-26,54.0539896532792,"<a href='https://www.ncbi.nlm.nih.gov/gene?term=CCNB1[Gene Name] AND Homo sapiens[Organism]' target='_blank'>CCNB1</a>"
"218875_s_at","<a href='https://www.ncbi.nlm.nih.gov/gene?term=FBXO5[Gene Name] AND Homo sapiens[Organism]' target='_blank'>FBXO5</a>",1.01558851087623,8.76171572207855,11.0495548537267,2.55710821675711e-28,1.40818837710633e-25,53.5304952108835,"<a href='https://www.ncbi.nlm.nih.gov/gene?term=FBXO5[Gene Name] AND Homo sapiens[Organism]' target='_blank'>FBXO5</a>"
"204092_s_at","<a href='https://www.ncbi.nlm.nih.gov/gene?term=AURKA[Gene Name] AND Homo sapiens[Organism]' target='_blank'>AURKA</a>",-0.69408878025145,10.2719997106337,-10.9862264768934,5.14962430189085e-28,2.60900565630998e-25,52.8401549300796,"<a href='https://www.ncbi.nlm.nih.gov/gene?term=AURKA[Gene Name] AND Homo sapiens[Organism]' target='_blank'>AURKA</a>"
"206432_at","<a href='https://www.ncbi.nlm.nih.gov/gene?term=HAS2[Gene Name] AND Homo sapiens[Organism]' target='_blank'>HAS2</a>",0.670972650069395,10.3696615645952,10.9312707885031,9.42380141305259e-28,4.42080995176756e-25,52.2443007129466,"<a href='https://www.ncbi.nlm.nih.gov/gene?term=HAS2[Gene Name] AND Homo sapiens[Organism]' target='_blank'>HAS2</a>"
"204962_s_at","<a href='https://www.ncbi.nlm.nih.gov/gene?term=CENPA[Gene Name] AND Homo sapiens[Organism]' target='_blank'>CENPA</a>",-0.585363878299065,10.7923609549094,-10.7664521668412,5.67092582382901e-27,2.56528380302208e-24,50.4751825486642,"<a href='https://www.ncbi.nlm.nih.gov/gene?term=CENPA[Gene Name] AND Homo sapiens[Organism]' target='_blank'>CENPA</a>"
"202911_at","<a href='https://www.ncbi.nlm.nih.gov/gene?term=MSH6[Gene Name] AND Homo sapiens[Organism]' target='_blank'>MSH6</a>",0.69997528731246,10.0353201176565,10.329141685935,5.83127734414052e-25,2.17232231884952e-22,45.9114724838736,"<a href='https://www.ncbi.nlm.nih.gov/gene?term=MSH6[Gene Name] AND Homo sapiens[Organism]' target='_blank'>MSH6</a>"
"218041_x_at","<a href='https://www.ncbi.nlm.nih.gov/gene?term=SLC38A2[Gene Name] AND Homo sapiens[Organism]' target='_blank'>SLC38A2</a>",0.505458489308113,11.0875166321266,10.1126149935497,5.39441917346759e-24,1.84664089867947e-21,43.7218660510939,"<a href='https://www.ncbi.nlm.nih.gov/gene?term=SLC38A2[Gene Name] AND Homo sapiens[Organism]' target='_blank'>SLC38A2</a>"
"203213_at","<a href='https://www.ncbi.nlm.nih.gov/gene?term=CDK1[Gene Name] AND Homo sapiens[Organism]' target='_blank'>CDK1</a>",0.532785981439813,10.8780976925517,10.0406702634056,1.11831599683943e-23,3.63194626050467e-21,43.0045984007436,"<a href='https://www.ncbi.nlm.nih.gov/gene?term=CDK1[Gene Name] AND Homo sapiens[Organism]' target='_blank'>CDK1</a>"
"202633_at","<a href='https://www.ncbi.nlm.nih.gov/gene?term=TOPBP1[Gene Name] AND Homo sapiens[Organism]' target='_blank'>TOPBP1</a>",0.886395625576181,8.96550917315611,10.0151245179954,1.44696794485045e-23,4.58182399736894e-21,42.7511469036936,"<a href='https://www.ncbi.nlm.nih.gov/gene?term=TOPBP1[Gene Name] AND Homo sapiens[Organism]' target='_blank'>TOPBP1</a>"
"201292_at","<a href='https://www.ncbi.nlm.nih.gov/gene?term=TOP2A[Gene Name] AND Homo sapiens[Organism]' target='_blank'>TOP2A</a>",0.748662977584203,9.59730440434856,9.79278536021972,1.32624984499347e-22,3.73295123037497e-20,40.5724791192001,"<a href='https://www.ncbi.nlm.nih.gov/gene?term=TOP2A[Gene Name] AND Homo sapiens[Organism]' target='_blank'>TOP2A</a>"
"201555_at","<a href='https://www.ncbi.nlm.nih.gov/gene?term=MCM3[Gene Name] AND Homo sapiens[Organism]' target='_blank'>MCM3</a>",0.851107675066368,9.0491673206042,9.78314118382507,1.45842707259165e-22,4.01574723944474e-20,40.4790840655573,"<a href='https://www.ncbi.nlm.nih.gov/gene?term=MCM3[Gene Name] AND Homo sapiens[Organism]' target='_blank'>MCM3</a>"
"208956_x_at","<a href='https://www.ncbi.nlm.nih.gov/gene?term=DUT[Gene Name] AND Homo sapiens[Organism]' target='_blank'>DUT</a>",0.597865239932712,10.3773124908642,9.76213495189739,1.7931473372173e-22,4.83234131344559e-20,40.2759763737403,"<a href='https://www.ncbi.nlm.nih.gov/gene?term=DUT[Gene Name] AND Homo sapiens[Organism]' target='_blank'>DUT</a>"
"217755_at","<a href='https://www.ncbi.nlm.nih.gov/gene?term=JPT1[Gene Name] AND Homo sapiens[Organism]' target='_blank'>JPT1</a>",0.563521170903382,10.5488705364667,9.67029188336213,4.40285432327686e-22,1.13809291548214e-19,39.3930798017428,"<a href='https://www.ncbi.nlm.nih.gov/gene?term=JPT1[Gene Name] AND Homo sapiens[Organism]' target='_blank'>JPT1</a>"
"1555878_at","<a href='https://www.ncbi.nlm.nih.gov/gene?term=RPS24[Gene Name] AND Homo sapiens[Organism]' target='_blank'>RPS24</a>",1.00204403819748,7.3817324023523,9.40608030013258,5.57210079362855e-21,1.3069671972611e-18,36.8997252183386,"<a href='https://www.ncbi.nlm.nih.gov/gene?term=RPS24[Gene Name] AND Homo sapiens[Organism]' target='_blank'>RPS24</a>"
"1553959_a_at","<a href='https://www.ncbi.nlm.nih.gov/gene?term=B3GALT6[Gene Name] AND Homo sapiens[Organism]' target='_blank'>B3GALT6</a>",0.79517783832336,9.17220480154772,9.38593120039419,6.74314638703166e-21,1.52515521675255e-18,36.7124133394475,"<a href='https://www.ncbi.nlm.nih.gov/gene?term=B3GALT6[Gene Name] AND Homo sapiens[Organism]' target='_blank'>B3GALT6</a>"
"226531_at","<a href='https://www.ncbi.nlm.nih.gov/gene?term=ORAI1[Gene Name] AND Homo sapiens[Organism]' target='_blank'>ORAI1</a>",1.02364757367381,6.49985860965795,9.16822451261382,5.16371634047861e-20,1.12764881325004e-17,34.7141654106788,"<a href='https://www.ncbi.nlm.nih.gov/gene?term=ORAI1[Gene Name] AND Homo sapiens[Organism]' target='_blank'>ORAI1</a>"
"202146_at","<a href='https://www.ncbi.nlm.nih.gov/gene?term=IFRD1[Gene Name] AND Homo sapiens[Organism]' target='_blank'>IFRD1</a>",0.719381877979341,9.48020020352805,9.13848495492084,6.79468659301824e-20,1.45866949808761e-17,34.4448376015154,"<a href='https://www.ncbi.nlm.nih.gov/gene?term=IFRD1[Gene Name] AND Homo sapiens[Organism]' target='_blank'>IFRD1</a>"
"214782_at","<a href='https://www.ncbi.nlm.nih.gov/gene?term=CTTN[Gene Name] AND Homo sapiens[Organism]' target='_blank'>CTTN</a>",-1.01138862933949,6.50527956884557,-9.06205275757221,1.37029064288491e-19,2.89268354713004e-17,33.7566656492132,"<a href='https://www.ncbi.nlm.nih.gov/gene?term=CTTN[Gene Name] AND Homo sapiens[Organism]' target='_blank'>CTTN</a>"
"206157_at","<a href='https://www.ncbi.nlm.nih.gov/gene?term=PTX3[Gene Name] AND Homo sapiens[Organism]' target='_blank'>PTX3</a>",0.928830532543065,7.88036521363613,8.89534599245047,6.20377595205393e-19,1.26737139046315e-16,32.2757406831433,"<a href='https://www.ncbi.nlm.nih.gov/gene?term=PTX3[Gene Name] AND Homo sapiens[Organism]' target='_blank'>PTX3</a>"
"204641_at","<a href='https://www.ncbi.nlm.nih.gov/gene?term=NEK2[Gene Name] AND Homo sapiens[Organism]' target='_blank'>NEK2</a>",-0.576763013216784,10.1486870520767,-8.80005978258468,1.45283564891959e-18,2.87525255143993e-16,31.4416236638482,"<a href='https://www.ncbi.nlm.nih.gov/gene?term=NEK2[Gene Name] AND Homo sapiens[Organism]' target='_blank'>NEK2</a>"
"227517_s_at","<a href='https://www.ncbi.nlm.nih.gov/gene?term=GAS5[Gene Name] AND Homo sapiens[Organism]' target='_blank'>GAS5</a>",0.714912621043627,9.16521767769363,8.42560313118083,3.77688092271237e-17,6.64416302320484e-15,28.2507184940558,"<a href='https://www.ncbi.nlm.nih.gov/gene?term=GAS5[Gene Name] AND Homo sapiens[Organism]' target='_blank'>GAS5</a>"
"214805_at","<a href='https://www.ncbi.nlm.nih.gov/gene?term=EIF4A1[Gene Name] AND Homo sapiens[Organism]' target='_blank'>EIF4A1</a>",-0.88969387629887,7.43832212693766,-8.35830863133684,6.68488497858312e-17,1.12112219376645e-14,27.6919792687358,"<a href='https://www.ncbi.nlm.nih.gov/gene?term=EIF4A1[Gene Name] AND Homo sapiens[Organism]' target='_blank'>EIF4A1</a>"
"229139_at","<a href='https://www.ncbi.nlm.nih.gov/gene?term=JPH1[Gene Name] AND Homo sapiens[Organism]' target='_blank'>JPH1</a>",0.926512400659868,6.60480464329153,8.35988788496461,6.59624687037318e-17,1.12112219376645e-14,27.705040307341,"<a href='https://www.ncbi.nlm.nih.gov/gene?term=JPH1[Gene Name] AND Homo sapiens[Organism]' target='_blank'>JPH1</a>"
"223494_at","<a href='https://www.ncbi.nlm.nih.gov/gene?term=OGA[Gene Name] AND Homo sapiens[Organism]' target='_blank'>OGA</a>",-0.882566807055644,7.29943941163327,-8.27469374363329,1.35054585589876e-16,2.19307869369406e-14,27.0039757421044,"<a href='https://www.ncbi.nlm.nih.gov/gene?term=OGA[Gene Name] AND Homo sapiens[Organism]' target='_blank'>OGA</a>"
"219816_s_at","<a href='https://www.ncbi.nlm.nih.gov/gene?term=RBM23[Gene Name] AND Homo sapiens[Organism]' target='_blank'>RBM23</a>",0.873056136568864,7.48091124396525,8.20889733990173,2.33749924877113e-16,3.70084568561689e-14,26.467450211094,"<a href='https://www.ncbi.nlm.nih.gov/gene?term=RBM23[Gene Name] AND Homo sapiens[Organism]' target='_blank'>RBM23</a>"
"202672_s_at","<a href='https://www.ncbi.nlm.nih.gov/gene?term=ATF3[Gene Name] AND Homo sapiens[Organism]' target='_blank'>ATF3</a>",-0.86255952571055,7.61226527049224,-8.1383849475292,4.18820395799548e-16,6.46924284536229e-14,25.8972236852121,"<a href='https://www.ncbi.nlm.nih.gov/gene?term=ATF3[Gene Name] AND Homo sapiens[Organism]' target='_blank'>ATF3</a>"
"226757_at","<a href='https://www.ncbi.nlm.nih.gov/gene?term=IFIT2[Gene Name] AND Homo sapiens[Organism]' target='_blank'>IFIT2</a>",0.866715665643849,7.33972088228523,8.13081681454373,4.45745098605252e-16,6.80217761317365e-14,25.8363132918949,"<a href='https://www.ncbi.nlm.nih.gov/gene?term=IFIT2[Gene Name] AND Homo sapiens[Organism]' target='_blank'>IFIT2</a>"
"220085_at","<a href='https://www.ncbi.nlm.nih.gov/gene?term=HELLS[Gene Name] AND Homo sapiens[Organism]' target='_blank'>HELLS</a>",0.851781207582567,7.77589101651886,8.09835060905188,5.81953987059199e-16,8.77503476201406e-14,25.5756594217001,"<a href='https://www.ncbi.nlm.nih.gov/gene?term=HELLS[Gene Name] AND Homo sapiens[Organism]' target='_blank'>HELLS</a>"
"235060_at","<a href='https://www.ncbi.nlm.nih.gov/gene?term=LOC100190986[Gene Name] AND Homo sapiens[Organism]' target='_blank'>LOC100190986</a>",-0.894800378062569,6.46384244944534,-7.99294130541567,1.37334842318462e-15,1.95447540764678e-13,24.7365738336686,"<a href='https://www.ncbi.nlm.nih.gov/gene?term=LOC100190986[Gene Name] AND Homo sapiens[Organism]' target='_blank'>LOC100190986</a>"
"209189_at","<a href='https://www.ncbi.nlm.nih.gov/gene?term=FOS[Gene Name] AND Homo sapiens[Organism]' target='_blank'>FOS</a>",-0.848923270529908,7.07748384562204,-7.90248322169219,2.84458476870871e-15,3.95928688796313e-13,24.0252687399965,"<a href='https://www.ncbi.nlm.nih.gov/gene?term=FOS[Gene Name] AND Homo sapiens[Organism]' target='_blank'>FOS</a>"
"228069_at","<a href='https://www.ncbi.nlm.nih.gov/gene?term=MTFR2[Gene Name] AND Homo sapiens[Organism]' target='_blank'>MTFR2</a>",0.801439543662515,8.10852651322716,7.85603960822951,4.12129598067966e-15,5.61293923562243e-13,23.6632109375026,"<a href='https://www.ncbi.nlm.nih.gov/gene?term=MTFR2[Gene Name] AND Homo sapiens[Organism]' target='_blank'>MTFR2</a>"
"222740_at","<a href='https://www.ncbi.nlm.nih.gov/gene?term=ATAD2[Gene Name] AND Homo sapiens[Organism]' target='_blank'>ATAD2</a>",0.523579101640602,10.0835836930534,7.836365203549,4.81910721030698e-15,6.49349063039875e-13,23.5104798278571,"<a href='https://www.ncbi.nlm.nih.gov/gene?term=ATAD2[Gene Name] AND Homo sapiens[Organism]' target='_blank'>ATAD2</a>"
"204337_at","<a href='https://www.ncbi.nlm.nih.gov/gene?term=RGS4[Gene Name] AND Homo sapiens[Organism]' target='_blank'>RGS4</a>",0.886081213501446,6.27726893994936,7.8021427635037,6.32033241616854e-15,8.42666635612533e-13,23.2457257298753,"<a href='https://www.ncbi.nlm.nih.gov/gene?term=RGS4[Gene Name] AND Homo sapiens[Organism]' target='_blank'>RGS4</a>"
"201458_s_at","<a href='https://www.ncbi.nlm.nih.gov/gene?term=BUB3[Gene Name] AND Homo sapiens[Organism]' target='_blank'>BUB3</a>",0.559689102657972,9.80397945980359,7.73343354679098,1.08566211885489e-14,1.43239545806417e-12,22.7176712028781,"<a href='https://www.ncbi.nlm.nih.gov/gene?term=BUB3[Gene Name] AND Homo sapiens[Organism]' target='_blank'>BUB3</a>"
"221521_s_at","<a href='https://www.ncbi.nlm.nih.gov/gene?term=GINS2[Gene Name] AND Homo sapiens[Organism]' target='_blank'>GINS2</a>",0.765210932839007,8.32381224088376,7.73069358261179,1.10923246745452e-14,1.4349536986948e-12,22.6967104585571,"<a href='https://www.ncbi.nlm.nih.gov/gene?term=GINS2[Gene Name] AND Homo sapiens[Organism]' target='_blank'>GINS2</a>"
"208891_at","<a href='https://www.ncbi.nlm.nih.gov/gene?term=DUSP6[Gene Name] AND Homo sapiens[Organism]' target='_blank'>DUSP6</a>",0.509652020275322,10.1276233708741,7.72768442687578,1.13569893856797e-14,1.45300633897999e-12,22.6736989552237,"<a href='https://www.ncbi.nlm.nih.gov/gene?term=DUSP6[Gene Name] AND Homo sapiens[Organism]' target='_blank'>DUSP6</a>"
"220295_x_at","<a href='https://www.ncbi.nlm.nih.gov/gene?term=DEPDC1[Gene Name] AND Homo sapiens[Organism]' target='_blank'>DEPDC1</a>",-0.59352478685285,9.57522269542544,-7.72042785523826,1.20210582069035e-14,1.5225872324864e-12,22.618243623384,"<a href='https://www.ncbi.nlm.nih.gov/gene?term=DEPDC1[Gene Name] AND Homo sapiens[Organism]' target='_blank'>DEPDC1</a>"
"209332_s_at","<a href='https://www.ncbi.nlm.nih.gov/gene?term=MAX[Gene Name] AND Homo sapiens[Organism]' target='_blank'>MAX</a>",0.7545245370515,8.40217654942397,7.71845095011781,1.22084982856001e-14,1.53101821074664e-12,22.6031449778885,"<a href='https://www.ncbi.nlm.nih.gov/gene?term=MAX[Gene Name] AND Homo sapiens[Organism]' target='_blank'>MAX</a>"
"1554696_s_at","<a href='https://www.ncbi.nlm.nih.gov/gene?term=TYMS[Gene Name] AND Homo sapiens[Organism]' target='_blank'>TYMS</a>",0.725964224914346,8.62802943388543,7.71673630120389,1.23733994756425e-14,1.53648507606361e-12,22.5900524497724,"<a href='https://www.ncbi.nlm.nih.gov/gene?term=TYMS[Gene Name] AND Homo sapiens[Organism]' target='_blank'>TYMS</a>"
"223003_at","<a href='https://www.ncbi.nlm.nih.gov/gene?term=TRIR[Gene Name] AND Homo sapiens[Organism]' target='_blank'>TRIR</a>",0.667381574443233,9.06616674270699,7.69903087909903,1.4209647595e-14,1.73057111959875e-12,22.455029425342,"<a href='https://www.ncbi.nlm.nih.gov/gene?term=TRIR[Gene Name] AND Homo sapiens[Organism]' target='_blank'>TRIR</a>"
"225725_at","<a href='https://www.ncbi.nlm.nih.gov/gene?term=ZMAT3[Gene Name] AND Homo sapiens[Organism]' target='_blank'>ZMAT3</a>",0.84225667426565,6.78334162082918,7.6912364675528,1.51006714557503e-14,1.82157242531936e-12,22.3956869167975,"<a href='https://www.ncbi.nlm.nih.gov/gene?term=ZMAT3[Gene Name] AND Homo sapiens[Organism]' target='_blank'>ZMAT3</a>"
"213835_x_at","<a href='https://www.ncbi.nlm.nih.gov/gene?term=GTPBP3[Gene Name] AND Homo sapiens[Organism]' target='_blank'>GTPBP3</a>",0.792311506192142,8.00551709945653,7.67704521630636,1.68663058943994e-14,2.01536443828739e-12,22.2877966157043,"<a href='https://www.ncbi.nlm.nih.gov/gene?term=GTPBP3[Gene Name] AND Homo sapiens[Organism]' target='_blank'>GTPBP3</a>"
"242138_at","<a href='https://www.ncbi.nlm.nih.gov/gene?term=DLX1[Gene Name] AND Homo sapiens[Organism]' target='_blank'>DLX1</a>",0.838133631982147,6.74409222813899,7.63363706158603,2.36256639084972e-14,2.7966603650937e-12,21.9590189765134,"<a href='https://www.ncbi.nlm.nih.gov/gene?term=DLX1[Gene Name] AND Homo sapiens[Organism]' target='_blank'>DLX1</a>"
"1554678_s_at","<a href='https://www.ncbi.nlm.nih.gov/gene?term=HNRNPDL[Gene Name] AND Homo sapiens[Organism]' target='_blank'>HNRNPDL</a>",0.514037329858226,10.0409719837295,7.59783307302193,3.11534595627911e-14,3.653608507614e-12,21.6892390468973,"<a href='https://www.ncbi.nlm.nih.gov/gene?term=HNRNPDL[Gene Name] AND Homo sapiens[Organism]' target='_blank'>HNRNPDL</a>"
"202703_at","<a href='https://www.ncbi.nlm.nih.gov/gene?term=DUSP11[Gene Name] AND Homo sapiens[Organism]' target='_blank'>DUSP11</a>",0.626382155621803,9.28641957283018,7.5906372232031,3.29293122590426e-14,3.82644650525719e-12,21.6351720147348,"<a href='https://www.ncbi.nlm.nih.gov/gene?term=DUSP11[Gene Name] AND Homo sapiens[Organism]' target='_blank'>DUSP11</a>"
"216237_s_at","<a href='https://www.ncbi.nlm.nih.gov/gene?term=MCM5[Gene Name] AND Homo sapiens[Organism]' target='_blank'>MCM5</a>",0.807726233277278,7.39789408269872,7.58381469277236,3.470480930031e-14,3.99610104179752e-12,21.583957283346,"<a href='https://www.ncbi.nlm.nih.gov/gene?term=MCM5[Gene Name] AND Homo sapiens[Organism]' target='_blank'>MCM5</a>"
"229551_x_at","<a href='https://www.ncbi.nlm.nih.gov/gene?term=ZNF367[Gene Name] AND Homo sapiens[Organism]' target='_blank'>ZNF367</a>",0.764803482262266,8.19384079723804,7.58188453181368,3.5223978061409e-14,4.01934149662889e-12,21.5694764895443,"<a href='https://www.ncbi.nlm.nih.gov/gene?term=ZNF367[Gene Name] AND Homo sapiens[Organism]' target='_blank'>ZNF367</a>"
"205466_s_at","<a href='https://www.ncbi.nlm.nih.gov/gene?term=HS3ST1[Gene Name] AND Homo sapiens[Organism]' target='_blank'>HS3ST1</a>",0.733292987879214,8.40575334574376,7.50567322593921,6.31247058512371e-14,7.0134870553664e-12,21.0006566271084,"<a href='https://www.ncbi.nlm.nih.gov/gene?term=HS3ST1[Gene Name] AND Homo sapiens[Organism]' target='_blank'>HS3ST1</a>"
"221677_s_at","<a href='https://www.ncbi.nlm.nih.gov/gene?term=DONSON[Gene Name] AND Homo sapiens[Organism]' target='_blank'>DONSON</a>",0.650562277186708,9.06703250329058,7.50638066485634,6.27854273388381e-14,7.0134870553664e-12,21.0059103294823,"<a href='https://www.ncbi.nlm.nih.gov/gene?term=DONSON[Gene Name] AND Homo sapiens[Organism]' target='_blank'>DONSON</a>"
"205677_s_at","<a href='https://www.ncbi.nlm.nih.gov/gene?term=DLEU1[Gene Name] AND Homo sapiens[Organism]' target='_blank'>DLEU1</a>",0.699281845154411,8.67472738257924,7.49378132852288,6.91052585122655e-14,7.61119308101178e-12,20.9124171299239,"<a href='https://www.ncbi.nlm.nih.gov/gene?term=DLEU1[Gene Name] AND Homo sapiens[Organism]' target='_blank'>DLEU1</a>"
"204739_at","<a href='https://www.ncbi.nlm.nih.gov/gene?term=CENPC[Gene Name] AND Homo sapiens[Organism]' target='_blank'>CENPC</a>",0.827754570565205,6.29970918789823,7.30162754078245,2.92688940403406e-13,3.01398221069068e-11,19.5060059014065,"<a href='https://www.ncbi.nlm.nih.gov/gene?term=CENPC[Gene Name] AND Homo sapiens[Organism]' target='_blank'>CENPC</a>"
"203967_at","<a href='https://www.ncbi.nlm.nih.gov/gene?term=CDC6[Gene Name] AND Homo sapiens[Organism]' target='_blank'>CDC6</a>",0.679936929009882,8.66147848744002,7.26968826028225,3.70756583988101e-13,3.75680231423463e-11,19.2757767550618,"<a href='https://www.ncbi.nlm.nih.gov/gene?term=CDC6[Gene Name] AND Homo sapiens[Organism]' target='_blank'>CDC6</a>"
"221486_at","<a href='https://www.ncbi.nlm.nih.gov/gene?term=ENSA[Gene Name] AND Homo sapiens[Organism]' target='_blank'>ENSA</a>",0.794307153801226,6.76266176598425,7.24340842409583,4.50041155472003e-13,4.52398513905428e-11,19.0870996751268,"<a href='https://www.ncbi.nlm.nih.gov/gene?term=ENSA[Gene Name] AND Homo sapiens[Organism]' target='_blank'>ENSA</a>"
"235609_at","<a href='https://www.ncbi.nlm.nih.gov/gene?term=BRIP1[Gene Name] AND Homo sapiens[Organism]' target='_blank'>BRIP1</a>",0.789371772122496,6.83081667359658,7.23124704629724,4.92153879043891e-13,4.90836301729915e-11,19.0000178706831,"<a href='https://www.ncbi.nlm.nih.gov/gene?term=BRIP1[Gene Name] AND Homo sapiens[Organism]' target='_blank'>BRIP1</a>"
"213418_at","<a href='https://www.ncbi.nlm.nih.gov/gene?term=HSPA6[Gene Name] AND Homo sapiens[Organism]' target='_blank'>HSPA6</a>",-0.763489636233937,7.66853028863825,-7.21777489567578,5.43329812116972e-13,5.33474062036711e-11,18.9037210864728,"<a href='https://www.ncbi.nlm.nih.gov/gene?term=HSPA6[Gene Name] AND Homo sapiens[Organism]' target='_blank'>HSPA6</a>"
"219622_at","<a href='https://www.ncbi.nlm.nih.gov/gene?term=RAB20[Gene Name] AND Homo sapiens[Organism]' target='_blank'>RAB20</a>",0.742732739814864,8.03375313495732,7.21785999009828,5.4299072456444e-13,5.33474062036711e-11,18.9043287642975,"<a href='https://www.ncbi.nlm.nih.gov/gene?term=RAB20[Gene Name] AND Homo sapiens[Organism]' target='_blank'>RAB20</a>"
"220651_s_at","<a href='https://www.ncbi.nlm.nih.gov/gene?term=MCM10[Gene Name] AND Homo sapiens[Organism]' target='_blank'>MCM10</a>",0.578281305172441,9.36433807912709,7.14049609918011,9.55032577733406e-13,9.16397168906918e-11,18.3548139213749,"<a href='https://www.ncbi.nlm.nih.gov/gene?term=MCM10[Gene Name] AND Homo sapiens[Organism]' target='_blank'>MCM10</a>"
"213153_at","<a href='https://www.ncbi.nlm.nih.gov/gene?term=SETD1B[Gene Name] AND Homo sapiens[Organism]' target='_blank'>SETD1B</a>",0.659524068359,8.68021967450194,7.07448164763432,1.53908349463542e-12,1.46571665737235e-10,17.8905963152855,"<a href='https://www.ncbi.nlm.nih.gov/gene?term=SETD1B[Gene Name] AND Homo sapiens[Organism]' target='_blank'>SETD1B</a>"
"1558678_s_at","<a href='https://www.ncbi.nlm.nih.gov/gene?term=MALAT1[Gene Name] AND Homo sapiens[Organism]' target='_blank'>MALAT1</a>",-0.522008846213248,10.4194687828317,-7.8353458365106,2.47578526726277e-12,2.32283675519631e-10,17.6517404112794,"<a href='https://www.ncbi.nlm.nih.gov/gene?term=MALAT1[Gene Name] AND Homo sapiens[Organism]' target='_blank'>MALAT1</a>"
"201960_s_at","<a href='https://www.ncbi.nlm.nih.gov/gene?term=MYCBP2[Gene Name] AND Homo sapiens[Organism]' target='_blank'>MYCBP2</a>",0.59425686142546,9.13883951877681,6.96324144950556,3.40649194554434e-12,3.14938883082223e-10,17.1181028235769,"<a href='https://www.ncbi.nlm.nih.gov/gene?term=MYCBP2[Gene Name] AND Homo sapiens[Organism]' target='_blank'>MYCBP2</a>"
"208694_at","<a href='https://www.ncbi.nlm.nih.gov/gene?term=PRKDC[Gene Name] AND Homo sapiens[Organism]' target='_blank'>PRKDC</a>",0.605004379382784,9.0446364386214,6.94759352372668,3.80560218695177e-12,3.49288096376312e-10,17.010420013565,"<a href='https://www.ncbi.nlm.nih.gov/gene?term=PRKDC[Gene Name] AND Homo sapiens[Organism]' target='_blank'>PRKDC</a>"
"219990_at","<a href='https://www.ncbi.nlm.nih.gov/gene?term=E2F8[Gene Name] AND Homo sapiens[Organism]' target='_blank'>E2F8</a>",0.561598073939935,9.35419801838155,6.91736344437244,4.7106888594361e-12,4.29248813623149e-10,16.8030747031535,"<a href='https://www.ncbi.nlm.nih.gov/gene?term=E2F8[Gene Name] AND Homo sapiens[Organism]' target='_blank'>E2F8</a>"
"202533_s_at","<a href='https://www.ncbi.nlm.nih.gov/gene?term=DHFR[Gene Name] AND Homo sapiens[Organism]' target='_blank'>DHFR</a>",0.728987381416761,7.55636072385722,6.86674209653656,6.72018983750317e-12,6.03673223275285e-10,16.4578922600981,"<a href='https://www.ncbi.nlm.nih.gov/gene?term=DHFR[Gene Name] AND Homo sapiens[Organism]' target='_blank'>DHFR</a>"
"238439_at","<a href='https://www.ncbi.nlm.nih.gov/gene?term=ANKRD22[Gene Name] AND Homo sapiens[Organism]' target='_blank'>ANKRD22</a>",0.737059023830819,7.06126374326012,6.85447203864622,7.32180229796843e-12,6.51056154661544e-10,16.374605578686,"<a href='https://www.ncbi.nlm.nih.gov/gene?term=ANKRD22[Gene Name] AND Homo sapiens[Organism]' target='_blank'>ANKRD22</a>"
"217999_s_at","<a href='https://www.ncbi.nlm.nih.gov/gene?term=PHLDA1[Gene Name] AND Homo sapiens[Organism]' target='_blank'>PHLDA1</a>",0.723494859440466,7.55583721822152,6.81490788140292,9.64385388027288e-12,8.48257314219002e-10,16.1070665552316,"<a href='https://www.ncbi.nlm.nih.gov/gene?term=PHLDA1[Gene Name] AND Homo sapiens[Organism]' target='_blank'>PHLDA1</a>"
"215978_x_at","<a href='https://www.ncbi.nlm.nih.gov/gene?term=ZNF721[Gene Name] AND Homo sapiens[Organism]' target='_blank'>ZNF721</a>",-0.537098460211102,9.47135519657222,-6.80804307729072,1.01144123587259e-11,8.83511358176707e-10,16.0608033470333,"<a href='https://www.ncbi.nlm.nih.gov/gene?term=ZNF721[Gene Name] AND Homo sapiens[Organism]' target='_blank'>ZNF721</a>"
"238756_at","<a href='https://www.ncbi.nlm.nih.gov/gene?term=GAS2L3[Gene Name] AND Homo sapiens[Organism]' target='_blank'>GAS2L3</a>",-0.618479650853835,8.80353402044457,-6.77888948166328,1.23761382342606e-11,1.06636848214384e-09,15.8648512347401,"<a href='https://www.ncbi.nlm.nih.gov/gene?term=GAS2L3[Gene Name] AND Homo sapiens[Organism]' target='_blank'>GAS2L3</a>"
"201739_at","<a href='https://www.ncbi.nlm.nih.gov/gene?term=SGK1[Gene Name] AND Homo sapiens[Organism]' target='_blank'>SGK1</a>",-0.576851183327385,9.14472870841661,-6.76801941009213,1.33404884966014e-11,1.14169342768887e-09,15.7920046798508,"<a href='https://www.ncbi.nlm.nih.gov/gene?term=SGK1[Gene Name] AND Homo sapiens[Organism]' target='_blank'>SGK1</a>"
"201516_at","<a href='https://www.ncbi.nlm.nih.gov/gene?term=SRM[Gene Name] AND Homo sapiens[Organism]' target='_blank'>SRM</a>",0.635234699763192,8.5816223715214,6.69819052333401,2.15433585865962e-11,1.83133006615991e-09,15.3268291048927,"<a href='https://www.ncbi.nlm.nih.gov/gene?term=SRM[Gene Name] AND Homo sapiens[Organism]' target='_blank'>SRM</a>"
"232235_at","<a href='https://www.ncbi.nlm.nih.gov/gene?term=DSEL[Gene Name] AND Homo sapiens[Organism]' target='_blank'>DSEL</a>",0.706341604833537,7.58705346931476,6.65898689823526,2.81361228547164e-11,2.37581421385225e-09,15.0677828451216,"<a href='https://www.ncbi.nlm.nih.gov/gene?term=DSEL[Gene Name] AND Homo sapiens[Organism]' target='_blank'>DSEL</a>"
"201899_s_at","<a href='https://www.ncbi.nlm.nih.gov/gene?term=UBE2A[Gene Name] AND Homo sapiens[Organism]' target='_blank'>UBE2A</a>",0.533957709328135,9.40007815065547,6.65093090861654,2.9717379431242e-11,2.47631794655336e-09,15.01473952798,"<a href='https://www.ncbi.nlm.nih.gov/gene?term=UBE2A[Gene Name] AND Homo sapiens[Organism]' target='_blank'>UBE2A</a>"
"209172_s_at","<a href='https://www.ncbi.nlm.nih.gov/gene?term=CENPF[Gene Name] AND Homo sapiens[Organism]' target='_blank'>CENPF</a>",0.741690690456141,6.42710268416236,6.60722896247776,3.99346539052475e-11,3.28449562573938e-09,14.7281103269904,"<a href='https://www.ncbi.nlm.nih.gov/gene?term=CENPF[Gene Name] AND Homo sapiens[Organism]' target='_blank'>CENPF</a>"
"231481_at","<a href='https://www.ncbi.nlm.nih.gov/gene?term=CCNB3[Gene Name] AND Homo sapiens[Organism]' target='_blank'>CCNB3</a>",-0.711456440057671,7.00101656086377,-6.5920743711499,4.4224773671295e-11,3.61387731174595e-09,14.6291567169504,"<a href='https://www.ncbi.nlm.nih.gov/gene?term=CCNB3[Gene Name] AND Homo sapiens[Organism]' target='_blank'>CCNB3</a>"
"204768_s_at","<a href='https://www.ncbi.nlm.nih.gov/gene?term=FEN1[Gene Name] AND Homo sapiens[Organism]' target='_blank'>FEN1</a>",0.634579257398881,8.47178756852904,6.56651781889697,5.25023813007171e-11,4.23563797168716e-09,14.4627970294878,"<a href='https://www.ncbi.nlm.nih.gov/gene?term=FEN1[Gene Name] AND Homo sapiens[Organism]' target='_blank'>FEN1</a>"
"204835_at","<a href='https://www.ncbi.nlm.nih.gov/gene?term=POLA1[Gene Name] AND Homo sapiens[Organism]' target='_blank'>POLA1</a>",0.713129092052887,6.88837834245381,6.5581651909502,5.55229103686528e-11,4.45096951094529e-09,14.408565935677,"<a href='https://www.ncbi.nlm.nih.gov/gene?term=POLA1[Gene Name] AND Homo sapiens[Organism]' target='_blank'>POLA1</a>"
"224428_s_at","<a href='https://www.ncbi.nlm.nih.gov/gene?term=CDCA7[Gene Name] AND Homo sapiens[Organism]' target='_blank'>CDCA7</a>",0.62274868479648,8.56802085614949,6.55110592262231,5.82077415874722e-11,4.63685066004354e-09,14.3627860567994,"<a href='https://www.ncbi.nlm.nih.gov/gene?term=CDCA7[Gene Name] AND Homo sapiens[Organism]' target='_blank'>CDCA7</a>"
"227701_at","<a href='https://www.ncbi.nlm.nih.gov/gene?term=CCDC186[Gene Name] AND Homo sapiens[Organism]' target='_blank'>CCDC186</a>",0.697778374325357,7.31029580585745,6.5431951485534,6.13674401510675e-11,4.85799998095888e-09,14.311542683931,"<a href='https://www.ncbi.nlm.nih.gov/gene?term=CCDC186[Gene Name] AND Homo sapiens[Organism]' target='_blank'>CCDC186</a>"
"230298_at","<a href='https://www.ncbi.nlm.nih.gov/gene?term=MBLAC2[Gene Name] AND Homo sapiens[Organism]' target='_blank'>MBLAC2</a>",0.717347597504142,6.67287164622798,6.50257760964626,8.04255593100389e-11,6.28808724827749e-09,14.0494108182533,"<a href='https://www.ncbi.nlm.nih.gov/gene?term=MBLAC2[Gene Name] AND Homo sapiens[Organism]' target='_blank'>MBLAC2</a>"
"239377_at","<a href='https://www.ncbi.nlm.nih.gov/gene?term=EIF1AD[Gene Name] AND Homo sapiens[Organism]' target='_blank'>EIF1AD</a>",0.68119988805205,7.74102712144212,6.46303332212,1.04490316781162e-10,8.06996556311098e-09,13.7957735047636,"<a href='https://www.ncbi.nlm.nih.gov/gene?term=EIF1AD[Gene Name] AND Homo sapiens[Organism]' target='_blank'>EIF1AD</a>"
"232164_s_at","<a href='https://www.ncbi.nlm.nih.gov/gene?term=EPPK1[Gene Name] AND Homo sapiens[Organism]' target='_blank'>EPPK1</a>",0.681219822346525,7.70020202770282,6.45006449412645,1.13819010074256e-10,8.73716110060925e-09,13.7129282619746,"<a href='https://www.ncbi.nlm.nih.gov/gene?term=EPPK1[Gene Name] AND Homo sapiens[Organism]' target='_blank'>EPPK1</a>"
"221922_at","<a href='https://www.ncbi.nlm.nih.gov/gene?term=GPSM2[Gene Name] AND Homo sapiens[Organism]' target='_blank'>GPSM2</a>",-0.528968208920887,9.28467006393452,-6.40747684805159,1.50547119197002e-10,1.12830166375694e-08,13.4420476202336,"<a href='https://www.ncbi.nlm.nih.gov/gene?term=GPSM2[Gene Name] AND Homo sapiens[Organism]' target='_blank'>GPSM2</a>"
"204803_s_at","<a href='https://www.ncbi.nlm.nih.gov/gene?term=RRAD[Gene Name] AND Homo sapiens[Organism]' target='_blank'>RRAD</a>",-0.706889046156265,6.6086494262961,-6.37991407806101,1.80248277763526e-10,1.33510215564493e-08,13.2676898898092,"<a href='https://www.ncbi.nlm.nih.gov/gene?term=RRAD[Gene Name] AND Homo sapiens[Organism]' target='_blank'>RRAD</a>"
"204649_at","<a href='https://www.ncbi.nlm.nih.gov/gene?term=TROAP[Gene Name] AND Homo sapiens[Organism]' target='_blank'>TROAP</a>",-0.698963016332629,6.66284761496914,-6.33168732856435,2.46560275806959e-10,1.81565840312264e-08,12.964423234377,"<a href='https://www.ncbi.nlm.nih.gov/gene?term=TROAP[Gene Name] AND Homo sapiens[Organism]' target='_blank'>TROAP</a>"
"235086_at","<a href='https://www.ncbi.nlm.nih.gov/gene?term=THBS1[Gene Name] AND Homo sapiens[Organism]' target='_blank'>THBS1</a>",0.692089917512164,6.80569263508347,6.32939910597339,2.50238399891237e-10,1.83209223874127e-08,12.9500912724231,"<a href='https://www.ncbi.nlm.nih.gov/gene?term=THBS1[Gene Name] AND Homo sapiens[Organism]' target='_blank'>THBS1</a>"
"205832_at","<a href='https://www.ncbi.nlm.nih.gov/gene?term=CPA4[Gene Name] AND Homo sapiens[Organism]' target='_blank'>CPA4</a>",0.686254544282325,6.92486787117929,6.32662859969509,2.54763528232e-10,1.85450278654397e-08,12.9327455273419,"<a href='https://www.ncbi.nlm.nih.gov/gene?term=CPA4[Gene Name] AND Homo sapiens[Organism]' target='_blank'>CPA4</a>"
"228744_at","<a href='https://www.ncbi.nlm.nih.gov/gene?term=HAUS2[Gene Name] AND Homo sapiens[Organism]' target='_blank'>HAUS2</a>",0.619834563364245,8.36646317160651,6.30444444559988,2.93997156260786e-10,2.11577726204495e-08,12.7941275607088,"<a href='https://www.ncbi.nlm.nih.gov/gene?term=HAUS2[Gene Name] AND Homo sapiens[Organism]' target='_blank'>HAUS2</a>"
"202107_s_at","<a href='https://www.ncbi.nlm.nih.gov/gene?term=MCM2[Gene Name] AND Homo sapiens[Organism]' target='_blank'>MCM2</a>",0.579891147572276,8.73812727134039,6.28322867263462,3.37007061872826e-10,2.41159968682554e-08,12.662016031459,"<a href='https://www.ncbi.nlm.nih.gov/gene?term=MCM2[Gene Name] AND Homo sapiens[Organism]' target='_blank'>MCM2</a>"
"224608_s_at","<a href='https://www.ncbi.nlm.nih.gov/gene?term=VPS25[Gene Name] AND Homo sapiens[Organism]' target='_blank'>VPS25</a>",0.6505615590072,7.97200160610595,6.28204241813433,3.39585269423457e-10,2.41639720366152e-08,12.6546423199899,"<a href='https://www.ncbi.nlm.nih.gov/gene?term=VPS25[Gene Name] AND Homo sapiens[Organism]' target='_blank'>VPS25</a>"
"201896_s_at","<a href='https://www.ncbi.nlm.nih.gov/gene?term=PSRC1[Gene Name] AND Homo sapiens[Organism]' target='_blank'>PSRC1</a>",-0.631762007372976,8.2000542924289,-6.26841547192407,3.70618904368543e-10,2.62249108532512e-08,12.5700376147911,"<a href='https://www.ncbi.nlm.nih.gov/gene?term=PSRC1[Gene Name] AND Homo sapiens[Organism]' target='_blank'>PSRC1</a>"
"227420_at","<a href='https://www.ncbi.nlm.nih.gov/gene?term=TNFAIP8L1[Gene Name] AND Homo sapiens[Organism]' target='_blank'>TNFAIP8L1</a>",-0.656730353305362,7.4240046334289,-6.16843282631374,7.00136064268981e-10,4.76770074732845e-08,11.954901301767,"<a href='https://www.ncbi.nlm.nih.gov/gene?term=TNFAIP8L1[Gene Name] AND Homo sapiens[Organism]' target='_blank'>TNFAIP8L1</a>"
"201041_s_at","<a href='https://www.ncbi.nlm.nih.gov/gene?term=DUSP1[Gene Name] AND Homo sapiens[Organism]' target='_blank'>DUSP1</a>",-0.611674371618898,8.27690304346069,-6.13630961217408,8.571235670783e-10,5.80552251369719e-08,11.7593647625577,"<a href='https://www.ncbi.nlm.nih.gov/gene?term=DUSP1[Gene Name] AND Homo sapiens[Organism]' target='_blank'>DUSP1</a>"
"204126_s_at","<a href='https://www.ncbi.nlm.nih.gov/gene?term=CDC45[Gene Name] AND Homo sapiens[Organism]' target='_blank'>CDC45</a>",0.647916889632711,7.66371364272867,6.12389916626891,9.26554222225857e-10,6.24241264825144e-08,11.6840948076692,"<a href='https://www.ncbi.nlm.nih.gov/gene?term=CDC45[Gene Name] AND Homo sapiens[Organism]' target='_blank'>CDC45</a>"
"218108_at","<a href='https://www.ncbi.nlm.nih.gov/gene?term=UBR7[Gene Name] AND Homo sapiens[Organism]' target='_blank'>UBR7</a>",0.621389863190758,8.09809425537883,6.0831706645894,1.19516640247921e-09,7.88436336135503e-08,11.4381451250071,"<a href='https://www.ncbi.nlm.nih.gov/gene?term=UBR7[Gene Name] AND Homo sapiens[Organism]' target='_blank'>UBR7</a>"
"219544_at","<a href='https://www.ncbi.nlm.nih.gov/gene?term=BORA[Gene Name] AND Homo sapiens[Organism]' target='_blank'>BORA</a>",-0.547680107093051,8.86208873687375,-6.06678072549087,1.32349174260761e-09,8.64090021230306e-08,11.3396333182677,"<a href='https://www.ncbi.nlm.nih.gov/gene?term=BORA[Gene Name] AND Homo sapiens[Organism]' target='_blank'>BORA</a>"
"209277_at","<a href='https://www.ncbi.nlm.nih.gov/gene?term=TFPI2[Gene Name] AND Homo sapiens[Organism]' target='_blank'>TFPI2</a>",0.503293391644988,9.24365096447771,6.03796428520429,1.58241730393035e-09,1.02259681487662e-07,11.1670763982151,"<a href='https://www.ncbi.nlm.nih.gov/gene?term=TFPI2[Gene Name] AND Homo sapiens[Organism]' target='_blank'>TFPI2</a>"
"201519_at","<a href='https://www.ncbi.nlm.nih.gov/gene?term=TOMM70[Gene Name] AND Homo sapiens[Organism]' target='_blank'>TOMM70</a>",0.518791403738604,9.09803908909785,6.0255201315902,1.70892701122314e-09,1.09874464589605e-07,11.0928130484131,"<a href='https://www.ncbi.nlm.nih.gov/gene?term=TOMM70[Gene Name] AND Homo sapiens[Organism]' target='_blank'>TOMM70</a>"
"206683_at","<a href='https://www.ncbi.nlm.nih.gov/gene?term=ZNF165[Gene Name] AND Homo sapiens[Organism]' target='_blank'>ZNF165</a>",-0.503162439653439,9.22920256983666,-6.01640261542185,1.80781999554807e-09,1.15645697290969e-07,11.0384994242326,"<a href='https://www.ncbi.nlm.nih.gov/gene?term=ZNF165[Gene Name] AND Homo sapiens[Organism]' target='_blank'>ZNF165</a>"
"232175_at","<a href='https://www.ncbi.nlm.nih.gov/gene?term=ARF1[Gene Name] AND Homo sapiens[Organism]' target='_blank'>ARF1</a>",-0.674374703650667,6.43318305472399,-6.01034091139262,1.87663131949831e-09,1.18847061463828e-07,11.002434985209,"<a href='https://www.ncbi.nlm.nih.gov/gene?term=ARF1[Gene Name] AND Homo sapiens[Organism]' target='_blank'>ARF1</a>"
"232266_x_at","<a href='https://www.ncbi.nlm.nih.gov/gene?term=CDK13[Gene Name] AND Homo sapiens[Organism]' target='_blank'>CDK13</a>",-0.531121762697927,8.95208404395419,-5.98525674892064,2.18952701120592e-09,1.37972881213603e-07,10.8535818796327,"<a href='https://www.ncbi.nlm.nih.gov/gene?term=CDK13[Gene Name] AND Homo sapiens[Organism]' target='_blank'>CDK13</a>"
"221258_s_at","<a href='https://www.ncbi.nlm.nih.gov/gene?term=KIF18A[Gene Name] AND Homo sapiens[Organism]' target='_blank'>KIF18A</a>",-0.521344166530413,9.03701266184407,-5.97739952147518,2.29759479384348e-09,1.43356333294687e-07,10.8070839781401,"<a href='https://www.ncbi.nlm.nih.gov/gene?term=KIF18A[Gene Name] AND Homo sapiens[Organism]' target='_blank'>KIF18A</a>"
"222037_at","<a href='https://www.ncbi.nlm.nih.gov/gene?term=MCM4[Gene Name] AND Homo sapiens[Organism]' target='_blank'>MCM4</a>",0.637109995948229,7.35402687336921,5.97808343741684,2.28798547638319e-09,1.43356333294687e-07,10.8111288638577,"<a href='https://www.ncbi.nlm.nih.gov/gene?term=MCM4[Gene Name] AND Homo sapiens[Organism]' target='_blank'>MCM4</a>"
"205053_at","<a href='https://www.ncbi.nlm.nih.gov/gene?term=PRIM1[Gene Name] AND Homo sapiens[Organism]' target='_blank'>PRIM1</a>",0.569150085127147,8.53061210352723,5.94873567192677,2.73767563681287e-09,1.67514007806144e-07,10.6379734492451,"<a href='https://www.ncbi.nlm.nih.gov/gene?term=PRIM1[Gene Name] AND Homo sapiens[Organism]' target='_blank'>PRIM1</a>"
"226779_at","<a href='https://www.ncbi.nlm.nih.gov/gene?term=LMBRD2[Gene Name] AND Homo sapiens[Organism]' target='_blank'>LMBRD2</a>",0.62898435817763,7.66032702712967,5.94427065942367,2.81323708958491e-09,1.70490243907572e-07,10.6117040141647,"<a href='https://www.ncbi.nlm.nih.gov/gene?term=LMBRD2[Gene Name] AND Homo sapiens[Organism]' target='_blank'>LMBRD2</a>"
"224325_at","<a href='https://www.ncbi.nlm.nih.gov/gene?term=FZD8[Gene Name] AND Homo sapiens[Organism]' target='_blank'>FZD8</a>",0.654839176908055,6.64202585919678,5.92367192258463,3.18894815160208e-09,1.91427570086218e-07,10.4907688969737,"<a href='https://www.ncbi.nlm.nih.gov/gene?term=FZD8[Gene Name] AND Homo sapiens[Organism]' target='_blank'>FZD8</a>"
"1554411_at","<a href='https://www.ncbi.nlm.nih.gov/gene?term=CTNNB1[Gene Name] AND Homo sapiens[Organism]' target='_blank'>CTNNB1</a>",0.640574577199629,6.87496810974986,5.88558441091934,4.01641758906607e-09,2.37719370014537e-07,10.2682629854225,"<a href='https://www.ncbi.nlm.nih.gov/gene?term=CTNNB1[Gene Name] AND Homo sapiens[Organism]' target='_blank'>CTNNB1</a>"
"222380_s_at","<a href='https://www.ncbi.nlm.nih.gov/gene?term=PDCD6[Gene Name] AND Homo sapiens[Organism]' target='_blank'>PDCD6</a>",-0.633932287726712,6.91069794433065,-5.83866204092775,5.3263509128302e-09,3.08052788410536e-07,9.99611740696524,"<a href='https://www.ncbi.nlm.nih.gov/gene?term=PDCD6[Gene Name] AND Homo sapiens[Organism]' target='_blank'>PDCD6</a>"
"204478_s_at","<a href='https://www.ncbi.nlm.nih.gov/gene?term=RABIF[Gene Name] AND Homo sapiens[Organism]' target='_blank'>RABIF</a>",0.592629917107889,8.14297839421118,5.83523678193006,5.4367875392438e-09,3.11594348289873e-07,9.97633652074758,"<a href='https://www.ncbi.nlm.nih.gov/gene?term=RABIF[Gene Name] AND Homo sapiens[Organism]' target='_blank'>RABIF</a>"
"209283_at","<a href='https://www.ncbi.nlm.nih.gov/gene?term=CRYAB[Gene Name] AND Homo sapiens[Organism]' target='_blank'>CRYAB</a>",-0.63724867844451,6.7492413194906,-5.80598462132586,6.47523491946914e-09,3.64512557733316e-07,9.80787803121192,"<a href='https://www.ncbi.nlm.nih.gov/gene?term=CRYAB[Gene Name] AND Homo sapiens[Organism]' target='_blank'>CRYAB</a>"
"202261_at","<a href='https://www.ncbi.nlm.nih.gov/gene?term=VPS72[Gene Name] AND Homo sapiens[Organism]' target='_blank'>VPS72</a>",0.626546804483459,6.9880749671073,5.80039588428448,6.69449758596401e-09,3.73535270589516e-07,9.77578971827835,"<a href='https://www.ncbi.nlm.nih.gov/gene?term=VPS72[Gene Name] AND Homo sapiens[Organism]' target='_blank'>VPS72</a>"
"228347_at","<a href='https://www.ncbi.nlm.nih.gov/gene?term=SIX1[Gene Name] AND Homo sapiens[Organism]' target='_blank'>SIX1</a>",0.610932169301011,7.38805943456646,5.73528048783395,9.84583587534963e-09,5.30669605094376e-07,9.40420045521839,"<a href='https://www.ncbi.nlm.nih.gov/gene?term=SIX1[Gene Name] AND Homo sapiens[Organism]' target='_blank'>SIX1</a>"
"223253_at","<a href='https://www.ncbi.nlm.nih.gov/gene?term=EPDR1[Gene Name] AND Homo sapiens[Organism]' target='_blank'>EPDR1</a>",0.600189094110235,7.82900189377518,5.72602861691909,1.03970864604902e-08,5.58006343680376e-07,9.35174384846184,"<a href='https://www.ncbi.nlm.nih.gov/gene?term=EPDR1[Gene Name] AND Homo sapiens[Organism]' target='_blank'>EPDR1</a>"
"1557081_at","<a href='https://www.ncbi.nlm.nih.gov/gene?term=RBM25[Gene Name] AND Homo sapiens[Organism]' target='_blank'>RBM25</a>",0.637456583674638,6.50049248702325,5.70960027964341,1.1450742525238e-08,6.11962467614618e-07,9.25880654492169,"<a href='https://www.ncbi.nlm.nih.gov/gene?term=RBM25[Gene Name] AND Homo sapiens[Organism]' target='_blank'>RBM25</a>"
"228868_x_at","<a href='https://www.ncbi.nlm.nih.gov/gene?term=CDT1[Gene Name] AND Homo sapiens[Organism]' target='_blank'>CDT1</a>",0.535779603001501,8.62057468068934,5.68775713223936,1.30135904268954e-08,6.9256359809688e-07,9.13565048446045,"<a href='https://www.ncbi.nlm.nih.gov/gene?term=CDT1[Gene Name] AND Homo sapiens[Organism]' target='_blank'>CDT1</a>"
"204554_at","<a href='https://www.ncbi.nlm.nih.gov/gene?term=PPP1R3D[Gene Name] AND Homo sapiens[Organism]' target='_blank'>PPP1R3D</a>",0.604698733586321,7.29916473166594,5.66946003918341,1.44805705364476e-08,7.6740965027048e-07,9.03285111963763,"<a href='https://www.ncbi.nlm.nih.gov/gene?term=PPP1R3D[Gene Name] AND Homo sapiens[Organism]' target='_blank'>PPP1R3D</a>"
"225466_at","<a href='https://www.ncbi.nlm.nih.gov/gene?term=PATL1[Gene Name] AND Homo sapiens[Organism]' target='_blank'>PATL1</a>",0.60227405341729,7.15936775432923,5.6292286861032,1.82931395478774e-08,9.45717981687406e-07,8.80798237913925,"<a href='https://www.ncbi.nlm.nih.gov/gene?term=PATL1[Gene Name] AND Homo sapiens[Organism]' target='_blank'>PATL1</a>"
"204455_at","<a href='https://www.ncbi.nlm.nih.gov/gene?term=DST[Gene Name] AND Homo sapiens[Organism]' target='_blank'>DST</a>",0.550733079613092,8.39312940261561,5.62538289739425,1.8704899423575e-08,9.63074211784559e-07,8.78657062068937,"<a href='https://www.ncbi.nlm.nih.gov/gene?term=DST[Gene Name] AND Homo sapiens[Organism]' target='_blank'>DST</a>"
"211713_x_at","<a href='https://www.ncbi.nlm.nih.gov/gene?term=PCLAF[Gene Name] AND Homo sapiens[Organism]' target='_blank'>PCLAF</a>",0.556332600665002,8.32306272038158,5.6197920775459,1.93195885510213e-08,9.8670124430337e-07,8.75546935095679,"<a href='https://www.ncbi.nlm.nih.gov/gene?term=PCLAF[Gene Name] AND Homo sapiens[Organism]' target='_blank'>PCLAF</a>"
"235144_at","<a href='https://www.ncbi.nlm.nih.gov/gene?term=RASEF[Gene Name] AND Homo sapiens[Organism]' target='_blank'>RASEF</a>",0.599286824100057,7.31504858033987,5.62000891777649,1.92953863751052e-08,9.8670124430337e-07,8.75667503881227,"<a href='https://www.ncbi.nlm.nih.gov/gene?term=RASEF[Gene Name] AND Homo sapiens[Organism]' target='_blank'>RASEF</a>"
"201860_s_at","<a href='https://www.ncbi.nlm.nih.gov/gene?term=PLAT[Gene Name] AND Homo sapiens[Organism]' target='_blank'>PLAT</a>",0.599802584750075,7.21458959730206,5.61546548638507,1.98086995935527e-08,1.00723957113137e-06,8.73142210775671,"<a href='https://www.ncbi.nlm.nih.gov/gene?term=PLAT[Gene Name] AND Homo sapiens[Organism]' target='_blank'>PLAT</a>"
"1557128_at","<a href='https://www.ncbi.nlm.nih.gov/gene?term=FAM111B[Gene Name] AND Homo sapiens[Organism]' target='_blank'>FAM111B</a>",0.628741044348095,6.44090486177146,5.6068266655534,2.08215249480283e-08,1.04652950393542e-06,8.68346285128436,"<a href='https://www.ncbi.nlm.nih.gov/gene?term=FAM111B[Gene Name] AND Homo sapiens[Organism]' target='_blank'>FAM111B</a>"
"212298_at","<a href='https://www.ncbi.nlm.nih.gov/gene?term=NRP1[Gene Name] AND Homo sapiens[Organism]' target='_blank'>NRP1</a>",0.595529486874032,7.52921702174334,5.60548612008143,2.09831322096355e-08,1.05048360698515e-06,8.67602730025161,"<a href='https://www.ncbi.nlm.nih.gov/gene?term=NRP1[Gene Name] AND Homo sapiens[Organism]' target='_blank'>NRP1</a>"
"226847_at","<a href='https://www.ncbi.nlm.nih.gov/gene?term=FST[Gene Name] AND Homo sapiens[Organism]' target='_blank'>FST</a>",0.525081665136423,8.58421751397641,5.53917432657702,3.06918653578318e-08,1.51852799461835e-06,8.31043754325867,"<a href='https://www.ncbi.nlm.nih.gov/gene?term=FST[Gene Name] AND Homo sapiens[Organism]' target='_blank'>FST</a>"
"205928_at","<a href='https://www.ncbi.nlm.nih.gov/gene?term=ZNF443[Gene Name] AND Homo sapiens[Organism]' target='_blank'>ZNF443</a>",0.59102413613041,7.19819136225648,5.53054641850087,3.22385497283362e-08,1.58884619011326e-06,8.26319007102119,"<a href='https://www.ncbi.nlm.nih.gov/gene?term=ZNF443[Gene Name] AND Homo sapiens[Organism]' target='_blank'>ZNF443</a>"
"205345_at","<a href='https://www.ncbi.nlm.nih.gov/gene?term=BARD1[Gene Name] AND Homo sapiens[Organism]' target='_blank'>BARD1</a>",0.585480916332142,7.54854539099638,5.51380151035539,3.54589736428308e-08,1.74078821767479e-06,8.17170309911337,"<a href='https://www.ncbi.nlm.nih.gov/gene?term=BARD1[Gene Name] AND Homo sapiens[Organism]' target='_blank'>BARD1</a>"
"218750_at","<a href='https://www.ncbi.nlm.nih.gov/gene?term=TAF1D[Gene Name] AND Homo sapiens[Organism]' target='_blank'>TAF1D</a>",0.585009371512508,7.53438049287314,5.50723797644636,3.68046151996944e-08,1.79295098507434e-06,8.13591845555306,"<a href='https://www.ncbi.nlm.nih.gov/gene?term=TAF1D[Gene Name] AND Homo sapiens[Organism]' target='_blank'>TAF1D</a>"
"200011_s_at","<a href='https://www.ncbi.nlm.nih.gov/gene?term=ARF3[Gene Name] AND Homo sapiens[Organism]' target='_blank'>ARF3</a>",0.57734894533642,7.80304604671,5.49810601366873,3.87595086906347e-08,1.88094995048115e-06,8.08620154214846,"<a href='https://www.ncbi.nlm.nih.gov/gene?term=ARF3[Gene Name] AND Homo sapiens[Organism]' target='_blank'>ARF3</a>"
"201626_at","<a href='https://www.ncbi.nlm.nih.gov/gene?term=INSIG1[Gene Name] AND Homo sapiens[Organism]' target='_blank'>INSIG1</a>",0.587765281879031,7.1764308206966,5.49644609617865,3.91255050482253e-08,1.89146430130085e-06,8.07717335720611,"<a href='https://www.ncbi.nlm.nih.gov/gene?term=INSIG1[Gene Name] AND Homo sapiens[Organism]' target='_blank'>INSIG1</a>"
"208070_s_at","<a href='https://www.ncbi.nlm.nih.gov/gene?term=REV3L[Gene Name] AND Homo sapiens[Organism]' target='_blank'>REV3L</a>",0.543396419007172,8.32096200028087,5.48729125122864,4.12050700810859e-08,1.97690688502665e-06,8.02742972009295,"<a href='https://www.ncbi.nlm.nih.gov/gene?term=REV3L[Gene Name] AND Homo sapiens[Organism]' target='_blank'>REV3L</a>"
"223274_at","<a href='https://www.ncbi.nlm.nih.gov/gene?term=TCF19[Gene Name] AND Homo sapiens[Organism]' target='_blank'>TCF19</a>",0.584404363475696,7.35987016543211,5.48400413031468,4.1977592164185e-08,2.00637049943987e-06,8.00958909810634,"<a href='https://www.ncbi.nlm.nih.gov/gene?term=TCF19[Gene Name] AND Homo sapiens[Organism]' target='_blank'>TCF19</a>"
"1554464_a_at","<a href='https://www.ncbi.nlm.nih.gov/gene?term=CRTAP[Gene Name] AND Homo sapiens[Organism]' target='_blank'>CRTAP</a>",0.567436102797788,7.96692551731973,5.4765167332848,4.37900308691736e-08,2.08512981574794e-06,7.9689916757453,"<a href='https://www.ncbi.nlm.nih.gov/gene?term=CRTAP[Gene Name] AND Homo sapiens[Organism]' target='_blank'>CRTAP</a>"
"213008_at","<a href='https://www.ncbi.nlm.nih.gov/gene?term=FANCI[Gene Name] AND Homo sapiens[Organism]' target='_blank'>FANCI</a>",0.555553044745676,8.10963327537146,5.44654149138586,5.18361747430957e-08,2.4407323022158e-06,7.80701840606493,"<a href='https://www.ncbi.nlm.nih.gov/gene?term=FANCI[Gene Name] AND Homo sapiens[Organism]' target='_blank'>FANCI</a>"
"221591_s_at","<a href='https://www.ncbi.nlm.nih.gov/gene?term=PIMREG[Gene Name] AND Homo sapiens[Organism]' target='_blank'>PIMREG</a>",-0.540635337233232,8.27342758680495,-5.4208427856946,5.98602129389477e-08,2.79774707411333e-06,7.66886147452189,"<a href='https://www.ncbi.nlm.nih.gov/gene?term=PIMREG[Gene Name] AND Homo sapiens[Organism]' target='_blank'>PIMREG</a>"
"209709_s_at","<a href='https://www.ncbi.nlm.nih.gov/gene?term=HMMR[Gene Name] AND Homo sapiens[Organism]' target='_blank'>HMMR</a>",-0.528874311397608,8.38533878948108,-5.39537781892602,6.89923943395661e-08,3.18926155731731e-06,7.53260565686782,"<a href='https://www.ncbi.nlm.nih.gov/gene?term=HMMR[Gene Name] AND Homo sapiens[Organism]' target='_blank'>HMMR</a>"
"226785_at","<a href='https://www.ncbi.nlm.nih.gov/gene?term=ATP11C[Gene Name] AND Homo sapiens[Organism]' target='_blank'>ATP11C</a>",0.556853024801113,7.90069311370436,5.34228243336651,9.25751164338991e-08,4.18770151697059e-06,7.2505707643285,"<a href='https://www.ncbi.nlm.nih.gov/gene?term=ATP11C[Gene Name] AND Homo sapiens[Organism]' target='_blank'>ATP11C</a>"
"226908_at","<a href='https://www.ncbi.nlm.nih.gov/gene?term=LRIG3[Gene Name] AND Homo sapiens[Organism]' target='_blank'>LRIG3</a>",0.585420084714778,6.65382250663816,5.29994315341102,1.16807410527288e-07,5.24639241751287e-06,7.02766960232959,"<a href='https://www.ncbi.nlm.nih.gov/gene?term=LRIG3[Gene Name] AND Homo sapiens[Organism]' target='_blank'>LRIG3</a>"
"212861_at","<a href='https://www.ncbi.nlm.nih.gov/gene?term=MFSD5[Gene Name] AND Homo sapiens[Organism]' target='_blank'>MFSD5</a>",0.562816453486438,7.33768683906844,5.27972759434778,1.30442014967626e-07,5.83808679003516e-06,6.92186749633074,"<a href='https://www.ncbi.nlm.nih.gov/gene?term=MFSD5[Gene Name] AND Homo sapiens[Organism]' target='_blank'>MFSD5</a>"
"212615_at","<a href='https://www.ncbi.nlm.nih.gov/gene?term=CHD9[Gene Name] AND Homo sapiens[Organism]' target='_blank'>CHD9</a>",0.561877231548344,7.29091564882198,5.26736032640697,1.39529323135692e-07,6.22281129167846e-06,6.85734030821935,"<a href='https://www.ncbi.nlm.nih.gov/gene?term=CHD9[Gene Name] AND Homo sapiens[Organism]' target='_blank'>CHD9</a>"
"232231_at","<a href='https://www.ncbi.nlm.nih.gov/gene?term=RUNX2[Gene Name] AND Homo sapiens[Organism]' target='_blank'>RUNX2</a>",0.582325639585922,6.60336433704599,5.25378489900776,1.50209287262677e-07,6.66836246199831e-06,6.7866836764146,"<a href='https://www.ncbi.nlm.nih.gov/gene?term=RUNX2[Gene Name] AND Homo sapiens[Organism]' target='_blank'>RUNX2</a>"
"234982_at","<a href='https://www.ncbi.nlm.nih.gov/gene?term=UBR3[Gene Name] AND Homo sapiens[Organism]' target='_blank'>UBR3</a>",0.510175343887546,8.43660261664045,5.24848363046898,1.54590981322278e-07,6.82247167048076e-06,6.75914143208194,"<a href='https://www.ncbi.nlm.nih.gov/gene?term=UBR3[Gene Name] AND Homo sapiens[Organism]' target='_blank'>UBR3</a>"
"207365_x_at","<a href='https://www.ncbi.nlm.nih.gov/gene?term=USP34[Gene Name] AND Homo sapiens[Organism]' target='_blank'>USP34</a>",-0.543898231198725,7.95939478921992,-5.24531145328548,1.57271748009919e-07,6.91668041768623e-06,6.74267397954454,"<a href='https://www.ncbi.nlm.nih.gov/gene?term=USP34[Gene Name] AND Homo sapiens[Organism]' target='_blank'>USP34</a>"
"214220_s_at","<a href='https://www.ncbi.nlm.nih.gov/gene?term=ALMS1[Gene Name] AND Homo sapiens[Organism]' target='_blank'>ALMS1</a>",0.550389194225777,7.7919149821772,5.23787523836076,1.63733392504376e-07,7.1759416936347e-06,6.70411001654122,"<a href='https://www.ncbi.nlm.nih.gov/gene?term=ALMS1[Gene Name] AND Homo sapiens[Organism]' target='_blank'>ALMS1</a>"
"205798_at","<a href='https://www.ncbi.nlm.nih.gov/gene?term=IL7R[Gene Name] AND Homo sapiens[Organism]' target='_blank'>IL7R</a>",0.54113582795252,7.98368443509212,5.23162528600893,1.69362132455915e-07,7.34637249892678e-06,6.67174028680243,"<a href='https://www.ncbi.nlm.nih.gov/gene?term=IL7R[Gene Name] AND Homo sapiens[Organism]' target='_blank'>IL7R</a>"
"203333_at","<a href='https://www.ncbi.nlm.nih.gov/gene?term=KIFAP3[Gene Name] AND Homo sapiens[Organism]' target='_blank'>KIFAP3</a>",0.565012704494671,6.91161681214231,5.20422058922423,1.96330272497422e-07,8.42955671678763e-06,6.53026223795469,"<a href='https://www.ncbi.nlm.nih.gov/gene?term=KIFAP3[Gene Name] AND Homo sapiens[Organism]' target='_blank'>KIFAP3</a>"
"229298_at","<a href='https://www.ncbi.nlm.nih.gov/gene?term=KBTBD7[Gene Name] AND Homo sapiens[Organism]' target='_blank'>KBTBD7</a>",0.563789463619499,6.90598540399118,5.19097404288193,2.10810607113547e-07,8.99032710336761e-06,6.46214270018535,"<a href='https://www.ncbi.nlm.nih.gov/gene?term=KBTBD7[Gene Name] AND Homo sapiens[Organism]' target='_blank'>KBTBD7</a>"
"235476_at","<a href='https://www.ncbi.nlm.nih.gov/gene?term=TRIM59[Gene Name] AND Homo sapiens[Organism]' target='_blank'>TRIM59</a>",-0.537379766629314,7.95439402819977,-5.17992216664137,2.23676822004746e-07,9.43733707455326e-06,6.40544196304834,"<a href='https://www.ncbi.nlm.nih.gov/gene?term=TRIM59[Gene Name] AND Homo sapiens[Organism]' target='_blank'>TRIM59</a>"
"218701_at","<a href='https://www.ncbi.nlm.nih.gov/gene?term=LACTB2[Gene Name] AND Homo sapiens[Organism]' target='_blank'>LACTB2</a>",0.550744823772023,7.35951099641854,5.16811878738985,2.38255209490651e-07,9.95953954920324e-06,6.34501915501295,"<a href='https://www.ncbi.nlm.nih.gov/gene?term=LACTB2[Gene Name] AND Homo sapiens[Organism]' target='_blank'>LACTB2</a>"
"206061_s_at","<a href='https://www.ncbi.nlm.nih.gov/gene?term=DICER1[Gene Name] AND Homo sapiens[Organism]' target='_blank'>DICER1</a>",0.565596667939188,6.77507548245099,5.16202176695599,2.46141030842861e-07,1.02553365021568e-05,6.31386182134515,"<a href='https://www.ncbi.nlm.nih.gov/gene?term=DICER1[Gene Name] AND Homo sapiens[Organism]' target='_blank'>DICER1</a>"
"234762_x_at","<a href='https://www.ncbi.nlm.nih.gov/gene?term=NLN[Gene Name] AND Homo sapiens[Organism]' target='_blank'>NLN</a>",-0.534347401902504,7.96657773217271,-5.15698348324437,2.52847226127308e-07,1.05002064463229e-05,6.288142656803,"<a href='https://www.ncbi.nlm.nih.gov/gene?term=NLN[Gene Name] AND Homo sapiens[Organism]' target='_blank'>NLN</a>"
"212602_at","<a href='https://www.ncbi.nlm.nih.gov/gene?term=WDFY3[Gene Name] AND Homo sapiens[Organism]' target='_blank'>WDFY3</a>",0.569631571209538,6.59411125167838,5.13600217098795,2.82721861140365e-07,1.16643488377976e-05,6.1813084281468,"<a href='https://www.ncbi.nlm.nih.gov/gene?term=WDFY3[Gene Name] AND Homo sapiens[Organism]' target='_blank'>WDFY3</a>"
"203064_s_at","<a href='https://www.ncbi.nlm.nih.gov/gene?term=FOXK2[Gene Name] AND Homo sapiens[Organism]' target='_blank'>FOXK2</a>",0.542140039289753,7.68848992029611,5.13024447501692,2.91498831453799e-07,1.19874162311488e-05,6.15206711803174,"<a href='https://www.ncbi.nlm.nih.gov/gene?term=FOXK2[Gene Name] AND Homo sapiens[Organism]' target='_blank'>FOXK2</a>"
"213067_at","<a href='https://www.ncbi.nlm.nih.gov/gene?term=MYH10[Gene Name] AND Homo sapiens[Organism]' target='_blank'>MYH10</a>",0.539523323468055,7.64628360601576,5.09637784402138,3.4870084633213e-07,1.40657481517285e-05,5.98073427673477,"<a href='https://www.ncbi.nlm.nih.gov/gene?term=MYH10[Gene Name] AND Homo sapiens[Organism]' target='_blank'>MYH10</a>"
"232176_at","<a href='https://www.ncbi.nlm.nih.gov/gene?term=SLITRK6[Gene Name] AND Homo sapiens[Organism]' target='_blank'>SLITRK6</a>",0.541106608254749,7.54040783163991,5.09477575440283,3.5165941609554e-07,1.41377856756123e-05,5.97265734230025,"<a href='https://www.ncbi.nlm.nih.gov/gene?term=SLITRK6[Gene Name] AND Homo sapiens[Organism]' target='_blank'>SLITRK6</a>"
"226175_at","<a href='https://www.ncbi.nlm.nih.gov/gene?term=TTC9C[Gene Name] AND Homo sapiens[Organism]' target='_blank'>TTC9C</a>",0.541593852686332,7.16153834505862,5.06240482394804,4.1689874163496e-07,1.64499671699327e-05,5.81000333766175,"<a href='https://www.ncbi.nlm.nih.gov/gene?term=TTC9C[Gene Name] AND Homo sapiens[Organism]' target='_blank'>TTC9C</a>"
"242979_at","<a href='https://www.ncbi.nlm.nih.gov/gene?term=IRS1[Gene Name] AND Homo sapiens[Organism]' target='_blank'>IRS1</a>",0.564159539969305,6.51293600250404,5.05762788916832,4.27464401944121e-07,1.68144848292678e-05,5.78608848925826,"<a href='https://www.ncbi.nlm.nih.gov/gene?term=IRS1[Gene Name] AND Homo sapiens[Organism]' target='_blank'>IRS1</a>"
"219512_at","<a href='https://www.ncbi.nlm.nih.gov/gene?term=DSN1[Gene Name] AND Homo sapiens[Organism]' target='_blank'>DSN1</a>",0.524533392198162,7.95113542673112,5.0546411179288,4.34201332759562e-07,1.70266070610917e-05,5.77114723766005,"<a href='https://www.ncbi.nlm.nih.gov/gene?term=DSN1[Gene Name] AND Homo sapiens[Organism]' target='_blank'>DSN1</a>"
"216048_s_at","<a href='https://www.ncbi.nlm.nih.gov/gene?term=RHOBTB3[Gene Name] AND Homo sapiens[Organism]' target='_blank'>RHOBTB3</a>",0.510859030023997,8.17746573413783,5.05283298614883,4.38329390851197e-07,1.71354322979051e-05,5.76210639063593,"<a href='https://www.ncbi.nlm.nih.gov/gene?term=RHOBTB3[Gene Name] AND Homo sapiens[Organism]' target='_blank'>RHOBTB3</a>"
"218396_at","<a href='https://www.ncbi.nlm.nih.gov/gene?term=VPS13C[Gene Name] AND Homo sapiens[Organism]' target='_blank'>VPS13C</a>",0.532827096351757,7.72467418939966,5.05109892023147,4.42323905245405e-07,1.72383833348871e-05,5.75343891923982,"<a href='https://www.ncbi.nlm.nih.gov/gene?term=VPS13C[Gene Name] AND Homo sapiens[Organism]' target='_blank'>VPS13C</a>"
"221553_at","<a href='https://www.ncbi.nlm.nih.gov/gene?term=MAGT1[Gene Name] AND Homo sapiens[Organism]' target='_blank'>MAGT1</a>",0.51853911033833,8.00613357373964,5.02466347993995,5.07745476202953e-07,1.97273135017994e-05,5.6216736754591,"<a href='https://www.ncbi.nlm.nih.gov/gene?term=MAGT1[Gene Name] AND Homo sapiens[Organism]' target='_blank'>MAGT1</a>"
"223774_at","<a href='https://www.ncbi.nlm.nih.gov/gene?term=SNHG12[Gene Name] AND Homo sapiens[Organism]' target='_blank'>SNHG12</a>",0.5341249560052,7.22421982247099,5.00203044419849,5.71087208373993e-07,2.20530200648323e-05,5.50941059082138,"<a href='https://www.ncbi.nlm.nih.gov/gene?term=SNHG12[Gene Name] AND Homo sapiens[Organism]' target='_blank'>SNHG12</a>"
"226756_at","<a href='https://www.ncbi.nlm.nih.gov/gene?term=CCDC71L[Gene Name] AND Homo sapiens[Organism]' target='_blank'>CCDC71L</a>",0.550681002670357,6.66496417119291,4.98915187558804,6.10461914476428e-07,2.34306382083589e-05,5.44575729664601,"<a href='https://www.ncbi.nlm.nih.gov/gene?term=CCDC71L[Gene Name] AND Homo sapiens[Organism]' target='_blank'>CCDC71L</a>"
"228098_s_at","<a href='https://www.ncbi.nlm.nih.gov/gene?term=MYLIP[Gene Name] AND Homo sapiens[Organism]' target='_blank'>MYLIP</a>",-0.533307940641629,7.16561795873194,-4.98556732415805,6.21878746833408e-07,2.37967257020905e-05,5.42806957485939,"<a href='https://www.ncbi.nlm.nih.gov/gene?term=MYLIP[Gene Name] AND Homo sapiens[Organism]' target='_blank'>MYLIP</a>"
"202342_s_at","<a href='https://www.ncbi.nlm.nih.gov/gene?term=TRIM2[Gene Name] AND Homo sapiens[Organism]' target='_blank'>TRIM2</a>",0.555984094349613,6.50788093177546,4.98254480213142,6.31665192282973e-07,2.40984076067956e-05,5.41316502744376,"<a href='https://www.ncbi.nlm.nih.gov/gene?term=TRIM2[Gene Name] AND Homo sapiens[Organism]' target='_blank'>TRIM2</a>"
"1554588_a_at","<a href='https://www.ncbi.nlm.nih.gov/gene?term=IFT70B[Gene Name] AND Homo sapiens[Organism]' target='_blank'>IFT70B</a>",0.548250043718672,6.7015566414446,4.97927660042244,6.42414110559933e-07,2.44348862593157e-05,5.39705916416343,"<a href='https://www.ncbi.nlm.nih.gov/gene?term=IFT70B[Gene Name] AND Homo sapiens[Organism]' target='_blank'>IFT70B</a>"
"201971_s_at","<a href='https://www.ncbi.nlm.nih.gov/gene?term=ATP6V1A[Gene Name] AND Homo sapiens[Organism]' target='_blank'>ATP6V1A</a>",0.523952263873022,7.73772183880484,4.97015605888415,6.73351686671483e-07,2.5526623250091e-05,5.35216857073448,"<a href='https://www.ncbi.nlm.nih.gov/gene?term=ATP6V1A[Gene Name] AND Homo sapiens[Organism]' target='_blank'>ATP6V1A</a>"
"212579_at","<a href='https://www.ncbi.nlm.nih.gov/gene?term=SMCHD1[Gene Name] AND Homo sapiens[Organism]' target='_blank'>SMCHD1</a>",0.530972751140997,7.19904622091531,4.96873971069926,6.78283045777806e-07,2.5526623250091e-05,5.34520479830199,"<a href='https://www.ncbi.nlm.nih.gov/gene?term=SMCHD1[Gene Name] AND Homo sapiens[Organism]' target='_blank'>SMCHD1</a>"
"226625_at","<a href='https://www.ncbi.nlm.nih.gov/gene?term=TGFBR3[Gene Name] AND Homo sapiens[Organism]' target='_blank'>TGFBR3</a>",0.546237565706706,6.66321729038796,4.94831736505827,7.53375685877163e-07,2.80654601097651e-05,5.24501469163826,"<a href='https://www.ncbi.nlm.nih.gov/gene?term=TGFBR3[Gene Name] AND Homo sapiens[Organism]' target='_blank'>TGFBR3</a>"
"212652_s_at","<a href='https://www.ncbi.nlm.nih.gov/gene?term=SNX4[Gene Name] AND Homo sapiens[Organism]' target='_blank'>SNX4</a>",0.502026865837725,8.14489868313266,4.94436035254433,7.68824016399877e-07,2.85569647851051e-05,5.22564968328537,"<a href='https://www.ncbi.nlm.nih.gov/gene?term=SNX4[Gene Name] AND Homo sapiens[Organism]' target='_blank'>SNX4</a>"
"213647_at","<a href='https://www.ncbi.nlm.nih.gov/gene?term=DNA2[Gene Name] AND Homo sapiens[Organism]' target='_blank'>DNA2</a>",0.517311952237792,7.84382036951606,4.94079819423424,7.82991468853199e-07,2.89463581363223e-05,5.20823028056048,"<a href='https://www.ncbi.nlm.nih.gov/gene?term=DNA2[Gene Name] AND Homo sapiens[Organism]' target='_blank'>DNA2</a>"
"213262_at","<a href='https://www.ncbi.nlm.nih.gov/gene?term=SACS[Gene Name] AND Homo sapiens[Organism]' target='_blank'>SACS</a>",0.522669456430542,7.60309604382861,4.92993168140128,8.27780682517981e-07,3.03025148114819e-05,5.15516922707249,"<a href='https://www.ncbi.nlm.nih.gov/gene?term=SACS[Gene Name] AND Homo sapiens[Organism]' target='_blank'>SACS</a>"
"204351_at","<a href='https://www.ncbi.nlm.nih.gov/gene?term=S100P[Gene Name] AND Homo sapiens[Organism]' target='_blank'>S100P</a>",-0.522930396142617,7.29478513808593,-4.90252057830163,9.51997210919813e-07,3.43532668760979e-05,5.02184018355382,"<a href='https://www.ncbi.nlm.nih.gov/gene?term=S100P[Gene Name] AND Homo sapiens[Organism]' target='_blank'>S100P</a>"
"1053_at","<a href='https://www.ncbi.nlm.nih.gov/gene?term=RFC2[Gene Name] AND Homo sapiens[Organism]' target='_blank'>RFC2</a>",0.514582183946339,7.8041822902122,4.90071027833611,9.60803862435318e-07,3.45725617091072e-05,5.01306095860283,"<a href='https://www.ncbi.nlm.nih.gov/gene?term=RFC2[Gene Name] AND Homo sapiens[Organism]' target='_blank'>RFC2</a>"
"232033_at","<a href='https://www.ncbi.nlm.nih.gov/gene?term=USP37[Gene Name] AND Homo sapiens[Organism]' target='_blank'>USP37</a>",0.537956442079323,6.70109438102663,4.88563802556928,1.03723473030106e-06,3.69034131853742e-05,4.94009248838374,"<a href='https://www.ncbi.nlm.nih.gov/gene?term=USP37[Gene Name] AND Homo sapiens[Organism]' target='_blank'>USP37</a>"
"209497_s_at","<a href='https://www.ncbi.nlm.nih.gov/gene?term=RBM4B[Gene Name] AND Homo sapiens[Organism]' target='_blank'>RBM4B</a>",0.542438809305353,6.54788857456578,4.87500387574863,1.09464630194699e-06,3.87284638560353e-05,4.88874519472907,"<a href='https://www.ncbi.nlm.nih.gov/gene?term=RBM4B[Gene Name] AND Homo sapiens[Organism]' target='_blank'>RBM4B</a>"
"225567_at","<a href='https://www.ncbi.nlm.nih.gov/gene?term=INAFM2[Gene Name] AND Homo sapiens[Organism]' target='_blank'>INAFM2</a>",0.514870659061029,7.40658879157254,4.83477596537768,1.34076776200178e-06,4.66363756409999e-05,4.69551577009273,"<a href='https://www.ncbi.nlm.nih.gov/gene?term=INAFM2[Gene Name] AND Homo sapiens[Organism]' target='_blank'>INAFM2</a>"
"202642_s_at","<a href='https://www.ncbi.nlm.nih.gov/gene?term=TRRAP[Gene Name] AND Homo sapiens[Organism]' target='_blank'>TRRAP</a>",0.512514201951194,7.22707969908424,4.80006139591988,1.5952101685305e-06,5.47559132645186e-05,4.53005593946842,"<a href='https://www.ncbi.nlm.nih.gov/gene?term=TRRAP[Gene Name] AND Homo sapiens[Organism]' target='_blank'>TRRAP</a>"
"227386_s_at","<a href='https://www.ncbi.nlm.nih.gov/gene?term=TMEM200B[Gene Name] AND Homo sapiens[Organism]' target='_blank'>TMEM200B</a>",0.530043213691822,6.60752317735791,4.783451298569,1.73279690080635e-06,5.88407655378372e-05,4.45130906880069,"<a href='https://www.ncbi.nlm.nih.gov/gene?term=TMEM200B[Gene Name] AND Homo sapiens[Organism]' target='_blank'>TMEM200B</a>"
"212792_at","<a href='https://www.ncbi.nlm.nih.gov/gene?term=DPY19L1[Gene Name] AND Homo sapiens[Organism]' target='_blank'>DPY19L1</a>",0.521727770522108,6.81565564296963,4.77456763683708,1.81099327140594e-06,6.08436094844233e-05,4.40930452194487,"<a href='https://www.ncbi.nlm.nih.gov/gene?term=DPY19L1[Gene Name] AND Homo sapiens[Organism]' target='_blank'>DPY19L1</a>"
"209798_at","<a href='https://www.ncbi.nlm.nih.gov/gene?term=NPAT[Gene Name] AND Homo sapiens[Organism]' target='_blank'>NPAT</a>",0.50818697742007,7.34074047451467,4.76746461170174,1.87594469455341e-06,6.28590357174961e-05,4.37577551926704,"<a href='https://www.ncbi.nlm.nih.gov/gene?term=NPAT[Gene Name] AND Homo sapiens[Organism]' target='_blank'>NPAT</a>"
"202726_at","<a href='https://www.ncbi.nlm.nih.gov/gene?term=LIG1[Gene Name] AND Homo sapiens[Organism]' target='_blank'>LIG1</a>",0.506833216468187,7.38564715774614,4.75785897842925,1.96734929233131e-06,6.54027457655339e-05,4.33051264340196,"<a href='https://www.ncbi.nlm.nih.gov/gene?term=LIG1[Gene Name] AND Homo sapiens[Organism]' target='_blank'>LIG1</a>"
"227404_s_at","<a href='https://www.ncbi.nlm.nih.gov/gene?term=EGR1[Gene Name] AND Homo sapiens[Organism]' target='_blank'>EGR1</a>",-0.505077226110253,7.41963608741737,-4.74370922720347,2.10982766470959e-06,6.95913468781553e-05,4.26400363106081,"<a href='https://www.ncbi.nlm.nih.gov/gene?term=EGR1[Gene Name] AND Homo sapiens[Organism]' target='_blank'>EGR1</a>"
"227445_at","<a href='https://www.ncbi.nlm.nih.gov/gene?term=ZNF689[Gene Name] AND Homo sapiens[Organism]' target='_blank'>ZNF689</a>",0.523482535376574,6.62748610909517,4.73070713561337,2.24944760780538e-06,7.36214558151498e-05,4.20306368137183,"<a href='https://www.ncbi.nlm.nih.gov/gene?term=ZNF689[Gene Name] AND Homo sapiens[Organism]' target='_blank'>ZNF689</a>"
"229333_at","<a href='https://www.ncbi.nlm.nih.gov/gene?term=GMPS[Gene Name] AND Homo sapiens[Organism]' target='_blank'>GMPS</a>",0.519653066596028,6.70833589901113,4.72169170012089,2.35142178282255e-06,7.61716324839654e-05,4.16090712260172,"<a href='https://www.ncbi.nlm.nih.gov/gene?term=GMPS[Gene Name] AND Homo sapiens[Organism]' target='_blank'>GMPS</a>"
"1552575_a_at","<a href='https://www.ncbi.nlm.nih.gov/gene?term=C6orf141[Gene Name] AND Homo sapiens[Organism]' target='_blank'>C6orf141</a>",0.521427276012771,6.59705487228351,4.70232291150377,2.58572614159201e-06,8.3123876419808e-05,4.07060981226271,"<a href='https://www.ncbi.nlm.nih.gov/gene?term=C6orf141[Gene Name] AND Homo sapiens[Organism]' target='_blank'>C6orf141</a>"
"203797_at","<a href='https://www.ncbi.nlm.nih.gov/gene?term=VSNL1[Gene Name] AND Homo sapiens[Organism]' target='_blank'>VSNL1</a>",0.518074879702964,6.64549545047433,4.68761655820276,2.77843206563387e-06,8.8867728644744e-05,4.00229668110675,"<a href='https://www.ncbi.nlm.nih.gov/gene?term=VSNL1[Gene Name] AND Homo sapiens[Organism]' target='_blank'>VSNL1</a>"
"219469_at","<a href='https://www.ncbi.nlm.nih.gov/gene?term=DYNC2H1[Gene Name] AND Homo sapiens[Organism]' target='_blank'>DYNC2H1</a>",0.504639921031237,7.01216661022368,4.67920136874376,2.89482387754708e-06,9.12999597702237e-05,3.96330316656181,"<a href='https://www.ncbi.nlm.nih.gov/gene?term=DYNC2H1[Gene Name] AND Homo sapiens[Organism]' target='_blank'>DYNC2H1</a>"
"210858_x_at","<a href='https://www.ncbi.nlm.nih.gov/gene?term=ATM[Gene Name] AND Homo sapiens[Organism]' target='_blank'>ATM</a>",0.508899624030618,6.71860440158966,4.62715431022732,3.72559005973767e-06,0.000115381487041364,3.72368913803029,"<a href='https://www.ncbi.nlm.nih.gov/gene?term=ATM[Gene Name] AND Homo sapiens[Organism]' target='_blank'>ATM</a>"
"212220_at","<a href='https://www.ncbi.nlm.nih.gov/gene?term=PSME4[Gene Name] AND Homo sapiens[Organism]' target='_blank'>PSME4</a>",0.505571290261331,6.78702571475404,4.61550495916826,3.96113101133441e-06,0.000121775935411557,3.66205606108851,"<a href='https://www.ncbi.nlm.nih.gov/gene?term=PSME4[Gene Name] AND Homo sapiens[Organism]' target='_blank'>PSME4</a>"
"227696_at","<a href='https://www.ncbi.nlm.nih.gov/gene?term=EXOSC6[Gene Name] AND Homo sapiens[Organism]' target='_blank'>EXOSC6</a>",0.508209312278797,6.69811452083027,4.61456105407928,3.95856196301359e-06,0.000121775935411557,3.66611505502235,"<a href='https://www.ncbi.nlm.nih.gov/gene?term=EXOSC6[Gene Name] AND Homo sapiens[Organism]' target='_blank'>EXOSC6</a>"
"204502_at","<a href='https://www.ncbi.nlm.nih.gov/gene?term=SAMHD1[Gene Name] AND Homo sapiens[Organism]' target='_blank'>SAMHD1</a>",0.507461550111389,6.64685315549605,4.5920125978618,4.4110172862011e-06,0.000133980683326194,3.5634195939576,"<a href='https://www.ncbi.nlm.nih.gov/gene?term=SAMHD1[Gene Name] AND Homo sapiens[Organism]' target='_blank'>SAMHD1</a>"
