"probeID","gene_symbol","logFC","AveExpr","t","P.Value","adj.P.Val","B","url"
"209026_x_at","<a href='https://www.ncbi.nlm.nih.gov/gene?term=TUBB[Gene Name] AND Homo sapiens[Organism]' target='_blank'>TUBB</a>",0.967091142609203,10.2812111051664,34.2013929372059,6.12880659824564e-14,3.64173688067756e-10,21.3484716311809,"<a href='https://www.ncbi.nlm.nih.gov/gene?term=TUBB[Gene Name] AND Homo sapiens[Organism]' target='_blank'>TUBB</a>"
"212242_at","<a href='https://www.ncbi.nlm.nih.gov/gene?term=TUBA4A[Gene Name] AND Homo sapiens[Organism]' target='_blank'>TUBA4A</a>",1.23551185820127,8.2961848483812,31.2806753578142,1.89190876921822e-13,7.49448127112979e-10,20.4946197128109,"<a href='https://www.ncbi.nlm.nih.gov/gene?term=TUBA4A[Gene Name] AND Homo sapiens[Organism]' target='_blank'>TUBA4A</a>"
"208977_x_at","<a href='https://www.ncbi.nlm.nih.gov/gene?term=TUBB4B[Gene Name] AND Homo sapiens[Organism]' target='_blank'>TUBB4B</a>",0.771196130021973,10.0086532418702,28.0710377579522,7.39895482541306e-13,1.46548631908681e-09,19.4045147430386,"<a href='https://www.ncbi.nlm.nih.gov/gene?term=TUBB4B[Gene Name] AND Homo sapiens[Organism]' target='_blank'>TUBB4B</a>"
"223940_x_at","<a href='https://www.ncbi.nlm.nih.gov/gene?term=MALAT1[Gene Name] AND Homo sapiens[Organism]' target='_blank'>MALAT1</a>",-0.630351891744215,11.0049638218402,-26.4174768086124,1.58672603140808e-12,2.35708151965671e-09,18.7695999628459,"<a href='https://www.ncbi.nlm.nih.gov/gene?term=MALAT1[Gene Name] AND Homo sapiens[Organism]' target='_blank'>MALAT1</a>"
"211750_x_at","<a href='https://www.ncbi.nlm.nih.gov/gene?term=TUBA1C[Gene Name] AND Homo sapiens[Organism]' target='_blank'>TUBA1C</a>",0.542533688575991,11.8199674665925,25.7087389951334,3.16555985868667e-12,3.41995576005748e-09,18.1490260769839,"<a href='https://www.ncbi.nlm.nih.gov/gene?term=TUBA1C[Gene Name] AND Homo sapiens[Organism]' target='_blank'>TUBA1C</a>"
"202154_x_at","<a href='https://www.ncbi.nlm.nih.gov/gene?term=TUBB3[Gene Name] AND Homo sapiens[Organism]' target='_blank'>TUBB3</a>",0.79516913796623,8.87330968323466,21.766101213864,1.78863884472432e-11,1.41707893538026e-08,16.6493536467852,"<a href='https://www.ncbi.nlm.nih.gov/gene?term=TUBB3[Gene Name] AND Homo sapiens[Organism]' target='_blank'>TUBB3</a>"
"220295_x_at","<a href='https://www.ncbi.nlm.nih.gov/gene?term=DEPDC1[Gene Name] AND Homo sapiens[Organism]' target='_blank'>DEPDC1</a>",-0.794810874765975,8.29741630998024,-20.2581246866282,4.36698919993347e-11,3.24358122825058e-08,15.8331744626097,"<a href='https://www.ncbi.nlm.nih.gov/gene?term=DEPDC1[Gene Name] AND Homo sapiens[Organism]' target='_blank'>DEPDC1</a>"
"221577_x_at","<a href='https://www.ncbi.nlm.nih.gov/gene?term=GDF15[Gene Name] AND Homo sapiens[Organism]' target='_blank'>GDF15</a>",-0.899261795181425,7.61692920287606,-19.5482265382165,6.79540815348961e-11,4.75039002918062e-08,15.4228177116101,"<a href='https://www.ncbi.nlm.nih.gov/gene?term=GDF15[Gene Name] AND Homo sapiens[Organism]' target='_blank'>GDF15</a>"
"223578_x_at","<a href='https://www.ncbi.nlm.nih.gov/gene?term=TALAM1[Gene Name] AND Homo sapiens[Organism]' target='_blank'>TALAM1</a>",-0.846758752498372,7.94076014469384,-18.5196021282312,1.32562368932298e-10,8.7520621799524e-08,14.7956534807597,"<a href='https://www.ncbi.nlm.nih.gov/gene?term=TALAM1[Gene Name] AND Homo sapiens[Organism]' target='_blank'>TALAM1</a>"
"204141_at","<a href='https://www.ncbi.nlm.nih.gov/gene?term=TUBB2A[Gene Name] AND Homo sapiens[Organism]' target='_blank'>TUBB2A</a>",0.845085759396641,8.00159630102837,17.5588459522338,2.99191676772402e-10,1.69313994607773e-07,14.0241254675043,"<a href='https://www.ncbi.nlm.nih.gov/gene?term=TUBB2A[Gene Name] AND Homo sapiens[Organism]' target='_blank'>TUBB2A</a>"
"205150_s_at","<a href='https://www.ncbi.nlm.nih.gov/gene?term=TRIL[Gene Name] AND Homo sapiens[Organism]' target='_blank'>TRIL</a>",0.696815654821057,8.15803304842382,17.1052524984271,3.52372829808174e-10,1.90345395883652e-07,13.8641038357579,"<a href='https://www.ncbi.nlm.nih.gov/gene?term=TRIL[Gene Name] AND Homo sapiens[Organism]' target='_blank'>TRIL</a>"
"221200_at","<a href='https://www.ncbi.nlm.nih.gov/gene?term=ERVK3-2[Gene Name] AND Homo sapiens[Organism]' target='_blank'>ERVK3-2</a>",-0.883471671145107,7.84429289922692,-17.3510127718944,3.85372216327749e-10,1.99120148645172e-07,13.7841351661146,"<a href='https://www.ncbi.nlm.nih.gov/gene?term=ERVK3-2[Gene Name] AND Homo sapiens[Organism]' target='_blank'>ERVK3-2</a>"
"232238_at","<a href='https://www.ncbi.nlm.nih.gov/gene?term=ASPM[Gene Name] AND Homo sapiens[Organism]' target='_blank'>ASPM</a>",-0.768503781726054,7.49250185203212,-16.4931907000929,5.50666526038968e-10,2.61764839817884e-07,13.4336612173709,"<a href='https://www.ncbi.nlm.nih.gov/gene?term=ASPM[Gene Name] AND Homo sapiens[Organism]' target='_blank'>ASPM</a>"
"223484_at","<a href='https://www.ncbi.nlm.nih.gov/gene?term=C15orf48[Gene Name] AND Homo sapiens[Organism]' target='_blank'>C15orf48</a>",-0.501010408331776,9.48826228754039,-15.8483227768849,8.96261822638743e-10,3.80399125008529e-07,12.960697433977,"<a href='https://www.ncbi.nlm.nih.gov/gene?term=C15orf48[Gene Name] AND Homo sapiens[Organism]' target='_blank'>C15orf48</a>"
"203757_s_at","<a href='https://www.ncbi.nlm.nih.gov/gene?term=CEACAM6[Gene Name] AND Homo sapiens[Organism]' target='_blank'>CEACAM6</a>",-0.785027910235121,7.42172601496751,-15.5286188925534,1.14877976268599e-09,4.55069956658677e-07,12.7184198063125,"<a href='https://www.ncbi.nlm.nih.gov/gene?term=CEACAM6[Gene Name] AND Homo sapiens[Organism]' target='_blank'>CEACAM6</a>"
"228049_x_at","<a href='https://www.ncbi.nlm.nih.gov/gene?term=SNHG19[Gene Name] AND Homo sapiens[Organism]' target='_blank'>SNHG19</a>",0.640745129618214,7.95591593930195,14.9969690231698,1.75403338662947e-09,6.20772973479043e-07,12.3034817412357,"<a href='https://www.ncbi.nlm.nih.gov/gene?term=SNHG19[Gene Name] AND Homo sapiens[Organism]' target='_blank'>SNHG19</a>"
"208191_x_at","<a href='https://www.ncbi.nlm.nih.gov/gene?term=PSG4[Gene Name] AND Homo sapiens[Organism]' target='_blank'>PSG4</a>",-0.644370582954475,7.89341634168193,-14.805485966137,2.04964333455546e-09,6.8872283002087e-07,12.1502144814091,"<a href='https://www.ncbi.nlm.nih.gov/gene?term=PSG4[Gene Name] AND Homo sapiens[Organism]' target='_blank'>PSG4</a>"
"207761_s_at","<a href='https://www.ncbi.nlm.nih.gov/gene?term=TMT1A[Gene Name] AND Homo sapiens[Organism]' target='_blank'>TMT1A</a>",0.505420435236184,9.39152579899896,14.4104170577141,2.89821130393392e-09,9.0637745094607e-07,11.8094309033827,"<a href='https://www.ncbi.nlm.nih.gov/gene?term=TMT1A[Gene Name] AND Homo sapiens[Organism]' target='_blank'>TMT1A</a>"
"219978_s_at","<a href='https://www.ncbi.nlm.nih.gov/gene?term=NUSAP1[Gene Name] AND Homo sapiens[Organism]' target='_blank'>NUSAP1</a>",-0.536799899646326,8.54503719073296,-14.246561036686,3.26360706664296e-09,9.23547402950192e-07,11.6907324722898,"<a href='https://www.ncbi.nlm.nih.gov/gene?term=NUSAP1[Gene Name] AND Homo sapiens[Organism]' target='_blank'>NUSAP1</a>"
"221582_at","<a href='https://www.ncbi.nlm.nih.gov/gene?term=H2AC25[Gene Name] AND Homo sapiens[Organism]' target='_blank'>H2AC25</a>",0.778123591989187,6.88602045314772,14.2387218118259,3.28534713300404e-09,9.23547402950192e-07,11.6841562296366,"<a href='https://www.ncbi.nlm.nih.gov/gene?term=H2AC25[Gene Name] AND Homo sapiens[Organism]' target='_blank'>H2AC25</a>"
"223254_s_at","<a href='https://www.ncbi.nlm.nih.gov/gene?term=G2E3[Gene Name] AND Homo sapiens[Organism]' target='_blank'>G2E3</a>",-0.663378831253273,7.89353308942016,-14.3030074274388,3.11155533792384e-09,9.23547402950192e-07,11.7379751885836,"<a href='https://www.ncbi.nlm.nih.gov/gene?term=G2E3[Gene Name] AND Homo sapiens[Organism]' target='_blank'>G2E3</a>"
"201170_s_at","<a href='https://www.ncbi.nlm.nih.gov/gene?term=BHLHE40[Gene Name] AND Homo sapiens[Organism]' target='_blank'>BHLHE40</a>",-0.622991285756106,8.37831265501081,-14.2035253276096,3.59290862447609e-09,9.27791326346804e-07,11.5992713987039,"<a href='https://www.ncbi.nlm.nih.gov/gene?term=BHLHE40[Gene Name] AND Homo sapiens[Organism]' target='_blank'>BHLHE40</a>"
"219995_s_at","<a href='https://www.ncbi.nlm.nih.gov/gene?term=ZNF750[Gene Name] AND Homo sapiens[Organism]' target='_blank'>ZNF750</a>",0.681937627133345,7.27556826553241,14.1388570243924,3.57632782554754e-09,9.27791326346804e-07,11.6000540241989,"<a href='https://www.ncbi.nlm.nih.gov/gene?term=ZNF750[Gene Name] AND Homo sapiens[Organism]' target='_blank'>ZNF750</a>"
"225239_at","<a href='https://www.ncbi.nlm.nih.gov/gene?term=NEAT1[Gene Name] AND Homo sapiens[Organism]' target='_blank'>NEAT1</a>",-0.757764226462936,7.10487178790483,-14.1644587987513,3.49918363575105e-09,9.27791326346804e-07,11.6216727544877,"<a href='https://www.ncbi.nlm.nih.gov/gene?term=NEAT1[Gene Name] AND Homo sapiens[Organism]' target='_blank'>NEAT1</a>"
"208257_x_at","<a href='https://www.ncbi.nlm.nih.gov/gene?term=PSG1[Gene Name] AND Homo sapiens[Organism]' target='_blank'>PSG1</a>",-0.666634927201217,7.21348544724798,-13.7950008208494,4.80986143848671e-09,1.120792026176e-06,11.3057604586409,"<a href='https://www.ncbi.nlm.nih.gov/gene?term=PSG1[Gene Name] AND Homo sapiens[Organism]' target='_blank'>PSG1</a>"
"235425_at","<a href='https://www.ncbi.nlm.nih.gov/gene?term=SGO2[Gene Name] AND Homo sapiens[Organism]' target='_blank'>SGO2</a>",-0.565706161827932,8.14212068922556,-13.80293865012,4.77672035050572e-09,1.120792026176e-06,11.3126378062275,"<a href='https://www.ncbi.nlm.nih.gov/gene?term=SGO2[Gene Name] AND Homo sapiens[Organism]' target='_blank'>SGO2</a>"
"239657_x_at","<a href='https://www.ncbi.nlm.nih.gov/gene?term=FOXO6[Gene Name] AND Homo sapiens[Organism]' target='_blank'>FOXO6</a>",0.553477182536911,8.33025846315179,13.4422430529031,6.5635287838038e-09,1.3684381766092e-06,10.9960346918359,"<a href='https://www.ncbi.nlm.nih.gov/gene?term=FOXO6[Gene Name] AND Homo sapiens[Organism]' target='_blank'>FOXO6</a>"
"223059_s_at","<a href='https://www.ncbi.nlm.nih.gov/gene?term=FAM107B[Gene Name] AND Homo sapiens[Organism]' target='_blank'>FAM107B</a>",-0.531192364644928,8.42074012809301,-12.9463826061493,1.02862647404632e-08,1.97164468025265e-06,10.5466754710625,"<a href='https://www.ncbi.nlm.nih.gov/gene?term=FAM107B[Gene Name] AND Homo sapiens[Organism]' target='_blank'>FAM107B</a>"
"1552680_a_at","<a href='https://www.ncbi.nlm.nih.gov/gene?term=KNL1[Gene Name] AND Homo sapiens[Organism]' target='_blank'>KNL1</a>",-0.596264710242623,7.49188454708849,-12.905186994362,1.06846317607396e-08,2.01549466420047e-06,10.5085827547754,"<a href='https://www.ncbi.nlm.nih.gov/gene?term=KNL1[Gene Name] AND Homo sapiens[Organism]' target='_blank'>KNL1</a>"
"216450_x_at","<a href='https://www.ncbi.nlm.nih.gov/gene?term=HSP90B1[Gene Name] AND Homo sapiens[Organism]' target='_blank'>HSP90B1</a>",-0.538830748344029,7.9328569593618,-12.3699152949713,1.76775675554107e-08,3.04464076563045e-06,10.0025807880555,"<a href='https://www.ncbi.nlm.nih.gov/gene?term=HSP90B1[Gene Name] AND Homo sapiens[Organism]' target='_blank'>HSP90B1</a>"
"219410_at","<a href='https://www.ncbi.nlm.nih.gov/gene?term=TMEM45A[Gene Name] AND Homo sapiens[Organism]' target='_blank'>TMEM45A</a>",-0.514066329759185,8.07226381592182,-12.1733108553198,2.13689052102597e-08,3.47874067833871e-06,9.81141946928429,"<a href='https://www.ncbi.nlm.nih.gov/gene?term=TMEM45A[Gene Name] AND Homo sapiens[Organism]' target='_blank'>TMEM45A</a>"
"200906_s_at","<a href='https://www.ncbi.nlm.nih.gov/gene?term=PALLD[Gene Name] AND Homo sapiens[Organism]' target='_blank'>PALLD</a>",-0.558580771268152,7.85667438831305,-11.8957027232583,2.80560827027878e-08,4.16773108549913e-06,9.53644740297035,"<a href='https://www.ncbi.nlm.nih.gov/gene?term=PALLD[Gene Name] AND Homo sapiens[Organism]' target='_blank'>PALLD</a>"
"201090_x_at","<a href='https://www.ncbi.nlm.nih.gov/gene?term=TUBA1B[Gene Name] AND Homo sapiens[Organism]' target='_blank'>TUBA1B</a>",0.521149126163095,11.8308789855745,17.2110571608133,3.11869576367785e-08,4.46537113922259e-06,9.69450684231288,"<a href='https://www.ncbi.nlm.nih.gov/gene?term=TUBA1B[Gene Name] AND Homo sapiens[Organism]' target='_blank'>TUBA1B</a>"
"216598_s_at","<a href='https://www.ncbi.nlm.nih.gov/gene?term=CCL2[Gene Name] AND Homo sapiens[Organism]' target='_blank'>CCL2</a>",-0.613973893024086,8.40255195671913,-11.9833449670787,4.01042379027275e-08,5.12471788425821e-06,9.21753110002458,"<a href='https://www.ncbi.nlm.nih.gov/gene?term=CCL2[Gene Name] AND Homo sapiens[Organism]' target='_blank'>CCL2</a>"
"205003_at","<a href='https://www.ncbi.nlm.nih.gov/gene?term=DOCK4[Gene Name] AND Homo sapiens[Organism]' target='_blank'>DOCK4</a>",0.539041480673018,7.27162855260596,11.3092475381731,5.07787360776379e-08,6.1576989749658e-06,8.93529253868052,"<a href='https://www.ncbi.nlm.nih.gov/gene?term=DOCK4[Gene Name] AND Homo sapiens[Organism]' target='_blank'>DOCK4</a>"
"219637_at","<a href='https://www.ncbi.nlm.nih.gov/gene?term=ARMC9[Gene Name] AND Homo sapiens[Organism]' target='_blank'>ARMC9</a>",0.690089158009752,6.5923127502896,11.2428543388607,5.43939703093211e-08,6.46417943155972e-06,8.86543652610444,"<a href='https://www.ncbi.nlm.nih.gov/gene?term=ARMC9[Gene Name] AND Homo sapiens[Organism]' target='_blank'>ARMC9</a>"
"225496_s_at","<a href='https://www.ncbi.nlm.nih.gov/gene?term=SYTL2[Gene Name] AND Homo sapiens[Organism]' target='_blank'>SYTL2</a>",-0.5336760398642,7.44969321984699,-11.1026518135772,6.29663442739018e-08,6.99338350795372e-06,8.71668121114824,"<a href='https://www.ncbi.nlm.nih.gov/gene?term=SYTL2[Gene Name] AND Homo sapiens[Organism]' target='_blank'>SYTL2</a>"
"226413_at","<a href='https://www.ncbi.nlm.nih.gov/gene?term=LINC00938[Gene Name] AND Homo sapiens[Organism]' target='_blank'>LINC00938</a>",0.698386079081146,6.59534106155498,11.0187755723793,6.87780260122333e-08,7.36358613630072e-06,8.62687400210522,"<a href='https://www.ncbi.nlm.nih.gov/gene?term=LINC00938[Gene Name] AND Homo sapiens[Organism]' target='_blank'>LINC00938</a>"
"228628_at","<a href='https://www.ncbi.nlm.nih.gov/gene?term=SRGAP2B[Gene Name] AND Homo sapiens[Organism]' target='_blank'>SRGAP2B</a>",-0.532869252147542,7.56024929357059,-10.9591185023329,7.32599337567639e-08,7.6370267786437e-06,8.56262331838463,"<a href='https://www.ncbi.nlm.nih.gov/gene?term=SRGAP2B[Gene Name] AND Homo sapiens[Organism]' target='_blank'>SRGAP2B</a>"
"203650_at","<a href='https://www.ncbi.nlm.nih.gov/gene?term=PROCR[Gene Name] AND Homo sapiens[Organism]' target='_blank'>PROCR</a>",0.515100940084793,8.04025480948157,10.8767501543879,8.43139674027313e-08,8.34708731945113e-06,8.42531341121397,"<a href='https://www.ncbi.nlm.nih.gov/gene?term=PROCR[Gene Name] AND Homo sapiens[Organism]' target='_blank'>PROCR</a>"
"235467_s_at","<a href='https://www.ncbi.nlm.nih.gov/gene?term=KCNC4[Gene Name] AND Homo sapiens[Organism]' target='_blank'>KCNC4</a>",0.63377651325044,6.75605187043785,10.8198351112746,8.49880146123853e-08,8.34708731945113e-06,8.41138702877053,"<a href='https://www.ncbi.nlm.nih.gov/gene?term=KCNC4[Gene Name] AND Homo sapiens[Organism]' target='_blank'>KCNC4</a>"
"214046_at","<a href='https://www.ncbi.nlm.nih.gov/gene?term=FUT9[Gene Name] AND Homo sapiens[Organism]' target='_blank'>FUT9</a>",0.569433077323841,7.06205259258146,10.6949483955661,9.72215978318529e-08,9.16969419550588e-06,8.2743015988069,"<a href='https://www.ncbi.nlm.nih.gov/gene?term=FUT9[Gene Name] AND Homo sapiens[Organism]' target='_blank'>FUT9</a>"
"201465_s_at","<a href='https://www.ncbi.nlm.nih.gov/gene?term=JUN[Gene Name] AND Homo sapiens[Organism]' target='_blank'>JUN</a>",-0.51884433027069,7.31653658481073,-10.680127718202,9.87940289049802e-08,9.17240812114676e-06,8.25793924895171,"<a href='https://www.ncbi.nlm.nih.gov/gene?term=JUN[Gene Name] AND Homo sapiens[Organism]' target='_blank'>JUN</a>"
"202545_at","<a href='https://www.ncbi.nlm.nih.gov/gene?term=PRKCD[Gene Name] AND Homo sapiens[Organism]' target='_blank'>PRKCD</a>",0.505951077839943,7.34874352027938,10.6626275306943,1.00685873861077e-07,9.27558856562048e-06,8.23859281650611,"<a href='https://www.ncbi.nlm.nih.gov/gene?term=PRKCD[Gene Name] AND Homo sapiens[Organism]' target='_blank'>PRKCD</a>"
"212368_at","<a href='https://www.ncbi.nlm.nih.gov/gene?term=ZNF292[Gene Name] AND Homo sapiens[Organism]' target='_blank'>ZNF292</a>",-0.507803656114491,7.30160454138213,-10.6121746672721,1.06360364070043e-07,9.57734306740525e-06,8.18266006800668,"<a href='https://www.ncbi.nlm.nih.gov/gene?term=ZNF292[Gene Name] AND Homo sapiens[Organism]' target='_blank'>ZNF292</a>"
"224428_s_at","<a href='https://www.ncbi.nlm.nih.gov/gene?term=CDCA7[Gene Name] AND Homo sapiens[Organism]' target='_blank'>CDCA7</a>",0.512480748605947,7.76989071647194,10.5656545074469,1.13487418506651e-07,9.9167976583312e-06,8.11808277191406,"<a href='https://www.ncbi.nlm.nih.gov/gene?term=CDCA7[Gene Name] AND Homo sapiens[Organism]' target='_blank'>CDCA7</a>"
"237395_at","<a href='https://www.ncbi.nlm.nih.gov/gene?term=CYP4Z1[Gene Name] AND Homo sapiens[Organism]' target='_blank'>CYP4Z1</a>",0.676610681239124,6.38969280951566,10.4656146450852,1.24874281929205e-07,1.06763019168826e-05,8.01884631470882,"<a href='https://www.ncbi.nlm.nih.gov/gene?term=CYP4Z1[Gene Name] AND Homo sapiens[Organism]' target='_blank'>CYP4Z1</a>"
"226189_at","<a href='https://www.ncbi.nlm.nih.gov/gene?term=ITGB8[Gene Name] AND Homo sapiens[Organism]' target='_blank'>ITGB8</a>",-0.52596337687913,7.51655830327052,-10.4528294746707,1.26645572100845e-07,1.07503998489032e-05,8.0044610035922,"<a href='https://www.ncbi.nlm.nih.gov/gene?term=ITGB8[Gene Name] AND Homo sapiens[Organism]' target='_blank'>ITGB8</a>"
"1564630_at","<a href='https://www.ncbi.nlm.nih.gov/gene?term=EDN1[Gene Name] AND Homo sapiens[Organism]' target='_blank'>EDN1</a>",-0.59195447383624,6.72631547011432,-10.2597156792266,1.56936564500136e-07,1.23512194206597e-05,7.78529696561423,"<a href='https://www.ncbi.nlm.nih.gov/gene?term=EDN1[Gene Name] AND Homo sapiens[Organism]' target='_blank'>EDN1</a>"
"229420_at","<a href='https://www.ncbi.nlm.nih.gov/gene?term=LINC02067[Gene Name] AND Homo sapiens[Organism]' target='_blank'>LINC02067</a>",-0.669747347592774,7.18536587257026,-10.4061599771062,1.63841297601506e-07,1.26822995461526e-05,7.76548978342543,"<a href='https://www.ncbi.nlm.nih.gov/gene?term=LINC02067[Gene Name] AND Homo sapiens[Organism]' target='_blank'>LINC02067</a>"
"1553111_a_at","<a href='https://www.ncbi.nlm.nih.gov/gene?term=KBTBD6[Gene Name] AND Homo sapiens[Organism]' target='_blank'>KBTBD6</a>",0.607741275358524,6.69863639688279,10.1331674348329,1.80933499847843e-07,1.35233566804513e-05,7.63973849602822,"<a href='https://www.ncbi.nlm.nih.gov/gene?term=KBTBD6[Gene Name] AND Homo sapiens[Organism]' target='_blank'>KBTBD6</a>"
"209747_at","<a href='https://www.ncbi.nlm.nih.gov/gene?term=TGFB3[Gene Name] AND Homo sapiens[Organism]' target='_blank'>TGFB3</a>",0.58786956602119,6.82096128829355,10.0943570481162,1.89057357341064e-07,1.39411797234117e-05,7.59478582478733,"<a href='https://www.ncbi.nlm.nih.gov/gene?term=TGFB3[Gene Name] AND Homo sapiens[Organism]' target='_blank'>TGFB3</a>"
"206500_s_at","<a href='https://www.ncbi.nlm.nih.gov/gene?term=MIS18BP1[Gene Name] AND Homo sapiens[Organism]' target='_blank'>MIS18BP1</a>",-0.538429462189515,7.38718587868593,-10.0869882739743,1.97669283208724e-07,1.42369803736514e-05,7.55358305040573,"<a href='https://www.ncbi.nlm.nih.gov/gene?term=MIS18BP1[Gene Name] AND Homo sapiens[Organism]' target='_blank'>MIS18BP1</a>"
"209921_at","<a href='https://www.ncbi.nlm.nih.gov/gene?term=SLC7A11[Gene Name] AND Homo sapiens[Organism]' target='_blank'>SLC7A11</a>",-0.520204046899717,7.04643819892589,-10.0341207971955,2.02448315306147e-07,1.43395620556951e-05,7.5247235176335,"<a href='https://www.ncbi.nlm.nih.gov/gene?term=SLC7A11[Gene Name] AND Homo sapiens[Organism]' target='_blank'>SLC7A11</a>"
"219221_at","<a href='https://www.ncbi.nlm.nih.gov/gene?term=ZBTB38[Gene Name] AND Homo sapiens[Organism]' target='_blank'>ZBTB38</a>",-0.568994819016049,7.46960914564053,-10.1811610847913,2.00905785607678e-07,1.43395620556951e-05,7.5517355106911,"<a href='https://www.ncbi.nlm.nih.gov/gene?term=ZBTB38[Gene Name] AND Homo sapiens[Organism]' target='_blank'>ZBTB38</a>"
"223666_at","<a href='https://www.ncbi.nlm.nih.gov/gene?term=SNX5[Gene Name] AND Homo sapiens[Organism]' target='_blank'>SNX5</a>",0.53805575060569,7.46667596117762,10.1047700198562,2.05390437296137e-07,1.44429583244218e-05,7.52145805716892,"<a href='https://www.ncbi.nlm.nih.gov/gene?term=SNX5[Gene Name] AND Homo sapiens[Organism]' target='_blank'>SNX5</a>"
"212044_s_at","<a href='https://www.ncbi.nlm.nih.gov/gene?term=RPL27A[Gene Name] AND Homo sapiens[Organism]' target='_blank'>RPL27A</a>",-0.542880695772446,7.16501067509607,-9.99033490944551,2.15653743515468e-07,1.48140409707389e-05,7.46163626855364,"<a href='https://www.ncbi.nlm.nih.gov/gene?term=RPL27A[Gene Name] AND Homo sapiens[Organism]' target='_blank'>RPL27A</a>"
"229538_s_at","<a href='https://www.ncbi.nlm.nih.gov/gene?term=IQGAP3[Gene Name] AND Homo sapiens[Organism]' target='_blank'>IQGAP3</a>",-0.542416988479938,7.33903562895187,-10.0314438955815,2.17432411363062e-07,1.48503837737852e-05,7.45997323105855,"<a href='https://www.ncbi.nlm.nih.gov/gene?term=IQGAP3[Gene Name] AND Homo sapiens[Organism]' target='_blank'>IQGAP3</a>"
"227140_at","<a href='https://www.ncbi.nlm.nih.gov/gene?term=INHBA[Gene Name] AND Homo sapiens[Organism]' target='_blank'>INHBA</a>",-0.703617752465242,6.50324892183133,-10.0617521180866,2.19507677058623e-07,1.48693062666997e-05,7.45560649168012,"<a href='https://www.ncbi.nlm.nih.gov/gene?term=INHBA[Gene Name] AND Homo sapiens[Organism]' target='_blank'>INHBA</a>"
"229512_at","<a href='https://www.ncbi.nlm.nih.gov/gene?term=FAM120C[Gene Name] AND Homo sapiens[Organism]' target='_blank'>FAM120C</a>",0.521741499003586,6.99117608150332,9.9456920709075,2.23976100108091e-07,1.50380337496302e-05,7.42121970702369,"<a href='https://www.ncbi.nlm.nih.gov/gene?term=FAM120C[Gene Name] AND Homo sapiens[Organism]' target='_blank'>FAM120C</a>"
"235476_at","<a href='https://www.ncbi.nlm.nih.gov/gene?term=TRIM59[Gene Name] AND Homo sapiens[Organism]' target='_blank'>TRIM59</a>",-0.513503654654008,7.07480545416677,-9.7638711209116,2.76320989253645e-07,1.72016199546586e-05,7.20593995197542,"<a href='https://www.ncbi.nlm.nih.gov/gene?term=TRIM59[Gene Name] AND Homo sapiens[Organism]' target='_blank'>TRIM59</a>"
"221667_s_at","<a href='https://www.ncbi.nlm.nih.gov/gene?term=HSPB8[Gene Name] AND Homo sapiens[Organism]' target='_blank'>HSPB8</a>",-0.57022145139791,6.94390577384811,-9.74112043740292,2.87409758068517e-07,1.75410827608116e-05,7.16721469700971,"<a href='https://www.ncbi.nlm.nih.gov/gene?term=HSPB8[Gene Name] AND Homo sapiens[Organism]' target='_blank'>HSPB8</a>"
"206378_at","<a href='https://www.ncbi.nlm.nih.gov/gene?term=SCGB2A2[Gene Name] AND Homo sapiens[Organism]' target='_blank'>SCGB2A2</a>",-0.849970347182627,7.23023843036437,-11.5896140040428,2.9096805054607e-07,1.75526107243122e-05,7.37750417490158,"<a href='https://www.ncbi.nlm.nih.gov/gene?term=SCGB2A2[Gene Name] AND Homo sapiens[Organism]' target='_blank'>SCGB2A2</a>"
"117_at","<a href='https://www.ncbi.nlm.nih.gov/gene?term=HSPA6[Gene Name] AND Homo sapiens[Organism]' target='_blank'>HSPA6</a>",-0.525039844513799,7.1464771339592,-9.62307696081064,3.29960125076983e-07,1.89401804278893e-05,7.02555330836391,"<a href='https://www.ncbi.nlm.nih.gov/gene?term=HSPA6[Gene Name] AND Homo sapiens[Organism]' target='_blank'>HSPA6</a>"
"235174_s_at","<a href='https://www.ncbi.nlm.nih.gov/gene?term=LINC01003[Gene Name] AND Homo sapiens[Organism]' target='_blank'>LINC01003</a>",0.631661874878055,6.64644737240821,9.61806666931382,3.43139129472831e-07,1.9418406736453e-05,6.98964311621377,"<a href='https://www.ncbi.nlm.nih.gov/gene?term=LINC01003[Gene Name] AND Homo sapiens[Organism]' target='_blank'>LINC01003</a>"
"223422_s_at","<a href='https://www.ncbi.nlm.nih.gov/gene?term=ARHGAP24[Gene Name] AND Homo sapiens[Organism]' target='_blank'>ARHGAP24</a>",0.557175553925397,6.78208200757436,9.38956117742368,4.29966425769699e-07,2.30167612785906e-05,6.75204393072677,"<a href='https://www.ncbi.nlm.nih.gov/gene?term=ARHGAP24[Gene Name] AND Homo sapiens[Organism]' target='_blank'>ARHGAP24</a>"
"205602_x_at","<a href='https://www.ncbi.nlm.nih.gov/gene?term=PSG7[Gene Name] AND Homo sapiens[Organism]' target='_blank'>PSG7</a>",-0.539594161939521,6.64269067602446,-9.30464512966766,4.76227268864341e-07,2.45063006460175e-05,6.64701576987586,"<a href='https://www.ncbi.nlm.nih.gov/gene?term=PSG7[Gene Name] AND Homo sapiens[Organism]' target='_blank'>PSG7</a>"
"202935_s_at","<a href='https://www.ncbi.nlm.nih.gov/gene?term=SOX9[Gene Name] AND Homo sapiens[Organism]' target='_blank'>SOX9</a>",-0.63270004038082,7.22427166387377,-9.50941028652474,6.12117021687002e-07,2.92144525531258e-05,6.45475495505202,"<a href='https://www.ncbi.nlm.nih.gov/gene?term=SOX9[Gene Name] AND Homo sapiens[Organism]' target='_blank'>SOX9</a>"
"230300_at","<a href='https://www.ncbi.nlm.nih.gov/gene?term=PSMA5[Gene Name] AND Homo sapiens[Organism]' target='_blank'>PSMA5</a>",0.560258717294438,6.96516859444456,9.20515399257448,6.09080202077702e-07,2.92144525531258e-05,6.4109960385879,"<a href='https://www.ncbi.nlm.nih.gov/gene?term=PSMA5[Gene Name] AND Homo sapiens[Organism]' target='_blank'>PSMA5</a>"
"212915_at","<a href='https://www.ncbi.nlm.nih.gov/gene?term=PDZRN3[Gene Name] AND Homo sapiens[Organism]' target='_blank'>PDZRN3</a>",0.558003012310566,6.77869394033871,9.04552981663747,6.61092275445055e-07,3.0519715616635e-05,6.311232262224,"<a href='https://www.ncbi.nlm.nih.gov/gene?term=PDZRN3[Gene Name] AND Homo sapiens[Organism]' target='_blank'>PDZRN3</a>"
"211600_at","<a href='https://www.ncbi.nlm.nih.gov/gene?term=PTPRO[Gene Name] AND Homo sapiens[Organism]' target='_blank'>PTPRO</a>",-0.528083521697132,9.21993157690535,-10.5594819890194,7.81332799170156e-07,3.37649417648659e-05,6.37802017814803,"<a href='https://www.ncbi.nlm.nih.gov/gene?term=PTPRO[Gene Name] AND Homo sapiens[Organism]' target='_blank'>PTPRO</a>"
"214805_at","<a href='https://www.ncbi.nlm.nih.gov/gene?term=EIF4A1[Gene Name] AND Homo sapiens[Organism]' target='_blank'>EIF4A1</a>",-0.505971974739492,6.66096894810806,-8.68013263801706,1.03263760828182e-06,3.99735027258019e-05,5.85019862122989,"<a href='https://www.ncbi.nlm.nih.gov/gene?term=EIF4A1[Gene Name] AND Homo sapiens[Organism]' target='_blank'>EIF4A1</a>"
"205161_s_at","<a href='https://www.ncbi.nlm.nih.gov/gene?term=PEX11A[Gene Name] AND Homo sapiens[Organism]' target='_blank'>PEX11A</a>",0.545105684278377,6.58258880755156,8.40627660463926,1.48466613985103e-06,4.86873213559715e-05,5.47729580727326,"<a href='https://www.ncbi.nlm.nih.gov/gene?term=PEX11A[Gene Name] AND Homo sapiens[Organism]' target='_blank'>PEX11A</a>"
"204677_at","<a href='https://www.ncbi.nlm.nih.gov/gene?term=CDH5[Gene Name] AND Homo sapiens[Organism]' target='_blank'>CDH5</a>",-0.521972778110038,6.65609186540021,-8.36170510371285,1.55682929733476e-06,5.01393288249372e-05,5.426720398996,"<a href='https://www.ncbi.nlm.nih.gov/gene?term=CDH5[Gene Name] AND Homo sapiens[Organism]' target='_blank'>CDH5</a>"
"225521_at","<a href='https://www.ncbi.nlm.nih.gov/gene?term=ANAPC7[Gene Name] AND Homo sapiens[Organism]' target='_blank'>ANAPC7</a>",0.559896252054251,6.59844607228873,8.18806530196376,2.20845920173315e-06,6.2638017072546e-05,5.08428765180813,"<a href='https://www.ncbi.nlm.nih.gov/gene?term=ANAPC7[Gene Name] AND Homo sapiens[Organism]' target='_blank'>ANAPC7</a>"
"236957_at","<a href='https://www.ncbi.nlm.nih.gov/gene?term=CDCA2[Gene Name] AND Homo sapiens[Organism]' target='_blank'>CDCA2</a>",-0.553236376985441,6.46304426673963,-8.03812117135877,2.41448496151591e-06,6.56253703380793e-05,4.97510394765841,"<a href='https://www.ncbi.nlm.nih.gov/gene?term=CDCA2[Gene Name] AND Homo sapiens[Organism]' target='_blank'>CDCA2</a>"
"1555905_a_at","<a href='https://www.ncbi.nlm.nih.gov/gene?term=TCAIM[Gene Name] AND Homo sapiens[Organism]' target='_blank'>TCAIM</a>",0.516547269631321,7.19318075844344,7.65419667080206,5.87224249510253e-06,0.000118481714451271,4.11639916161337,"<a href='https://www.ncbi.nlm.nih.gov/gene?term=TCAIM[Gene Name] AND Homo sapiens[Organism]' target='_blank'>TCAIM</a>"
"202028_s_at","<a href='https://www.ncbi.nlm.nih.gov/gene?term=RPL38[Gene Name] AND Homo sapiens[Organism]' target='_blank'>RPL38</a>",-0.502454268958374,8.61666591594834,-8.55370752164554,8.94262506063529e-06,0.000156515693992032,3.93057505636594,"<a href='https://www.ncbi.nlm.nih.gov/gene?term=RPL38[Gene Name] AND Homo sapiens[Organism]' target='_blank'>RPL38</a>"
"238856_s_at","<a href='https://www.ncbi.nlm.nih.gov/gene?term=PANK2[Gene Name] AND Homo sapiens[Organism]' target='_blank'>PANK2</a>",0.502085698675205,6.56844777268298,7.04137885323521,1.06794717037596e-05,0.000176270613510388,3.45278739576827,"<a href='https://www.ncbi.nlm.nih.gov/gene?term=PANK2[Gene Name] AND Homo sapiens[Organism]' target='_blank'>PANK2</a>"
"204602_at","<a href='https://www.ncbi.nlm.nih.gov/gene?term=DKK1[Gene Name] AND Homo sapiens[Organism]' target='_blank'>DKK1</a>",-0.542182995034959,6.82768433390769,-6.1339218194413,0.000137772045375205,0.000991052478183523,1.05416571258519,"<a href='https://www.ncbi.nlm.nih.gov/gene?term=DKK1[Gene Name] AND Homo sapiens[Organism]' target='_blank'>DKK1</a>"
"222438_at","<a href='https://www.ncbi.nlm.nih.gov/gene?term=MED4[Gene Name] AND Homo sapiens[Organism]' target='_blank'>MED4</a>",0.50830364345549,6.84667053768163,5.64345264099583,0.000292329415679065,0.00169879842343766,0.289982061042088,"<a href='https://www.ncbi.nlm.nih.gov/gene?term=MED4[Gene Name] AND Homo sapiens[Organism]' target='_blank'>MED4</a>"
"204580_at","<a href='https://www.ncbi.nlm.nih.gov/gene?term=MMP12[Gene Name] AND Homo sapiens[Organism]' target='_blank'>MMP12</a>",-0.676994604646191,7.23486826709144,-5.48425306072159,0.0024631682851327,0.00841399594725986,-1.41088529211353,"<a href='https://www.ncbi.nlm.nih.gov/gene?term=MMP12[Gene Name] AND Homo sapiens[Organism]' target='_blank'>MMP12</a>"
"211074_at","<a href='https://www.ncbi.nlm.nih.gov/gene?term=FOLR1[Gene Name] AND Homo sapiens[Organism]' target='_blank'>FOLR1</a>",-0.614404792270698,6.91603992545876,-3.84703228601204,0.0150490967856171,0.0345791697989701,-3.30370663326887,"<a href='https://www.ncbi.nlm.nih.gov/gene?term=FOLR1[Gene Name] AND Homo sapiens[Organism]' target='_blank'>FOLR1</a>"
"213350_at","<a href='https://www.ncbi.nlm.nih.gov/gene?term=RPS11[Gene Name] AND Homo sapiens[Organism]' target='_blank'>RPS11</a>",-0.516892676163507,7.7839257121149,-3.56518724889641,0.0235782034178773,0.0497431864757774,-3.71612926443971,"<a href='https://www.ncbi.nlm.nih.gov/gene?term=RPS11[Gene Name] AND Homo sapiens[Organism]' target='_blank'>RPS11</a>"
