"probeID","gene_symbol","logFC","AveExpr","t","P.Value","adj.P.Val","B","url"
"209026_x_at","<a href='https://www.ncbi.nlm.nih.gov/gene?term=TUBB[Gene Name] AND Homo sapiens[Organism]' target='_blank'>TUBB</a>",0.813530825860264,10.4055459603786,13.6877467768688,2.71311943744973e-06,0.00957731161419754,5.02191273035569,"<a href='https://www.ncbi.nlm.nih.gov/gene?term=TUBB[Gene Name] AND Homo sapiens[Organism]' target='_blank'>TUBB</a>"
"212242_at","<a href='https://www.ncbi.nlm.nih.gov/gene?term=TUBA4A[Gene Name] AND Homo sapiens[Organism]' target='_blank'>TUBA4A</a>",0.897718801035684,8.00992011050461,11.3145754309069,9.72163461949994e-06,0.0121284676499144,4.02859738345215,"<a href='https://www.ncbi.nlm.nih.gov/gene?term=TUBA4A[Gene Name] AND Homo sapiens[Organism]' target='_blank'>TUBA4A</a>"
"214710_s_at","<a href='https://www.ncbi.nlm.nih.gov/gene?term=CCNB1[Gene Name] AND Homo sapiens[Organism]' target='_blank'>CCNB1</a>",-0.606506557187815,9.90486351468849,-11.2908986942102,9.85801346923953e-06,0.0121284676499144,4.01715161466383,"<a href='https://www.ncbi.nlm.nih.gov/gene?term=CCNB1[Gene Name] AND Homo sapiens[Organism]' target='_blank'>CCNB1</a>"
"214805_at","<a href='https://www.ncbi.nlm.nih.gov/gene?term=EIF4A1[Gene Name] AND Homo sapiens[Organism]' target='_blank'>EIF4A1</a>",-1.34560636177791,6.73239623749608,-12.6239077623622,4.67699542951692e-06,0.0121284676499144,4.61186490306587,"<a href='https://www.ncbi.nlm.nih.gov/gene?term=EIF4A1[Gene Name] AND Homo sapiens[Organism]' target='_blank'>EIF4A1</a>"
"230256_at","<a href='https://www.ncbi.nlm.nih.gov/gene?term=RUSC1-AS1[Gene Name] AND Homo sapiens[Organism]' target='_blank'>RUSC1-AS1</a>",-1.26074812199825,6.6685922554738,-11.0388832801616,1.14527550990693e-05,0.0121284676499144,3.89318085028744,"<a href='https://www.ncbi.nlm.nih.gov/gene?term=RUSC1-AS1[Gene Name] AND Homo sapiens[Organism]' target='_blank'>RUSC1-AS1</a>"
"207165_at","<a href='https://www.ncbi.nlm.nih.gov/gene?term=HMMR[Gene Name] AND Homo sapiens[Organism]' target='_blank'>HMMR</a>",-0.700817244462343,9.33485558388721,-9.93582240267924,2.29439678270141e-05,0.0136898790950989,3.30101741661689,"<a href='https://www.ncbi.nlm.nih.gov/gene?term=HMMR[Gene Name] AND Homo sapiens[Organism]' target='_blank'>HMMR</a>"
"224558_s_at","<a href='https://www.ncbi.nlm.nih.gov/gene?term=MALAT1[Gene Name] AND Homo sapiens[Organism]' target='_blank'>MALAT1</a>",-0.91261201135147,8.23004612488248,-10.5463374477374,1.54936961561857e-05,0.0136898790950989,3.63912272787268,"<a href='https://www.ncbi.nlm.nih.gov/gene?term=MALAT1[Gene Name] AND Homo sapiens[Organism]' target='_blank'>MALAT1</a>"
"225987_at","<a href='https://www.ncbi.nlm.nih.gov/gene?term=STEAP4[Gene Name] AND Homo sapiens[Organism]' target='_blank'>STEAP4</a>",-0.57776491923771,10.2766666165238,-10.3041100834485,1.8060470601695e-05,0.0136898790950989,3.50816901415333,"<a href='https://www.ncbi.nlm.nih.gov/gene?term=STEAP4[Gene Name] AND Homo sapiens[Organism]' target='_blank'>STEAP4</a>"
"240452_at","<a href='https://www.ncbi.nlm.nih.gov/gene?term=GSPT1[Gene Name] AND Homo sapiens[Organism]' target='_blank'>GSPT1</a>",-1.54281908774378,6.09903844231194,-9.9145487040266,2.32689163089499e-05,0.0136898790950989,3.28874489659655,"<a href='https://www.ncbi.nlm.nih.gov/gene?term=GSPT1[Gene Name] AND Homo sapiens[Organism]' target='_blank'>GSPT1</a>"
"242550_at","<a href='https://www.ncbi.nlm.nih.gov/gene?term=EIF3B[Gene Name] AND Homo sapiens[Organism]' target='_blank'>EIF3B</a>",-1.03943037955748,6.88226954294449,-10.3148902888774,1.79364571128469e-05,0.0136898790950989,3.51408455093117,"<a href='https://www.ncbi.nlm.nih.gov/gene?term=EIF3B[Gene Name] AND Homo sapiens[Organism]' target='_blank'>EIF3B</a>"
"204962_s_at","<a href='https://www.ncbi.nlm.nih.gov/gene?term=CENPA[Gene Name] AND Homo sapiens[Organism]' target='_blank'>CENPA</a>",-0.713270671413857,9.04589850263908,-9.68092885704906,2.72031288894682e-05,0.0149075541555126,3.15169494184661,"<a href='https://www.ncbi.nlm.nih.gov/gene?term=CENPA[Gene Name] AND Homo sapiens[Organism]' target='_blank'>CENPA</a>"
"228613_at","<a href='https://www.ncbi.nlm.nih.gov/gene?term=RAB11FIP3[Gene Name] AND Homo sapiens[Organism]' target='_blank'>RAB11FIP3</a>",-1.05836398982976,6.6137164310806,-9.63019973533317,2.81540210680124e-05,0.0149075541555126,3.12137453341965,"<a href='https://www.ncbi.nlm.nih.gov/gene?term=RAB11FIP3[Gene Name] AND Homo sapiens[Organism]' target='_blank'>RAB11FIP3</a>"
"228049_x_at","<a href='https://www.ncbi.nlm.nih.gov/gene?term=SNHG19[Gene Name] AND Homo sapiens[Organism]' target='_blank'>SNHG19</a>",0.764294488325555,7.72672337394183,9.40723203234888,3.28058495308389e-05,0.0165435212634088,2.98567017587819,"<a href='https://www.ncbi.nlm.nih.gov/gene?term=SNHG19[Gene Name] AND Homo sapiens[Organism]' target='_blank'>SNHG19</a>"
"201170_s_at","<a href='https://www.ncbi.nlm.nih.gov/gene?term=BHLHE40[Gene Name] AND Homo sapiens[Organism]' target='_blank'>BHLHE40</a>",-0.768577596044684,7.92889872274603,-8.58289749660144,5.94204727372655e-05,0.0188807730169129,2.4473273302705,"<a href='https://www.ncbi.nlm.nih.gov/gene?term=BHLHE40[Gene Name] AND Homo sapiens[Organism]' target='_blank'>BHLHE40</a>"
"203108_at","<a href='https://www.ncbi.nlm.nih.gov/gene?term=GPRC5A[Gene Name] AND Homo sapiens[Organism]' target='_blank'>GPRC5A</a>",-0.795447362304618,7.88979728767359,-8.72903848936997,5.32958953123608e-05,0.0188807730169129,2.54718212800021,"<a href='https://www.ncbi.nlm.nih.gov/gene?term=GPRC5A[Gene Name] AND Homo sapiens[Organism]' target='_blank'>GPRC5A</a>"
"204092_s_at","<a href='https://www.ncbi.nlm.nih.gov/gene?term=AURKA[Gene Name] AND Homo sapiens[Organism]' target='_blank'>AURKA</a>",-0.538675271525674,10.23538480379,-8.6666323788122,5.58193333196303e-05,0.0188807730169129,2.50478377654304,"<a href='https://www.ncbi.nlm.nih.gov/gene?term=AURKA[Gene Name] AND Homo sapiens[Organism]' target='_blank'>AURKA</a>"
"205046_at","<a href='https://www.ncbi.nlm.nih.gov/gene?term=CENPE[Gene Name] AND Homo sapiens[Organism]' target='_blank'>CENPE</a>",-0.681008813495414,7.96617420295425,-8.61055669615672,5.82026424305831e-05,0.0188807730169129,2.46637866095856,"<a href='https://www.ncbi.nlm.nih.gov/gene?term=CENPE[Gene Name] AND Homo sapiens[Organism]' target='_blank'>CENPE</a>"
"207828_s_at","<a href='https://www.ncbi.nlm.nih.gov/gene?term=CENPF[Gene Name] AND Homo sapiens[Organism]' target='_blank'>CENPF</a>",-0.585331891032858,9.04896074033505,-8.61053039985112,5.82037867572874e-05,0.0188807730169129,2.46636058239239,"<a href='https://www.ncbi.nlm.nih.gov/gene?term=CENPF[Gene Name] AND Homo sapiens[Organism]' target='_blank'>CENPF</a>"
"208977_x_at","<a href='https://www.ncbi.nlm.nih.gov/gene?term=TUBB4B[Gene Name] AND Homo sapiens[Organism]' target='_blank'>TUBB4B</a>",0.716829469161679,9.697166703809,8.62231171806012,5.76936438473511e-05,0.0188807730169129,2.47445370452075,"<a href='https://www.ncbi.nlm.nih.gov/gene?term=TUBB4B[Gene Name] AND Homo sapiens[Organism]' target='_blank'>TUBB4B</a>"
"222958_s_at","<a href='https://www.ncbi.nlm.nih.gov/gene?term=DEPDC1[Gene Name] AND Homo sapiens[Organism]' target='_blank'>DEPDC1</a>",-0.721210918522669,8.46840823657982,-8.49788122449121,6.33481106516019e-05,0.0191673283371561,2.38831786751801,"<a href='https://www.ncbi.nlm.nih.gov/gene?term=DEPDC1[Gene Name] AND Homo sapiens[Organism]' target='_blank'>DEPDC1</a>"
"202949_s_at","<a href='https://www.ncbi.nlm.nih.gov/gene?term=FHL2[Gene Name] AND Homo sapiens[Organism]' target='_blank'>FHL2</a>",-0.674707813360609,8.20731082860672,-8.12533205401119,8.44063501715418e-05,0.0235227170609639,2.12148459754178,"<a href='https://www.ncbi.nlm.nih.gov/gene?term=FHL2[Gene Name] AND Homo sapiens[Organism]' target='_blank'>FHL2</a>"
"222549_at","<a href='https://www.ncbi.nlm.nih.gov/gene?term=CLDN1[Gene Name] AND Homo sapiens[Organism]' target='_blank'>CLDN1</a>",-0.761813859093541,6.86066834831887,-8.13923309487369,8.34909400829749e-05,0.0235227170609639,2.13168821965032,"<a href='https://www.ncbi.nlm.nih.gov/gene?term=CLDN1[Gene Name] AND Homo sapiens[Organism]' target='_blank'>CLDN1</a>"
"202779_s_at","<a href='https://www.ncbi.nlm.nih.gov/gene?term=UBE2S[Gene Name] AND Homo sapiens[Organism]' target='_blank'>UBE2S</a>",-0.577419492833195,8.67893719937959,-7.85530078255949,0.000104647062862076,0.0273349098618189,1.91933846732384,"<a href='https://www.ncbi.nlm.nih.gov/gene?term=UBE2S[Gene Name] AND Homo sapiens[Organism]' target='_blank'>UBE2S</a>"
"203764_at","<a href='https://www.ncbi.nlm.nih.gov/gene?term=DLGAP5[Gene Name] AND Homo sapiens[Organism]' target='_blank'>DLGAP5</a>",-0.710854707248728,8.80254410494589,-7.81344047351086,0.00010825161880114,0.0273349098618189,1.88731897359097,"<a href='https://www.ncbi.nlm.nih.gov/gene?term=DLGAP5[Gene Name] AND Homo sapiens[Organism]' target='_blank'>DLGAP5</a>"
"206364_at","<a href='https://www.ncbi.nlm.nih.gov/gene?term=KIF14[Gene Name] AND Homo sapiens[Organism]' target='_blank'>KIF14</a>",-0.791420403255912,8.12981490131152,-7.85458411779585,0.000104707622245326,0.0273349098618189,1.91879184617275,"<a href='https://www.ncbi.nlm.nih.gov/gene?term=KIF14[Gene Name] AND Homo sapiens[Organism]' target='_blank'>KIF14</a>"
"232012_at","<a href='https://www.ncbi.nlm.nih.gov/gene?term=CAPN1[Gene Name] AND Homo sapiens[Organism]' target='_blank'>CAPN1</a>",-0.761289793210411,6.8841864743965,-7.77060480125996,0.000112086013670278,0.0276044391806568,1.85435995709208,"<a href='https://www.ncbi.nlm.nih.gov/gene?term=CAPN1[Gene Name] AND Homo sapiens[Organism]' target='_blank'>CAPN1</a>"
"206487_at","<a href='https://www.ncbi.nlm.nih.gov/gene?term=SUN1[Gene Name] AND Homo sapiens[Organism]' target='_blank'>SUN1</a>",-0.907722440055136,6.27323342485064,-7.70805641694726,0.000117963595299636,0.0281952553907087,1.80587906504181,"<a href='https://www.ncbi.nlm.nih.gov/gene?term=SUN1[Gene Name] AND Homo sapiens[Organism]' target='_blank'>SUN1</a>"
"218755_at","<a href='https://www.ncbi.nlm.nih.gov/gene?term=KIF20A[Gene Name] AND Homo sapiens[Organism]' target='_blank'>KIF20A</a>",-0.713860748931948,8.10912240051541,-7.5860323930885,0.000130459633063713,0.0281952553907087,1.71007299738648,"<a href='https://www.ncbi.nlm.nih.gov/gene?term=KIF20A[Gene Name] AND Homo sapiens[Organism]' target='_blank'>KIF20A</a>"
"223381_at","<a href='https://www.ncbi.nlm.nih.gov/gene?term=NUF2[Gene Name] AND Homo sapiens[Organism]' target='_blank'>NUF2</a>",-0.817215564286904,8.68701653387554,-7.60813580801778,0.000128089375203383,0.0281952553907087,1.72754859074653,"<a href='https://www.ncbi.nlm.nih.gov/gene?term=NUF2[Gene Name] AND Homo sapiens[Organism]' target='_blank'>NUF2</a>"
"238756_at","<a href='https://www.ncbi.nlm.nih.gov/gene?term=GAS2L3[Gene Name] AND Homo sapiens[Organism]' target='_blank'>GAS2L3</a>",-0.867244368053808,8.1967652526471,-7.66008956346975,0.000122707102389026,0.0281952553907087,1.76841285621902,"<a href='https://www.ncbi.nlm.nih.gov/gene?term=GAS2L3[Gene Name] AND Homo sapiens[Organism]' target='_blank'>GAS2L3</a>"
"204709_s_at","<a href='https://www.ncbi.nlm.nih.gov/gene?term=KIF23[Gene Name] AND Homo sapiens[Organism]' target='_blank'>KIF23</a>",-0.58229754656894,8.40258606843345,-7.40197982409542,0.000152237304401162,0.0322438610721661,1.56243661464759,"<a href='https://www.ncbi.nlm.nih.gov/gene?term=KIF23[Gene Name] AND Homo sapiens[Organism]' target='_blank'>KIF23</a>"
"219049_at","<a href='https://www.ncbi.nlm.nih.gov/gene?term=CSGALNACT1[Gene Name] AND Homo sapiens[Organism]' target='_blank'>CSGALNACT1</a>",-0.68842752676523,6.91700354642684,-7.29973332100619,0.000166091114656455,0.0331868849851294,1.47875762289522,"<a href='https://www.ncbi.nlm.nih.gov/gene?term=CSGALNACT1[Gene Name] AND Homo sapiens[Organism]' target='_blank'>CSGALNACT1</a>"
"202672_s_at","<a href='https://www.ncbi.nlm.nih.gov/gene?term=ATF3[Gene Name] AND Homo sapiens[Organism]' target='_blank'>ATF3</a>",-0.638859323188239,7.10820642428011,-7.07655524913167,0.000201555229845228,0.0342017520348684,1.29186633401523,"<a href='https://www.ncbi.nlm.nih.gov/gene?term=ATF3[Gene Name] AND Homo sapiens[Organism]' target='_blank'>ATF3</a>"
"203418_at","<a href='https://www.ncbi.nlm.nih.gov/gene?term=CCNA2[Gene Name] AND Homo sapiens[Organism]' target='_blank'>CCNA2</a>",-0.557100488412145,8.31799619367337,-7.06581049064261,0.00020346651352188,0.0342017520348684,1.28271910293467,"<a href='https://www.ncbi.nlm.nih.gov/gene?term=CCNA2[Gene Name] AND Homo sapiens[Organism]' target='_blank'>CCNA2</a>"
"209642_at","<a href='https://www.ncbi.nlm.nih.gov/gene?term=BUB1[Gene Name] AND Homo sapiens[Organism]' target='_blank'>BUB1</a>",-0.658881144698603,8.26653578331254,-7.14529429486609,0.000189795911767176,0.0342017520348684,1.3500576450092,"<a href='https://www.ncbi.nlm.nih.gov/gene?term=BUB1[Gene Name] AND Homo sapiens[Organism]' target='_blank'>BUB1</a>"
"221899_at","<a href='https://www.ncbi.nlm.nih.gov/gene?term=N4BP2L2[Gene Name] AND Homo sapiens[Organism]' target='_blank'>N4BP2L2</a>",-0.788249610855877,6.44569623861856,-7.08987966162317,0.000199213103865533,0.0342017520348684,1.30319038787183,"<a href='https://www.ncbi.nlm.nih.gov/gene?term=N4BP2L2[Gene Name] AND Homo sapiens[Organism]' target='_blank'>N4BP2L2</a>"
"214722_at","<a href='https://www.ncbi.nlm.nih.gov/gene?term=NOTCH2NLA[Gene Name] AND Homo sapiens[Organism]' target='_blank'>NOTCH2NLA</a>",-0.616588717281689,8.27115302989326,-7.00888679342353,0.000213938933952548,0.0354002079774606,1.23402611618455,"<a href='https://www.ncbi.nlm.nih.gov/gene?term=NOTCH2NLA[Gene Name] AND Homo sapiens[Organism]' target='_blank'>NOTCH2NLA</a>"
"224657_at","<a href='https://www.ncbi.nlm.nih.gov/gene?term=ERRFI1[Gene Name] AND Homo sapiens[Organism]' target='_blank'>ERRFI1</a>",-0.501195327634496,8.74923429060557,-6.91927184729704,0.000231678839612658,0.0366190882313142,1.15656876914427,"<a href='https://www.ncbi.nlm.nih.gov/gene?term=ERRFI1[Gene Name] AND Homo sapiens[Organism]' target='_blank'>ERRFI1</a>"
"219544_at","<a href='https://www.ncbi.nlm.nih.gov/gene?term=BORA[Gene Name] AND Homo sapiens[Organism]' target='_blank'>BORA</a>",-0.611721431364076,7.18959281033352,-6.81470148429577,0.000254506561863543,0.0374370298816232,1.06493118302858,"<a href='https://www.ncbi.nlm.nih.gov/gene?term=BORA[Gene Name] AND Homo sapiens[Organism]' target='_blank'>BORA</a>"
"219918_s_at","<a href='https://www.ncbi.nlm.nih.gov/gene?term=ASPM[Gene Name] AND Homo sapiens[Organism]' target='_blank'>ASPM</a>",-0.591768227567435,9.5006079141827,-6.81460230278702,0.000254529381631432,0.0374370298816232,1.06484362021659,"<a href='https://www.ncbi.nlm.nih.gov/gene?term=ASPM[Gene Name] AND Homo sapiens[Organism]' target='_blank'>ASPM</a>"
"206378_at","<a href='https://www.ncbi.nlm.nih.gov/gene?term=SCGB2A2[Gene Name] AND Homo sapiens[Organism]' target='_blank'>SCGB2A2</a>",-0.646119347884687,9.9476161289198,-6.73055350228168,0.000274721690211503,0.0387599800446765,0.99019515829873,"<a href='https://www.ncbi.nlm.nih.gov/gene?term=SCGB2A2[Gene Name] AND Homo sapiens[Organism]' target='_blank'>SCGB2A2</a>"
"218039_at","<a href='https://www.ncbi.nlm.nih.gov/gene?term=NUSAP1[Gene Name] AND Homo sapiens[Organism]' target='_blank'>NUSAP1</a>",-0.579916061084157,9.9475256819933,-6.66168423974616,0.000292615411296931,0.039225281083981,0.928359576374405,"<a href='https://www.ncbi.nlm.nih.gov/gene?term=NUSAP1[Gene Name] AND Homo sapiens[Organism]' target='_blank'>NUSAP1</a>"
"204641_at","<a href='https://www.ncbi.nlm.nih.gov/gene?term=NEK2[Gene Name] AND Homo sapiens[Organism]' target='_blank'>NEK2</a>",-0.600502241534532,9.68277775290892,-6.61431310606135,0.000305683852954555,0.0404649000348592,0.885473065137107,"<a href='https://www.ncbi.nlm.nih.gov/gene?term=NEK2[Gene Name] AND Homo sapiens[Organism]' target='_blank'>NEK2</a>"
"201566_x_at","<a href='https://www.ncbi.nlm.nih.gov/gene?term=ID2[Gene Name] AND Homo sapiens[Organism]' target='_blank'>ID2</a>",0.586560702749999,7.34455733229698,6.58079492369065,0.000315326990799536,0.0410236251810364,0.854952662935268,"<a href='https://www.ncbi.nlm.nih.gov/gene?term=ID2[Gene Name] AND Homo sapiens[Organism]' target='_blank'>ID2</a>"
"205240_at","<a href='https://www.ncbi.nlm.nih.gov/gene?term=GPSM2[Gene Name] AND Homo sapiens[Organism]' target='_blank'>GPSM2</a>",-0.578813507459591,8.60332524832959,-6.57288492978646,0.000317652244083568,0.0410236251810364,0.8477288231352,"<a href='https://www.ncbi.nlm.nih.gov/gene?term=GPSM2[Gene Name] AND Homo sapiens[Organism]' target='_blank'>GPSM2</a>"
"218542_at","<a href='https://www.ncbi.nlm.nih.gov/gene?term=CEP55[Gene Name] AND Homo sapiens[Organism]' target='_blank'>CEP55</a>",-0.562326263232439,8.47009536842698,-6.55849668899113,0.000321931438951941,0.0410753486566392,0.834567783830463,"<a href='https://www.ncbi.nlm.nih.gov/gene?term=CEP55[Gene Name] AND Homo sapiens[Organism]' target='_blank'>CEP55</a>"
"204822_at","<a href='https://www.ncbi.nlm.nih.gov/gene?term=TTK[Gene Name] AND Homo sapiens[Organism]' target='_blank'>TTK</a>",-0.556114349157122,8.51986103333936,-6.53260783307954,0.000329795152856764,0.0415777460565849,0.810818913276709,"<a href='https://www.ncbi.nlm.nih.gov/gene?term=TTK[Gene Name] AND Homo sapiens[Organism]' target='_blank'>TTK</a>"
"223484_at","<a href='https://www.ncbi.nlm.nih.gov/gene?term=C15orf48[Gene Name] AND Homo sapiens[Organism]' target='_blank'>C15orf48</a>",-0.708434208687128,7.35587603791608,-6.50531658369879,0.000338319335497725,0.0421506089755401,0.785688418296586,"<a href='https://www.ncbi.nlm.nih.gov/gene?term=C15orf48[Gene Name] AND Homo sapiens[Organism]' target='_blank'>C15orf48</a>"
"202154_x_at","<a href='https://www.ncbi.nlm.nih.gov/gene?term=TUBB3[Gene Name] AND Homo sapiens[Organism]' target='_blank'>TUBB3</a>",0.693482188670059,8.31704509896612,6.48350682407445,0.000345309534417037,0.0425212554590282,0.765534942813896,"<a href='https://www.ncbi.nlm.nih.gov/gene?term=TUBB3[Gene Name] AND Homo sapiens[Organism]' target='_blank'>TUBB3</a>"
"209408_at","<a href='https://www.ncbi.nlm.nih.gov/gene?term=KIF2C[Gene Name] AND Homo sapiens[Organism]' target='_blank'>KIF2C</a>",-0.598543795459319,8.76305118409623,-6.45794129907233,0.000353710849079667,0.0425658851335644,0.741830906309901,"<a href='https://www.ncbi.nlm.nih.gov/gene?term=KIF2C[Gene Name] AND Homo sapiens[Organism]' target='_blank'>KIF2C</a>"
"225300_at","<a href='https://www.ncbi.nlm.nih.gov/gene?term=KNSTRN[Gene Name] AND Homo sapiens[Organism]' target='_blank'>KNSTRN</a>",-0.528206700393095,8.54093939456172,-6.46049948704401,0.000352859926718761,0.0425658851335644,0.744206723680526,"<a href='https://www.ncbi.nlm.nih.gov/gene?term=KNSTRN[Gene Name] AND Homo sapiens[Organism]' target='_blank'>KNSTRN</a>"
"202870_s_at","<a href='https://www.ncbi.nlm.nih.gov/gene?term=CDC20[Gene Name] AND Homo sapiens[Organism]' target='_blank'>CDC20</a>",-0.564444297974614,8.60752975342182,-6.37210562560006,0.000383642950087205,0.0446459213343242,0.661609110788119,"<a href='https://www.ncbi.nlm.nih.gov/gene?term=CDC20[Gene Name] AND Homo sapiens[Organism]' target='_blank'>CDC20</a>"
"223059_s_at","<a href='https://www.ncbi.nlm.nih.gov/gene?term=FAM107B[Gene Name] AND Homo sapiens[Organism]' target='_blank'>FAM107B</a>",-0.572175302090966,7.5594936889117,-6.33670729521291,0.000396806765205113,0.0451847703604532,0.628238352912649,"<a href='https://www.ncbi.nlm.nih.gov/gene?term=FAM107B[Gene Name] AND Homo sapiens[Organism]' target='_blank'>FAM107B</a>"
