TermID	Name	Value	LogSize	Frequency	Uniqueness	Dispensability	Representative
GO:0000413	protein peptidyl-prolyl isomerization	-2.362216971	1.892094603	0.000189785	0.889126351	0.34747199	null
GO:0002446	neutrophil mediated immunity	-2.362216971	2.968015714	0.002287279	0.882547869	0.46099395	null
GO:0043312	neutrophil degranulation	-2.475625301	2.315970345	0.000507736	0.828187886	0.8551476	2446
GO:0006066	alcohol metabolic process	-2.70431681	5.750577815	1.387868076	0.601302616	0.38392726	null
GO:0008203	cholesterol metabolic process	-1.853649414	4.950739588	0.220042143	0.563515264	0.7263204	6066
GO:0016125	sterol metabolic process	-1.40650746	5.190477373	0.382160428	0.629342308	0.875473	6066
GO:1902652	secondary alcohol metabolic process	-1.708671051	5.17431862	0.368202604	0.640687038	0.76416008	6066
GO:0006091	generation of precursor metabolites and energy	-2.945923826	6.008163529	2.511506147	0.863189606	0.11201641	null
GO:0006520	amino acid metabolic process	-1.336183328	6.338147796	5.369313216	0.845480534	0.09924669	null
GO:0006575	cellular modified amino acid metabolic process	-2.309494795	5.681792803	1.184576307	0.816875848	0.11416934	null
GO:0006790	sulfur compound metabolic process	-2.252018079	6.004983061	2.493180803	0.863300996	0.11315615	null
GO:0008202	steroid metabolic process	-2.149671853	5.373590518	0.582585704	0.690250582	0.44218517	null
GO:0009100	glycoprotein metabolic process	-1.435122946	5.589183049	0.957090648	0.785766807	0.20761601	null
GO:0018208	peptidyl-proline modification	-2.439815898	2.361727836	0.000564425	0.883147021	0.04189327	null
GO:0022900	electron transport chain	-1.853649414	5.52241554	0.820701786	0.87838801	0.09739607	null
GO:0034032	purine nucleoside bisphosphate metabolic process	-2.291359119	5.509515693	0.796682894	0.55102491	0.35914503	null
GO:0009112	nucleobase metabolic process	-1.920422243	5.442380983	0.682575283	0.58266499	0.56347138	34032
GO:0009150	purine ribonucleotide metabolic process	-2.062026989	5.994534905	2.433916126	0.50285228	0.75627924	34032
GO:0009165	nucleotide biosynthetic process	-1.323872814	6.026313815	2.618692767	0.524432497	0.82298571	34032
GO:0009259	ribonucleotide metabolic process	-1.863056922	6.054213427	2.79244216	0.505382354	0.93394899	34032
GO:0033865	nucleoside bisphosphate metabolic process	-2.291359119	5.509515693	0.796682894	0.576690235	0.62223113	34032
GO:0033875	ribonucleoside bisphosphate metabolic process	-2.291359119	5.509515693	0.796682894	0.5627343	0.99203317	34032
GO:0042119	neutrophil activation	-2.362216971	3.543819805	0.008619196	0.841468541	0.00802919	null
GO:0002283	neutrophil activation involved in immune response	-2.451081765	3.143951116	0.003430918	0.829177479	0.93173246	42119
GO:0036230	granulocyte activation	-2.475625301	3.63447727	0.010620565	0.848373785	0.89186582	42119
GO:0042178	xenobiotic catabolic process	-2.191437276	4.522313795	0.082048735	0.75052488	0.49263555	null
GO:0046395	carboxylic acid catabolic process	-5.935542011	5.972390313	2.312922031	0.487036981	0	null
GO:0001676	long-chain fatty acid metabolic process	-1.422807886	4.97675336	0.233625326	0.555830562	0.63652248	46395
GO:0006631	fatty acid metabolic process	-3.49757288	5.895346842	1.936945637	0.476887326	0.57996436	46395
GO:0009062	fatty acid catabolic process	-1.877681706	5.397979962	0.616239266	0.447847333	0.87002476	46395
GO:0009063	amino acid catabolic process	-1.512605311	5.713833979	1.27527628	0.498443261	0.89409151	46395
GO:0016054	organic acid catabolic process	-5.935542011	5.991009318	2.414237641	0.494110037	0.88611306	46395
GO:0044242	cellular lipid catabolic process	-1.708671051	5.623413671	1.035580299	0.559440531	0.66220434	46395
GO:0044282	small molecule catabolic process	-5.316052869	6.11868856	3.239361171	0.571286464	0.58265787	46395
GO:0072329	monocarboxylic acid catabolic process	-3.266000713	5.587708721	0.95384705	0.510347824	0.86324997	46395
GO:1901605	alpha-amino acid metabolic process	-1.33566193	6.200531771	3.911133498	0.545357581	0.63811926	46395
GO:1901568	fatty acid derivative metabolic process	-2.362216971	4.81517913	0.161043658	0.760369287	0.06511849	null
GO:1901570	fatty acid derivative biosynthetic process	-2.062026989	4.548241966	0.087096523	0.767126654	0.37983116	null
GO:1901615	organic hydroxy compound metabolic process	-1.674549404	5.93311408	2.112928085	0.881249321	0.0871057	null
GO:1903008	organelle disassembly	-1.766329809	5.003693128	0.24857644	0.953090185	0.01079369	null
GO:0000422	autophagy of mitochondrion	-1.708671051	3.96736074	0.022860465	0.753609239	0.71019898	1903008
